symbol,company_name,series,trade_date,close_price,market_cap_rs,market_cap_cr,face_value,issue_size,category
20MICRONS.NS,20 MICRONS LTD,EQ,2026-10-01,207.25,7313480404.50,731.35,5.00,35286502,Listed
21STCENMGM.NS,21ST CENTURY MGMT SERVICE,EQ,2026-10-01,38.00,399000000.00,39.90,10.00,10500000,Listed
360ONE.NS,360 ONE WAM LIMITED,EQ,2026-10-01,1040.00,424230768000.00,42423.08,1.00,407914200,Listed
3BBLACKBIO.NS,3B BLACKBIO DX LTD.,EQ,2026-10-01,1646.80,14133940956.00,1413.39,10.00,8582670,Permitted
3IINFOLTD.NS,3I INFOTECH LIMITED,BE,2026-10-01,22.45,4656214569.15,465.62,10.00,207403767,Listed
3MINDIA.NS,3M INDIA LIMITED,EQ,2026-10-01,30795.00,346907830650.00,34690.78,10.00,11265070,Listed
3PLAND.NS,3P LAND HOLDINGS LIMITED,EQ,2026-10-01,31.10,560160000.00,56.02,2.00,18000000,Listed
5PAISA.NS,5PAISA CAPITAL LIMITED,EQ,2026-10-01,316.35,14831202001.95,1483.12,10.00,46882257,Listed
63MOONS.NS,63 MOONS TECHNOLOGIES LTD,EQ,2026-10-01,802.25,36966506308.25,3696.65,2.00,46078537,Listed
A2ZINFRA.NS,A2Z INFRA ENGINEERING LTD,EQ,2026-10-01,14.40,2552771508.05,255.28,10.00,177522358,Listed
AAATECH.NS,AAA TECHNOLOGIES LIMITED,EQ,2026-10-01,92.75,1189557432.00,118.96,10.00,12826800,Listed
AADHARHFC.NS,AADHAR HOUSING FINANCE L,EQ,2026-10-01,448.40,196575491598.80,19657.55,10.00,438393157,Listed
AAKAAR.NS,AAKAAR MEDICAL TECHNO LTD,SM,2026-10-01,65.00,921233040.00,92.12,10.00,14172816,Listed
AAKASH.NS,AAKASH EXPLORATION SER L,EQ,2026-10-01,8.35,844425000.00,84.44,1.00,101250000,Listed
AARADHYA.NS,AARADHYA DISPOSAL INDUS L,ST,2026-10-01,123.05,1739680900.00,173.97,10.00,14138000,Listed
AAREYDRUGS.NS,AAREY DRUGS & PHARM LTD,EQ,2026-10-01,103.85,2944594366.55,294.46,10.00,28354303,Listed
AARNAV.NS,AARNAV FASHIONS LIMITED,BE,2026-10-01,35.50,1499471294.00,149.95,10.00,42238628,Listed
AARON.NS,AARON INDUSTRIES LIMITED,EQ,2026-10-01,123.10,2578720906.60,257.87,10.00,20946478,Listed
AARTECH.NS,AARTECH SOLONICS LIMITED,BE,2026-10-01,47.90,1522436370.00,152.24,5.00,31770375,Listed
AARTIDRUGS.NS,AARTI DRUGS LTD.,EQ,2026-10-01,421.00,38424670000.00,3842.47,10.00,91270000,Listed
AARTIIND.NS,AARTI INDUSTRIES LTD,EQ,2026-10-01,465.10,168642697764.10,16864.27,5.00,362594491,Listed
AARTIPHARM.NS,AARTI PHARMALABS LIMITED,EQ,2026-10-01,968.50,87823398890.50,8782.34,5.00,90679813,Listed
AARTISURF.NS,AARTI SURFACTANTS LIMITED,BE,2026-10-01,498.50,4222746142.50,422.27,10.00,8470905,Listed
AARVI.NS,AARVI ENCON LIMITED,EQ,2026-10-01,137.10,2035422992.00,203.54,10.00,14844100,Listed
AASTHA.NS,AASTHA SPINTEX LIMITED,EQ,2026-10-01,32.45,2864828131.00,286.48,10.00,88284380,Listed
AATMAJ.NS,AATMAJ HEALTHCARE LIMITED,SM,2026-10-01,20.00,452000000.00,45.20,5.00,22600000,Listed
AAVAS.NS,AAVAS FINANCIERS LIMITED,EQ,2026-10-01,1190.90,94431614024.30,9443.16,10.00,79294327,Listed
ABAN.NS,ABAN OFFSHORE LTD.,BE,2026-10-01,15.35,896491361.30,89.65,2.00,58365323,Listed
ABANSENT.NS,ABANS ENTERPRISES LTD.,EQ,2026-10-01,27.60,1925069088.00,192.51,2.00,69748880,Permitted
ABB.NS,ABB INDIA LIMITED,EQ,2026-10-01,6900.00,1462167787500.00,146216.78,2.00,211908375,Listed
ABBOTINDIA.NS,ABBOTT INDIA LIMITED,EQ,2026-10-01,26840.00,570331265680.00,57033.13,10.00,21249302,Permitted
ABCAPITAL.NS,ADITYA BIRLA CAPITAL LTD.,EQ,2026-10-01,375.05,1026784475345.20,102678.45,10.00,2737726904,Listed
ABCOTS.NS,A B COTSPIN INDIA LIMITED,EQ,2026-10-01,189.90,4171111074.20,417.11,10.00,21963620,Listed
ABDL.NS,ALLIED BLEND N DISTILS L,EQ,2026-10-01,679.45,190049062096.95,19004.91,2.00,279710151,Listed
ABFRL.NS,ADITYA BIRLA FASHION & RT,EQ,2026-10-01,44.55,54349315420.95,5434.93,10.00,1220510115,Listed
ABGSEC.NS,,,2026-10-01,,,,,,
ABH.NS,ABH HEALTHCARE LIMITED,SM,2026-10-01,41.45,473756920.00,47.38,10.00,11429600,Listed
ABHAPOWER.NS,ABHA POWER N STEEL LTD,SM,2026-10-01,23.85,443319745.50,44.33,10.00,18587830,Listed
ABINFRA.NS,A B INFRABUILD LIMITED,BE,2026-10-01,12.55,8023194361.60,802.32,1.00,638789360,Listed
ABLBL.NS,ADITYA BIRLA LIFES BRAN L,EQ,2026-10-01,74.45,90855631551.55,9085.56,10.00,1220521649,Listed
ABMINTLLTD.NS,ABM INTERNATIONAL LTD,BE,2026-10-01,45.20,425241600.00,42.52,10.00,9408000,Listed
ABMKNO.NS,A B M KNOWLEDGEWARE LTD.,EQ,2026-10-01,168.05,3361769754.00,336.18,5.00,20002200,Permitted
ABREL.NS,ADITYA BIRLA REAL EST LTD,EQ,2026-10-01,1100.50,122921095840.00,12292.11,10.00,111695680,Listed
ABSL10BANK.NS,,,2026-10-01,,,,,,
ABSLAMC.NS,ADIT BIRL SUN LIF AMC LTD,EQ,2026-10-01,991.70,286956822466.60,28695.68,5.00,289358498,Listed
ABSLBANETF.NS,,,2026-10-01,,,,,,
ABSLLIQUID.NS,,,2026-10-01,,,,,,
ABSLMSCIN.NS,,,2026-10-01,,,,,,
ABSLNN50ET.NS,,,2026-10-01,,,,,,
ABSLPSE.NS,,,2026-10-01,,,,,,
ABSMARINE.NS,ABS MARINE SERVICES LTD,SM,2026-10-01,330.70,8118685000.00,811.87,10.00,24550000,Listed
ACC.NS,ACC LIMITED,EQ,2026-10-01,1182.80,222114774676.40,22211.48,10.00,187787263,Listed
ACCELYA.NS,ACCELYA SOLN INDIA LTD,EQ,2026-10-01,1094.20,16332314786.20,1633.23,10.00,14926261,Listed
ACCENTMIC.NS,ACCENT MICROCELL LIMITED,SM,2026-10-01,669.90,16070244498.00,1607.02,10.00,23989020,Listed
ACCPL.NS,ACCRETION PHARMA LIMITED,ST,2026-10-01,203.30,2259882800.00,225.99,10.00,11116000,Listed
ACCURACY.NS,ACCURACY SHIPPING LIMITED,BE,2026-10-01,4.15,621812800.00,62.18,1.00,150560000,Listed
ACE.NS,ACTION CONST EQUIP LTD,EQ,2026-10-01,1212.30,144364558510.80,14436.46,2.00,119083196,Listed
ACEINTEG.NS,ACE INTEGRATED SOLU. LTD.,EQ,2026-10-01,17.15,174828000.00,17.48,10.00,10200000,Listed
ACETEC.NS,ACETECH E-COMMERCE LTD,SM,2026-10-01,140.00,2293722900.00,229.37,10.00,16383735,Listed
ACGL.NS,AUTOMOBILE CORPN OF GOA L,EQ,2026-10-01,1622.70,9880006919.40,988.00,10.00,6088622,Permitted
ACI.NS,ARCHEAN CHEMICAL IND LTD,EQ,2026-10-01,475.05,58648910069.70,5864.89,2.00,123458394,Listed
ACL.NS,ANDHRA CEMENTS LIMITED,EQ,2026-10-01,39.35,3625130266.20,362.51,10.00,92172140,Listed
ACMESOLAR.NS,ACME SOLAR HOLDINGS LTD,EQ,2026-10-01,432.55,305758494036.80,30575.85,2.00,706874336,Listed
ACSTECH.NS,A C S TECHNOLOGIES LTD.,BE,2026-10-01,77.85,4724063182.80,472.41,10.00,60681608,Permitted
ACUTAAS.NS,ACUTAAS CHEMICALS LIMITED,EQ,2026-10-01,3196.50,261701041473.00,26170.10,5.00,81871122,Listed
ADANIENSOL.NS,ADANI ENERGY SOLUTION LTD,EQ,2026-10-01,1326.40,1622126806355.20,162212.68,10.00,1222954468,Listed
ADANIENT.NS,ADANI ENTERPRISES LIMITED,EQ,2026-10-01,2816.80,3812342125390.40,381234.21,1.00,1353430178,Listed
ADANIGREEN.NS,ADANI GREEN ENERGY LTD,EQ,2026-10-01,1276.10,2101961491395.50,210196.15,10.00,1647176155,Listed
ADANIPORTS.NS,ADANI PORT & SEZ LTD,EQ,2026-10-01,1737.80,4003820120504.40,400382.01,2.00,2303959098,Listed
ADANIPOWER.NS,ADANI POWER LTD,EQ,2026-10-01,196.20,3783849948068.05,378384.99,2.00,19284694705,Listed
ADDICTIVE.NS,ADDICTIVE LEARNING TECH L,ST,2026-10-01,41.00,652299012.00,65.23,10.00,15909732,Listed
ADDIND.NS,ADDI INDUSTRIES LTD.,EQ,2026-10-01,76.40,824858253.60,82.49,5.00,10796574,Permitted
ADFFOODS.NS,ADF FOODS LIMITED,EQ,2026-10-01,281.40,30915615633.00,3091.56,2.00,109863595,Listed
ADISOFT.NS,ADISOFT TECHNOLOGIES LTD,SM,2026-10-01,248.65,4057470700.00,405.75,10.00,16318000,Listed
ADL.NS,ARCHIDPLY DECOR LIMITED,EQ,2026-10-01,72.50,403664450.00,40.37,10.00,5566250,Listed
ADOR.NS,ADOR WELDING LTD,EQ,2026-10-01,1570.40,27329380676.00,2732.94,10.00,17402815,Listed
ADROITINFO.NS,ADROIT INFOTECH LIMITED,BE,2026-10-01,13.95,761521568.80,76.15,10.00,54628520,Listed
ADSL.NS,ALLIED DIGITAL SERV. LTD,EQ,2026-10-01,106.40,6026491147.15,602.65,5.00,56650603,Listed
ADVAIT.NS,ADVAIT ENRGY TRANSITION L,EQ,2026-10-01,1863.00,20400570981.00,2040.06,10.00,10950387,Listed
ADVANCE.NS,ADVANCE AGROLIFE LIMITED,EQ,2026-10-01,116.75,7505357810.00,750.54,10.00,64285720,Listed
ADVANIHOTR.NS,ADVANI HOT.& RES.(I) LTD,EQ,2026-10-01,47.00,4342760730.00,434.28,2.00,92438500,Listed
ADVENTHTL.NS,ADVENT HOTELS INTERNATI L,EQ,2026-10-01,123.75,6676511124.00,667.65,10.00,53942887,Listed
ADVENZYMES.NS,ADVANCED ENZYME TECH LTD,EQ,2026-10-01,274.25,30483195208.50,3048.32,2.00,111151122,Listed
ADVIKCA.NS,ADVIK CAPITAL LTD.,EQ,2026-10-01,1.00,608520425.00,60.85,1.00,608520425,Permitted
AEGISLOG.NS,AEGIS LOGISTICS LIMITED,EQ,2026-10-01,1401.10,491786100000.00,49178.61,1.00,351000000,Listed
AEGISVOPAK.NS,AEGIS VOPAK TERMINALS LTD,EQ,2026-10-01,290.75,322148525426.75,32214.85,10.00,1107991489,Listed
AEPL.NS,ARTEMIS ELECTRICALS & P L,EQ,2026-10-01,15.35,3850906046.00,385.09,1.00,251036900,Listed
AEQUS.NS,AEQUS LIMITED,EQ,2026-10-01,275.05,184466582906.75,18446.66,10.00,670665635,Listed
AEROENTER.NS,AEROFLEX ENTERPRISES LTD,EQ,2026-10-01,121.95,13798110906.00,1379.81,2.00,113164200,Listed
AEROFLEX.NS,AEROFLEX INDUSTRIES LTD,EQ,2026-10-01,521.35,68990645896.80,6899.06,2.00,132330768,Listed
AERONEU.NS,AEROFLEX NEU LIMITED,EQ,2026-10-01,70.55,1820165760.00,182.02,10.00,25796000,Listed
AEROPLANE.NS,AMIR CHAND JAG KUM (E) L,EQ,2026-10-01,208.15,21553220865.85,2155.32,10.00,103551556,Listed
AESTHETIK.NS,AESTHETIK ENGINEERS LTD,SM,2026-10-01,65.10,1121033392.50,112.10,10.00,17220175,Listed
AETHER.NS,AETHER INDUSTRIES LIMITED,EQ,2026-10-01,1670.00,221655501150.00,22165.55,10.00,132727845,Listed
AFCONS.NS,AFCONS INFRASTRUCTURE LTD,EQ,2026-10-01,242.40,89147316708.10,8914.73,10.00,367784631,Listed
AFFLE.NS,AFFLE 3I LIMITED,EQ,2026-10-01,1449.60,204218755046.40,20421.88,2.00,140879384,Listed
AFFORDABLE.NS,AFFORD ROBO & AUTO LTD,EQ,2026-10-01,168.10,1992289261.55,199.23,10.00,11851105,Listed
AFIL.NS,AKME FINTRADE (INDIA) LTD,EQ,2026-10-01,7.85,3456434685.60,345.64,1.00,439749960,Listed
AFSL.NS,ABANS FINANCIAL SRVCS LTD,EQ,2026-10-01,201.00,10218791559.00,1021.88,2.00,50839759,Listed
AGARIND.NS,AGARWAL INDS CORP LTD.,EQ,2026-10-01,386.00,5773706554.00,577.37,10.00,14957789,Listed
AGARWALEYE.NS,DR AGARWALS HEALTH CARE L,EQ,2026-10-01,486.45,154217386720.35,15421.74,1.00,317026183,Listed
AGARWALFT.NS,AGARWAL FLOAT GLASS I LTD,SM,2026-10-01,26.90,194849827.20,19.48,10.00,7243488,Listed
AGARWALTUF.NS,AGARWAL TOUGH GLASS IND L,SM,2026-10-01,171.45,3313522595.70,331.35,10.00,19326466,Listed
AGI.NS,AGI GREENPAC LIMITED,EQ,2026-10-01,790.80,51162688894.80,5116.27,2.00,64697381,Listed
AGIIL.NS,AGI INFRA LIMITED,EQ,2026-10-01,260.00,32499320880.00,3249.93,1.00,124997388,Listed
AGL.NS,ALLCARGO GLOBAL LIMITED,EQ,2026-10-01,12.60,12373226588.65,1237.32,2.00,982782096,Listed
AGNI.NS,AGNI GREEN POWER LTD,SM,2026-10-01,14.55,284231340.00,28.42,10.00,19534800,Listed
AGRITECH.NS,AGRI-TECH (INDIA) LIMITED,EQ,2026-10-01,89.95,534362400.00,53.44,10.00,5940000,Listed
AGROPHOS.NS,AGRO PHOS INDIA LIMITED,EQ,2026-10-01,23.00,466304645.00,46.63,10.00,20274115,Listed
AGSTRA.NS,AGS TRANSACT TECH LTD,BZ,2026-10-01,2.55,326220013.05,32.62,10.00,128433076,Listed
AHCL.NS,ANLON HEALTHCARE LIMITED,EQ,2026-10-01,32.85,17465582900.00,1746.56,2.00,531515000,Listed
AHLADA.NS,AHLADA ENGINEERS LIMITED,EQ,2026-10-01,37.05,478852260.00,47.89,10.00,12921000,Listed
AHLEAST.NS,ASIAN HOTELS (EAST) LTD,EQ,2026-10-01,136.00,2351670656.00,235.17,10.00,17291696,Listed
AHLUCONT.NS,AHLUWALIA CONT IND LTD,EQ,2026-10-01,555.90,37238384604.00,3723.84,2.00,66987560,Listed
AHLWEST.NS,ASIAN HOTELS (WEST) LTD,BE,2026-10-01,535.05,6233979910.50,623.40,10.00,11651210,Listed
AIAENG.NS,AIA ENGINEERING LIMITED,EQ,2026-10-01,3824.40,356894423028.00,35689.44,2.00,93320370,Listed
AIIL.NS,AUTHUM INVEST & INFRA LTD,EQ,2026-10-01,539.30,457987312150.00,45798.73,1.00,849225500,Listed
AILIMITED.NS,ABHISHEK INTEGRATIONS LTD,SM,2026-10-01,14.85,188240679.00,18.82,10.00,12676140,Listed
AIMTRON.NS,AIMTRON ELECTRONICS LTD,SM,2026-10-01,1898.85,39574610739.45,3957.46,10.00,20841357,Listed
AIRAN.NS,AIRAN LIMITED,EQ,2026-10-01,15.60,1950312000.00,195.03,2.00,125020000,Listed
AIROLAM.NS,AIRO LAM LIMITED,EQ,2026-10-01,89.60,1343879160.00,134.39,10.00,15002000,Listed
AISL.NS,ANI INTEGRATED SERV LTD.,SM,2026-10-01,66.85,781289320.00,78.13,10.00,11687200,Listed
AJANTPHARM.NS,AJANTA PHARMA LIMITED,EQ,2026-10-01,3581.00,447478264944.00,44747.83,2.00,124959024,Listed
AJAXENGG.NS,AJAX ENGINEERING LIMITED,EQ,2026-10-01,586.40,67088147520.00,6708.81,1.00,114406800,Listed
AJMERA.NS,AJMERA REALTY & INF I LTD,EQ,2026-10-01,119.60,23536759740.00,2353.68,2.00,196795650,Listed
AJOONI.NS,AJOONI BIOTECH LIMITED,EQ,2026-10-01,3.10,533955153.80,53.40,2.00,172243598,Listed
AKANKSHA.NS,AKANKSHA POWER N INFRA L,SM,2026-10-01,169.35,3315961062.00,331.60,10.00,19580520,Listed
AKASH.NS,AKASH INFRA-PROJECTS LTD,EQ,2026-10-01,24.95,420720223.30,42.07,10.00,16862534,Listed
AKCAPIT.NS,A K CAPITAL SERVICES LTD.,EQ,2026-10-01,1714.10,11313060000.00,1131.31,10.00,6600000,Permitted
AKG.NS,AKG EXIM LIMITED,EQ,2026-10-01,9.70,308550552.95,30.86,10.00,31776576,Listed
AKI.NS,AKI INDIA LIMITED,BE,2026-10-01,6.15,635748688.95,63.57,2.00,103205956,Listed
AKIKO.NS,AKIKO GLOBAL SERVICES L,SM,2026-10-01,415.50,4474768800.00,447.48,10.00,10769600,Listed
AKSHAR.NS,AKSHAR SPINTEX LIMITED,EQ,2026-10-01,0.40,322862085.00,32.29,1.00,787468500,Listed
AKSHARCHEM.NS,AKSHARCHEM INDIA LIMITED,BE,2026-10-01,379.10,3045347830.90,304.53,10.00,8033099,Listed
AKSHOPTFBR.NS,AKSH OPTIFIBRE  LTD,BE,2026-10-01,7.05,1150274654.95,115.03,5.00,162697971,Listed
AKUMS.NS,AKUMS DRUGS AND PHARMA L,EQ,2026-10-01,813.10,127977051642.80,12797.71,2.00,157393988,Listed
ALANKIT.NS,ALANKIT LIMITED,EQ,2026-10-01,7.65,2074359465.00,207.44,1.00,271158100,Listed
ALBERTDAVD.NS,ALBERT DAVID LIMITED,EQ,2026-10-01,856.70,4889325685.40,488.93,10.00,5707162,Listed
ALEMBICLTD.NS,ALEMBIC LIMITED,EQ,2026-10-01,104.10,26733556113.10,2673.36,2.00,256781828,Listed
ALFREDHE.NS,ALFRED HERBERT INDIA L,EQ,2026-10-01,2823.00,2177744067.00,217.77,10.00,771429,Permitted
ALGOQUANT.NS,ALGOQUANT FINTECH LIMITED,EQ,2026-10-01,67.50,18976792850.30,1897.68,1.00,281096028,Listed
ALICON.NS,ALICON CASTALLOY LIMITED,EQ,2026-10-01,871.95,14310303888.00,1431.03,5.00,16411840,Listed
ALIVUS.NS,ALIVUS LIFE SCIENCES LTD,EQ,2026-10-01,1374.20,168712523841.60,16871.25,2.00,122771448,Listed
ALKALI.NS,ALKALI METALS LTD,BE,2026-10-01,87.10,886896272.60,88.69,10.00,10182506,Listed
ALKEM.NS,ALKEM LABORATORIES LTD.,EQ,2026-10-01,5220.00,624129300000.00,62412.93,2.00,119565000,Listed
ALKYLAMINE.NS,ALKYL AMINES CHEM. LTD,EQ,2026-10-01,1741.40,89069517273.60,8906.95,2.00,51148224,Listed
ALLCARGO.NS,ALLCARGO LOGISTICS LTD,EQ,2026-10-01,10.10,15157518106.30,1515.75,2.00,1497778469,Listed
ALLDIGI.NS,ALLDIGI TECH LIMITED,EQ,2026-10-01,756.35,11525507870.10,1152.55,10.00,15238326,Listed
ALLETEC.NS,ALL E TECHNOLOGIES LTD,SM,2026-10-01,122.70,2477825395.20,247.78,10.00,20194176,Listed
ALLTIME.NS,ALL TIME PLASTICS LIMITED,EQ,2026-10-01,188.05,12318082575.10,1231.81,2.00,65507778,Listed
ALMONDZ.NS,ALMONDZ GLOBAL SEC LTD,BE,2026-10-01,19.10,3342334337.15,334.23,1.00,174899756,Listed
ALOKINDS.NS,ALOK INDUSTRIES LIMITED,EQ,2026-10-01,7.05,35054597231.05,3505.46,1.00,4965240401,Listed
ALPA.NS,ALPA LABORATORIES LTD,EQ,2026-10-01,59.25,1246865956.00,124.69,10.00,21040600,Listed
ALPEXSOLAR.NS,ALPEX SOLAR LIMITED,SM,2026-10-01,823.20,21026997600.00,2102.70,10.00,25543000,Listed
ALPHA.NS,,,2026-10-01,,,,,,
ALPHAETF.NS,,,2026-10-01,,,,,,
ALPHAGEO.NS,ALPHAGEO (INDIA) LIMITED,BE,2026-10-01,258.20,1643382839.40,164.34,10.00,6364767,Listed
ALPINETEX.NS,ALPINE TEXWORLD LIMITED,EQ,2026-10-01,46.65,1783457610.00,178.35,10.00,38247000,Listed
ALPL30IETF.NS,,,2026-10-01,,,,,,
ALUFLUOR.NS,ALUFLUORIDE LTD.,EQ,2026-10-01,633.80,4956621491.60,495.66,10.00,7820482,Permitted
ALUWIND.NS,ALUWIND INFRA-TECH LTD,SM,2026-10-01,48.00,1192676160.00,119.27,10.00,24847420,Listed
AMAGI.NS,AMAGI MEDIA LABS LIMITED,EQ,2026-10-01,554.05,121975881568.10,12197.59,5.00,220153202,Listed
AMAL.NS,AMAL LTD.,EQ,2026-10-01,702.40,8683533788.80,868.35,10.00,12362662,Permitted
AMANTA.NS,AMANTA HEALTHCARE LIMITED,BE,2026-10-01,190.40,7393108430.40,739.31,10.00,38829351,Listed
AMARJOTHI.NS,AMARJOTHI SPINNING MILL L,EQ,2026-10-01,150.00,1012500000.00,101.25,10.00,6750000,Permitted
AMBAAUTO.NS,AMBA AUTO SALES AND SER L,SM,2026-10-01,108.50,1988154000.00,198.82,10.00,18324000,Listed
AMBALALSA.NS,AMBALAL SARABHAI ENT L,BE,2026-10-01,37.90,2903635585.45,290.36,10.00,76633296,Permitted
AMBANIORGO.NS,AMBANI ORGOCHEM LIMITED,SM,2026-10-01,115.05,993855858.45,99.39,10.00,8638469,Listed
AMBER.NS,AMBER ENTERPRISES (I) LTD,EQ,2026-10-01,6500.00,229240485500.00,22924.05,10.00,35267767,Listed
AMBICAAGAR.NS,AMBICA AGAR & AROMAINDLTD,EQ,2026-10-01,23.90,410368086.00,41.04,10.00,17177400,Listed
AMBIKCO.NS,AMBIKA COTTON MILL LTD.,EQ,2026-10-01,1505.80,8620705000.00,862.07,10.00,5725000,Listed
AMBUJACEM.NS,AMBUJA CEMENTS LTD,EQ,2026-10-01,362.25,900125025628.50,90012.50,2.00,2484817186,Listed
AMCL.NS,ANB METAL CAST LIMITED,SM,2026-10-01,341.05,4036251719.00,403.63,10.00,11834780,Listed
AMDIND.NS,AMD INDUSTRIES LIMITED,BE,2026-10-01,52.10,998395955.40,99.84,10.00,19166749,Listed
AMEYA.NS,AMEYA PRECISION ENG LTD,SM,2026-10-01,150.50,1128750000.00,112.88,10.00,7500000,Listed
AMJLAND.NS,AMJ LAND HOLDINGS LIMITED,EQ,2026-10-01,37.00,1517820000.00,151.78,2.00,41000000,Listed
AMNPLST.NS,AMINES & PLASTICIZERS LTD,EQ,2026-10-01,165.45,9101958600.00,910.20,2.00,55020000,Listed
AMRUTANJAN.NS,AMRUTAJAN HEALTH LTD,EQ,2026-10-01,513.20,14836935316.00,1483.69,1.00,28910630,Listed
ANANDRATHI.NS,ANAND RATHI WEALTH LTD,EQ,2026-10-01,2117.50,351592384990.00,35159.24,5.00,166041268,Listed
ANANTRAJ.NS,ANANT RAJ LIMITED,EQ,2026-10-01,577.85,207954884000.50,20795.49,2.00,359876930,Listed
ANAWIL.NS,ANAWIL WIRE AND ENGIN LTD,SM,2026-10-01,425.75,10643664850.00,1064.37,10.00,24999800,Listed
ANDHRAPAP.NS,ANDHRA PAPER LIMITED,EQ,2026-10-01,71.35,14189949915.20,1418.99,2.00,198850195,Listed
ANDHRSUGAR.NS,ANDHRA SUGARS LTD,EQ,2026-10-01,91.05,12341852613.40,1234.19,2.00,135535390,Listed
ANDREWYU.NS,ANDREW YULE & CO. LTD.,EQ,2026-10-01,25.00,12213995430.45,1221.40,2.00,488950978,Permitted
ANGELONE.NS,ANGEL ONE LIMITED,EQ,2026-10-01,276.80,253005304860.80,25300.53,1.00,914036506,Listed
ANIKINDS.NS,ANIK INDUSTRIES LTD,EQ,2026-10-01,44.00,1221153384.00,122.12,10.00,27753486,Listed
ANKITMETAL.NS,ANKIT MET & POW LTD,BZ,2026-10-01,2.05,290687630.00,29.07,10.00,141110500,Listed
ANLON.NS,ANLON TECHNOLOGY SOL LTD,SM,2026-10-01,758.55,5696558790.00,569.66,10.00,7509800,Listed
ANMOL.NS,ANMOL INDIA LIMITED,BE,2026-10-01,13.50,768341025.00,76.83,10.00,56914150,Listed
ANNAPURNA.NS,ANNAPURNA SWADISHT LTD,EQ,2026-10-01,128.60,2806052000.00,280.61,10.00,21820000,Listed
ANNU.NS,ANNU PROJECTS LIMITED,EQ,2026-10-01,47.10,3084049830.30,308.40,10.00,65492670,Listed
ANONDITA.NS,ANONDITA MEDICARE LIMITED,SM,2026-10-01,1078.70,20543608500.80,2054.36,10.00,19044784,Listed
ANSALAPI.NS,ANSAL PROP & INFRA LTD,BZ,2026-10-01,4.10,642211894.10,64.22,5.00,157404876,Listed
ANSALBU.NS,ANSAL BUILDWELL LTD.,EQ,2026-10-01,85.15,628586554.60,62.86,10.00,7383843,Permitted
ANTELOPUS.NS,ANTELOPUS SELAN ENRGY LTD,EQ,2026-10-01,1106.50,38973980620.50,3897.40,10.00,35222757,Listed
ANTGRAPHIC.NS,ANTARCTICA LTD,EQ,2026-10-01,0.70,106956624.00,10.70,1.00,155009600,Listed
ANTHEM.NS,ANTHEM BIOSCIENCES LTD,EQ,2026-10-01,855.75,482239124508.75,48223.91,2.00,563528045,Listed
ANUHPHR.NS,ANUH PHARMA LIMITED,EQ,2026-10-01,85.85,8604230400.00,860.42,5.00,100224000,Listed
ANUP.NS,THE ANUP ENGINEERING LTD,EQ,2026-10-01,1566.70,31383297782.20,3138.33,10.00,20031466,Listed
ANURAS.NS,ANUPAM RASAYAN INDIA LTD,EQ,2026-10-01,1163.70,132487059971.70,13248.71,10.00,113849841,Listed
ANYA.NS,ANYA POLYTECH & FERTI LTD,SM,2026-10-01,17.30,2076000000.00,207.60,2.00,120000000,Listed
AONEGOLD.NS,,,2026-10-01,,,,,,
AONELIQUID.NS,,,2026-10-01,,,,,,
AONENIFTY.NS,,,2026-10-01,,,,,,
AONESILVER.NS,,,2026-10-01,,,,,,
AONETMMQ50.NS,,,2026-10-01,,,,,,
AONETOTAL.NS,,,2026-10-01,,,,,,
APARINDS.NS,APAR INDUSTRIES LTD.,EQ,2026-10-01,17648.00,738963003376.00,73896.30,10.00,41872337,Listed
APCL.NS,ANJANI PORTLAND CEM LTD,EQ,2026-10-01,94.75,2783552636.65,278.36,10.00,29374764,Listed
APCOTEXIND.NS,APCOTEX INDUSTRIES LIMITE,EQ,2026-10-01,593.25,30757022520.00,3075.70,2.00,51844960,Listed
APEX.NS,APEX FROZEN FOODS LIMITED,EQ,2026-10-01,326.30,10196875000.00,1019.69,10.00,31250000,Listed
APEXECO.NS,APEX ECOTECH LIMITED,ST,2026-10-01,255.95,3374751940.00,337.48,10.00,13185200,Listed
APLAPOLLO.NS,APL APOLLO TUBES LTD,EQ,2026-10-01,2115.70,587441887458.50,58744.19,2.00,277658405,Listed
APLLTD.NS,ALEMBIC PHARMA LTD,EQ,2026-10-01,815.25,160248086841.00,16024.81,2.00,196563124,Listed
APOLLO.NS,APOLLO MICRO SYSTEMS LTD,EQ,2026-10-01,394.00,146410207728.00,14641.02,1.00,371599512,Listed
APOLLOHOSP.NS,APOLLO HOSPITALS ENTER. L,EQ,2026-10-01,8133.50,1169472507709.50,116947.25,5.00,143784657,Listed
APOLLOPIPE.NS,APOLLO PIPES LIMITED,EQ,2026-10-01,512.60,22579110395.60,2257.91,10.00,44048206,Listed
APOLLOTYRE.NS,APOLLO TYRES LTD,EQ,2026-10-01,404.75,257057107893.50,25705.71,1.00,635100946,Listed
APOLSINHOT.NS,APOLLO SINDOORI HOTEL LTD,EQ,2026-10-01,1155.90,3005802360.00,300.58,5.00,2600400,Listed
APOORVA.NS,APOORVA LEAS F & INV C L,BE,2026-10-01,33.00,659171700.00,65.92,10.00,19974900,Permitted
APRAMEYA.NS,APRAMEYA ENGINEERING LTD,SM,2026-10-01,102.00,1942080000.00,194.21,10.00,19040000,Listed
APS.NS,AUSTRALIAN PREM SOLAR I L,SM,2026-10-01,226.70,4570272000.00,457.03,10.00,20160000,Listed
APSISAERO.NS,APSIS AEROCOM LIMITED,ST,2026-10-01,555.00,6688816155.00,668.88,10.00,12051921,Listed
APTECHT.NS,APTECH LIMITED,EQ,2026-10-01,87.05,5047985163.50,504.80,10.00,58002817,Listed
APTUS.NS,APTUS VALUE HSG FIN I LTD,EQ,2026-10-01,226.40,113387965430.40,11338.80,2.00,500830236,Listed
AQYLON.NS,AQYLON NEXUS LIMITED,EQ,2026-10-01,15.45,3922674457.60,392.27,1.00,253730560,Listed
ARABIAN.NS,ARABIAN PETROLEUM LIMITED,SM,2026-10-01,88.00,958496000.00,95.85,10.00,10892000,Listed
ARCHIDPLY.NS,ARCHIDPLY IND. LTD,EQ,2026-10-01,101.80,2022058350.00,202.21,10.00,19865000,Listed
ARCHIES.NS,ARCHIES LTD,EQ,2026-10-01,12.35,417858600.00,41.79,2.00,33780000,Listed
ARCIIL.NS,ARC INSULATION & INSU LTD,SM,2026-10-01,30.70,316129566.00,31.61,10.00,10297380,Listed
ARCIL.NS,ASSET RECONSTRUC CO (I) L,EQ,2026-10-01,139.90,45459607828.80,4545.96,10.00,324897140,Listed
ARCL.NS,ARCL ORGANICS LTD.,EQ,2026-10-01,229.80,1838480000.00,183.85,10.00,8000000,Permitted
ARDEE.NS,ARDEE INDUSTRIES LIMITED,EQ,2026-10-01,48.80,15384958369.50,1538.50,2.00,315200950,Listed
ARE&M.NS,AMARA RAJA ENERGY MOB LTD,EQ,2026-10-01,747.40,136793157053.60,13679.32,1.00,183025364,Listed
ARENTERP.NS,RAJDARSHAN INDUSTRIES LTD,EQ,2026-10-01,33.80,105029457.00,10.50,10.00,3108300,Listed
ARFIN.NS,ARFIN INDIA LIMITED,EQ,2026-10-01,87.25,14721036554.50,1472.10,1.00,168722482,Listed
ARHAM.NS,ARHAM TECHNOLOGIES LTD,SM,2026-10-01,206.30,4499815600.00,449.98,10.00,21812000,Listed
ARIES.NS,ARIES AGRO LTD.,BE,2026-10-01,477.40,6208271438.60,620.83,10.00,13004339,Listed
ARIHANT.NS,ARIHANT FOUN & HOU LTD,EQ,2026-10-01,894.10,8910264418.40,891.03,10.00,9965624,Permitted
ARIHANTACA.NS,ARIHANT ACADEMY LIMITED,SM,2026-10-01,257.50,3118428000.00,311.84,10.00,12110400,Listed
ARIHANTCAP.NS,ARIHANT CAPITAL MKTS LTD,EQ,2026-10-01,88.60,9710597952.00,971.06,1.00,109612800,Listed
ARIHANTSUP.NS,ARIHANT SUPERSTRUCT LTD,EQ,2026-10-01,216.65,9369245550.35,936.92,10.00,43249991,Listed
ARIS.NS,ARISINFRA SOLUTIONS LTD,EQ,2026-10-01,138.65,11341534686.35,1134.15,2.00,81793846,Listed
ARISTO.NS,ARISTO BIO T AND LIFESC L,SM,2026-10-01,92.00,626317600.00,62.63,10.00,6807800,Listed
ARKADE.NS,ARKADE DEVELOPERS LIMITED,EQ,2026-10-01,118.70,22036414701.75,2203.64,10.00,185663617,Listed
ARMANFIN.NS,ARMAN FIN SERV LTD,EQ,2026-10-01,1764.40,18607948180.80,1860.79,10.00,10546332,Listed
ARMOUR.NS,ARMOUR SECURITY (INDIA) L,ST,2026-10-01,20.10,339087000.00,33.91,10.00,16870000,Listed
AROGRANITE.NS,ARO GRANITE IND. LTD.,EQ,2026-10-01,22.35,341955000.00,34.20,10.00,15300000,Listed
ARROWGREEN.NS,ARROW GREENTECH LIMITED,EQ,2026-10-01,865.20,13054083957.60,1305.41,10.00,15087938,Listed
ARSHIYA.NS,ARSHIYA LIMITED,BZ,2026-10-01,0.80,213415491.15,21.34,2.00,263475915,Listed
ARSSBL.NS,ANAND RATHI SH N STK BR L,EQ,2026-10-01,521.05,32860747720.00,3286.07,5.00,63066400,Listed
ARTEMISMED.NS,ARTEMIS MED SERVICE LTD,EQ,2026-10-01,336.40,53254221490.80,5325.42,1.00,158306247,Listed
ARTNIRMAN.NS,ART NIRMAN LIMITED,EQ,2026-10-01,40.00,998240000.00,99.82,10.00,24956000,Listed
ARUNAYA.NS,ARUNAYA ORGANICS LIMITED,SM,2026-10-01,13.95,244661126.40,24.47,10.00,17538432,Listed
ARVEE.NS,ARVEE LABORATORIES I LTD,EQ,2026-10-01,215.30,2372826400.00,237.28,10.00,11020000,Listed
ARVIND.NS,ARVIND LIMITED,EQ,2026-10-01,534.05,145283298451.50,14528.33,10.00,272040630,Listed
ARVINDFASN.NS,ARVIND FASHIONS LIMITED,EQ,2026-10-01,379.70,50755331302.40,5075.53,4.00,133672192,Listed
ARVINDPORT.NS,ARVIND PORT AND INFRA LTD,SM,2026-10-01,33.05,588233815.00,58.82,10.00,17798300,Listed
ARVSMART.NS,ARVIND SMARTSPACES LTD,EQ,2026-10-01,592.50,27205810057.50,2720.58,10.00,45916979,Listed
ARYAMAN.NS,ARYAMAN FINANCIAL SERV L,EQ,2026-10-01,624.00,7642128000.00,764.21,10.00,12247000,Permitted
ASAHIINDIA.NS,ASAHI INDIA GLASS LIMITED,EQ,2026-10-01,944.25,240715001046.00,24071.50,1.00,254927192,Listed
ASAHISONG.NS,ASAHI SONGWON COLOR LTD,BE,2026-10-01,371.25,4376021017.50,437.60,10.00,11787262,Listed
ASAL.NS,AUTOMOTIVE STAMPINGS & AS,EQ,2026-10-01,426.90,6772511079.30,677.25,10.00,15864397,Listed
ASALCBR.NS,ASSO ALCOHOLS & BREW LTD,EQ,2026-10-01,611.10,12270399120.00,1227.04,10.00,20079200,Listed
ASHALOG.NS,ASHAPURA LOGISTICS LTD,SM,2026-10-01,61.00,826923381.00,82.69,10.00,13556121,Listed
ASHAPURMIN.NS,ASHAPURA MINECHEM LTD,EQ,2026-10-01,489.95,46803011715.10,4680.30,2.00,95526098,Listed
ASHIANA.NS,ASHIANA HOUSING LTD,EQ,2026-10-01,383.95,38596518845.15,3859.65,2.00,100524857,Listed
ASHIKAG.NS,ASHIKA GLOBAL SEC LTD,BE,2026-10-01,392.05,17534424880.55,1753.44,10.00,44724971,Permitted
ASHIMASYN.NS,ASHIMA LTD,EQ,2026-10-01,15.30,2934315794.20,293.43,10.00,191660078,Listed
ASHOKA.NS,ASHOKA BUILDCON LTD,EQ,2026-10-01,105.30,29562961982.25,2956.30,5.00,280723217,Listed
ASHOKAMET.NS,ASHOKA METCAST LIMITED,EQ,2026-10-01,14.55,363191880.00,36.32,10.00,24996000,Listed
ASHOKLEY.NS,ASHOK LEYLAND LTD,EQ,2026-10-01,150.50,883897632984.95,88389.76,1.00,5873854552,Listed
ASHUTOSH.NS,ASHUTOSH FIBRE LIMITED,SM,2026-10-01,148.60,3250595280.00,325.06,10.00,21874800,Listed
ASHWINI.NS,ASHWINI CONTAINER MOVER L,SM,2026-10-01,162.50,2437500000.00,243.75,10.00,15000000,Listed
ASIANENE.NS,ASIAN ENERGY SERVICES LTD,EQ,2026-10-01,466.75,22713292354.25,2271.33,10.00,48662651,Listed
ASIANHOTNR.NS,ASIAN HOTELS (NORTH) LTD,EQ,2026-10-01,348.10,14840627014.90,1484.06,10.00,42633229,Listed
ASIANPAINT.NS,ASIAN PAINTS LIMITED,EQ,2026-10-01,2407.00,2308789080530.00,230878.91,1.00,959197790,Listed
ASIANTILES.NS,ASIAN GRANITO IND. LTD.,EQ,2026-10-01,47.95,11120163569.55,1112.02,10.00,231911649,Listed
ASIANTNE.NS,ASIAN TEA & EXPORTS LTD.,EQ,2026-10-01,8.95,223229110.00,22.32,10.00,24941800,Permitted
ASKAUTOLTD.NS,ASK AUTOMOTIVE LIMITED,EQ,2026-10-01,618.15,121863698190.00,12186.37,2.00,197142600,Listed
ASMS.NS,AVIO SMART MRKT STACK LTD,EQ,2026-10-01,5.90,1803094300.80,180.31,1.00,304576740,Listed
ASPINWALL.NS,ASPINWALL & CO LTD,EQ,2026-10-01,240.10,1877170948.80,187.72,10.00,7818288,Listed
ASPIRE.NS,ASPIRE & INNOVATIVE ADV L,SM,2026-10-01,14.95,226911100.00,22.69,10.00,15178000,Listed
ASSAMENT.NS,ASSAM ENTRADE LIMITED,EQ,2026-10-01,799.00,1150392210.00,115.04,10.00,1439790,Permitted
ASTAR.NS,ASIAN STAR CO. LTD.,EQ,2026-10-01,664.50,10636518600.00,1063.65,10.00,16006800,Permitted
ASTEC.NS,ASTEC LIFESCIENCES LTD,EQ,2026-10-01,708.60,15789606252.00,1578.96,10.00,22282820,Listed
ASTERDM.NS,ASTER DM QUALITY CARE LTD,EQ,2026-10-01,708.90,617928592007.10,61792.86,10.00,871672439,Listed
ASTRAL.NS,ASTRAL LIMITED,EQ,2026-10-01,1344.00,361065819072.00,36106.58,1.00,268650163,Listed
ASTRAMICRO.NS,ASTRA MICROWAVE LTD,EQ,2026-10-01,1624.50,154238165496.00,15423.82,2.00,94945008,Listed
ASTRAZEN.NS,ASTRAZENECA PHARMA IND LT,EQ,2026-10-01,6031.00,150775000000.00,15077.50,2.00,25000000,Listed
ASTRON.NS,ASTRON PAPER BORD MIL LTD,BZ,2026-10-01,2.80,130665000.00,13.07,10.00,46500000,Listed
ATALREAL.NS,ATAL REALTECH LIMITED,EQ,2026-10-01,12.80,1583394075.00,158.34,2.00,123896250,Listed
ATAM.NS,ATAM VALVES LIMITED,EQ,2026-10-01,55.35,634477050.00,63.45,10.00,11463000,Listed
ATCENERGY.NS,ATC ENERGIES SYSTEM LTD,SM,2026-10-01,20.60,420005160.00,42.00,10.00,20388600,Listed
ATGL.NS,ADANI TOTAL GAS LIMITED,EQ,2026-10-01,583.05,641244268893.15,64124.43,1.00,1099810083,Listed
ATHERENERG.NS,ATHER ENERGY LIMITED,EQ,2026-10-01,1406.10,556983207120.00,55698.32,1.00,396119200,Listed
ATL.NS,ALLCARGO TERMINALS LTD,EQ,2026-10-01,23.60,5946103043.15,594.61,2.00,252060324,Listed
ATLANTAA.NS,ATLANTAA LIMITED,EQ,2026-10-01,35.70,2910365000.00,291.04,2.00,81500000,Listed
ATLANTAELE.NS,ATLANTA ELECTRICALS LTD,EQ,2026-10-01,1716.50,131993056812.50,13199.31,2.00,76896625,Listed
ATLASCYCLE.NS,ATLAS CYCLE (HARYANA) LTD,EQ,2026-10-01,91.75,596662098.10,59.67,5.00,6503838,Listed
ATMASTCO.NS,ATMASTCO LIMITED,SM,2026-10-01,115.50,3021282495.00,302.13,10.00,26158290,Listed
ATUL.NS,ATUL LTD,EQ,2026-10-01,5861.00,172558126055.00,17255.81,10.00,29441755,Listed
ATULAUTO.NS,ATUL AUTO LIMITED,EQ,2026-10-01,424.80,11788743744.00,1178.87,5.00,27751280,Listed
AUBANK.NS,AU SMALL FINANCE BANK LTD,EQ,2026-10-01,987.00,741226898055.00,74122.69,10.00,750989765,Listed
AUGMONT.NS,AUGMONT ENTERPRISES LTD,EQ,2026-10-01,1195.20,109209613176.00,10920.96,5.00,91373505,Listed
AURIONPRO.NS,AURIONPRO SOLN LTD,EQ,2026-10-01,607.80,33588039379.20,3358.80,10.00,55261664,Listed
AUROIMPEX.NS,AURO IMPEX & CHEMICALS L,ST,2026-10-01,38.85,474001080.00,47.40,10.00,12200800,Listed
AUROPHARMA.NS,AUROBINDO PHARMA LTD,EQ,2026-10-01,1676.80,964793654336.00,96479.37,1.00,575377895,Listed
AURUM.NS,AURUM PROPTECH LIMITED,EQ,2026-10-01,223.40,17073508723.90,1707.35,5.00,76422312,Listed
AURUS.NS,AURUS GEM CORP LIMITED,EQ,2026-10-01,4.40,129729600.00,12.97,10.00,29484000,Listed
AUSOMENT.NS,AUSOM ENTERPRISE LIMITED,EQ,2026-10-01,139.00,1893673728.00,189.37,10.00,13623552,Listed
AUSTENG.NS,AUSTIN ENGINEERING CO. L,EQ,2026-10-01,167.70,583296616.00,58.33,10.00,3477800,Permitted
AUTOAXLES.NS,AUTOMOTIVE AXLES LIMITED,EQ,2026-10-01,1683.00,25433453925.00,2543.35,10.00,15111975,Listed
AUTOBEES.NS,,,2026-10-01,,,,,,
AUTOIETF.NS,,,2026-10-01,,,,,,
AUTOIND.NS,AUTOLINE INDUSTRIES LTD,EQ,2026-10-01,81.40,3693557641.40,369.36,10.00,45375401,Listed
AVADHSUGAR.NS,AVADH SUG & ENERGY LTD,EQ,2026-10-01,764.60,15306083932.00,1530.61,10.00,20018420,Listed
AVALON.NS,AVALON TECHNOLOGIES LTD,EQ,2026-10-01,2280.20,152505020460.00,15250.50,2.00,66882300,Listed
AVANA.NS,AVANA ELECTROSYSTEMS LTD,ST,2026-10-01,126.60,2866908652.80,286.69,10.00,22645408,Listed
AVANCE.NS,AVANCE TECHNOLOGIES LTD.,EQ,2026-10-01,0.80,1585533944.00,158.55,1.00,1981917430,Permitted
AVANTEL.NS,AVANTEL LIMITED,EQ,2026-10-01,150.30,39940797142.50,3994.08,2.00,265775866,Listed
AVANTIFEED.NS,AVANTI FEEDS LIMITED,EQ,2026-10-01,711.55,96945578026.50,9694.56,1.00,136245630,Listed
AVG.NS,AVG LOGISTICS LIMITED,BE,2026-10-01,166.00,3105540616.00,310.55,10.00,18708076,Listed
AVIANSH.NS,AVI ANSH TEXTILE LIMITED,SM,2026-10-01,100.50,1404681465.00,140.47,10.00,13976930,Listed
AVIENCE.NS,AVIENCE BIOMEDICALS LTD,SM,2026-10-01,323.75,1775786880.00,177.58,10.00,5485056,Listed
AVL.NS,ADITYA VISION LIMITED,EQ,2026-10-01,572.30,73905706015.00,7390.57,1.00,129138050,Listed
AVONMORE.NS,AVONMORE CAP&MGT SERV LTD,EQ,2026-10-01,12.80,3609142837.40,360.91,1.00,282184741,Listed
AVPINFRA.NS,AVP INFRACON LIMITED,SM,2026-10-01,56.75,1417569600.00,141.76,10.00,24979200,Listed
AVROIND.NS,AVRO INDIA LIMITED,EQ,2026-10-01,6.70,896264952.00,89.63,1.00,134171400,Listed
AVTNPL.NS,AVT NATURAL PRODUCTS LTD,EQ,2026-10-01,87.85,13378149400.00,1337.81,1.00,152284000,Listed
AWFIS.NS,AWFIS SPACE SOLUTIONS LTD,EQ,2026-10-01,235.25,16835955138.35,1683.60,10.00,71563186,Listed
AWHCL.NS,ANTONY WASTE HDG CELL LTD,EQ,2026-10-01,355.40,10086998340.00,1008.70,5.00,28382100,Listed
AWL.NS,AWL AGRI BUSINESS LIMITED,EQ,2026-10-01,175.45,228002617675.15,22800.26,1.00,1299678605,Listed
AXISBANK.NS,AXIS BANK LIMITED,EQ,2026-10-01,1217.10,3789530494283.40,378953.05,2.00,3113573654,Listed
AXISCADES.NS,AXISCADES TECH LTD,EQ,2026-10-01,2307.30,98137519169.70,9813.75,5.00,42533489,Listed
AXITA.NS,AXITA COTTON LIMITED,EQ,2026-10-01,7.60,2901077868.60,290.11,1.00,382727951,Listed
AXTEL.NS,AXTEL INDUSTRIES LTD.,EQ,2026-10-01,435.45,7034607660.00,703.46,10.00,16154800,Permitted
AYE.NS,AYE FINANCE LIMITED,EQ,2026-10-01,163.30,40297631401.15,4029.76,2.00,246785666,Listed
AYMSYNTEX.NS,AYM SYNTEX LIMITED,EQ,2026-10-01,279.95,16457667845.85,1645.77,10.00,58787883,Listed
AZAD.NS,AZAD ENGINEERING LIMITED,EQ,2026-10-01,2860.90,184761908548.70,18476.19,2.00,64581743,Listed
AZADIND.NS,AZAD INDIA MOBILITY LTD.,EQ,2026-10-01,85.95,4679389086.30,467.94,10.00,54443154,Permitted
BABAFP.NS,BABA FOOD PROCESSING,SM,2026-10-01,21.30,347752383.90,34.78,10.00,16326403,Listed
BAFNAPH.NS,BAFNA PHARMACEUTICALS LTD,BE,2026-10-01,378.75,8959836881.25,895.98,10.00,23656335,Listed
BAGDIGITAL.NS,B.A.G.CONVERGENCE LIMITED,SM,2026-10-01,106.70,2264045960.00,226.40,10.00,21218800,Listed
BAGFILMS.NS,B.A.G FILMS AND MEDIA LTD,EQ,2026-10-01,4.05,886233338.45,88.62,2.00,217747749,Listed
BAHETI.NS,BAHETI RECYCLING IND LTD,SM,2026-10-01,733.10,7658626055.50,765.86,10.00,10446905,Listed
BAIDFIN.NS,BAID FINSERV LIMITED,EQ,2026-10-01,10.30,1596896383.15,159.69,2.00,154888107,Listed
BAJAJ-AUTO.NS,BAJAJ AUTO LIMITED,EQ,2026-10-01,10045.00,2760404552710.00,276040.46,10.00,274803838,Listed
BAJAJCON.NS,BAJAJ CONSUMER CARE LTD,EQ,2026-10-01,497.05,64923836453.05,6492.38,1.00,130618321,Listed
BAJAJELEC.NS,BAJAJ ELECT.LTD,EQ,2026-10-01,299.80,34604006072.80,3460.40,2.00,115423636,Listed
BAJAJFINSV.NS,BAJAJ FINSERV LTD.,EQ,2026-10-01,1732.60,2775731488079.60,277573.15,1.00,1602061346,Listed
BAJAJHCARE.NS,BAJAJ HEALTHCARE LIMITED,EQ,2026-10-01,322.95,10872163744.95,1087.22,5.00,33665161,Listed
BAJAJHFL.NS,BAJAJ HOUSING FINANCE LTD,EQ,2026-10-01,82.90,690833863261.30,69083.39,10.00,8332334619,Listed
BAJAJHIND.NS,BAJAJ HINDUSTHAN SUGAR LT,EQ,2026-10-01,19.20,45876881326.80,4587.69,1.00,2390666041,Listed
BAJAJHLDNG.NS,BAJAJ HOLDINGS & INVS LTD,EQ,2026-10-01,10666.00,1187056577660.00,118705.66,10.00,111293510,Listed
BAJAJINDEF.NS,INDEF MANUFACTURING LTD,EQ,2026-10-01,208.50,6672640000.00,667.26,1.00,32000000,Listed
BAJAJST.NS,BAJAJ STEEL INDS. LTD.,EQ,2026-10-01,335.70,6982560000.00,698.26,5.00,20800000,Permitted
BAJEL.NS,BAJEL PROJECTS LIMITED,EQ,2026-10-01,163.65,18931489474.05,1893.15,2.00,115696935,Listed
BAJFINANCE.NS,BAJAJ FINANCE LIMITED,EQ,2026-10-01,948.30,5904072466483.20,590407.25,1.00,6225954304,Listed
BALAJEE.NS,SHREE TIRUPATI BALAJEE L,EQ,2026-10-01,25.20,2055585470.40,205.56,10.00,81570852,Listed
BALAJIPHOS.NS,BALAJI PHOSPHATES LIMITED,SM,2026-10-01,106.40,2529883440.00,252.99,10.00,23777100,Listed
BALAJITELE.NS,BALAJI TELEFILMS LIMITED.,EQ,2026-10-01,90.05,10976082281.65,1097.61,2.00,121902291,Listed
BALAMINES.NS,BALAJI AMINES LIMITED,EQ,2026-10-01,2052.20,66493332200.00,6649.33,2.00,32401000,Listed
BALAXI.NS,BALAXI PHARMA LTD,EQ,2026-10-01,22.35,1233335550.00,123.33,2.00,55207500,Listed
BALCO.NS,SOLVE PLASTIC PRODUCTS L,SM,2026-10-01,19.00,82996750.00,8.30,10.00,4368250,Listed
BALKRISHNA.NS,BALKRISHNA PAPER MILLS L,EQ,2026-10-01,15.95,513579340.10,51.36,10.00,32219532,Listed
BALKRISIND.NS,BALKRISHNA IND. LTD,EQ,2026-10-01,2083.50,402776365365.00,40277.64,2.00,193317190,Listed
BALMLAWRIE.NS,BALMER LAWRIE & CO LTD,EQ,2026-10-01,159.30,27240912667.80,2724.09,10.00,171003846,Listed
BALPHARMA.NS,BAL PHARMA LTD.,EQ,2026-10-01,105.75,1683473005.30,168.35,10.00,15920872,Listed
BALRAMCHIN.NS,BALRAMPUR CHINI MILLS LTD,EQ,2026-10-01,649.05,137337354778.80,13733.74,1.00,211597496,Listed
BALUFORGE.NS,BALU FORGE INDUSTRIES LTD,EQ,2026-10-01,488.95,59354569505.00,5935.46,10.00,121391900,Listed
BANARBEADS.NS,BANARAS BEADS LTD,EQ,2026-10-01,116.00,765312552.00,76.53,10.00,6597522,Listed
BANARISUG.NS,BANNARI AMMAN SUGARS LTD,EQ,2026-10-01,3300.50,41387279850.00,4138.73,10.00,12539700,Listed
BANCOINDIA.NS,BANCO PRODUCTS (I) LTD,EQ,2026-10-01,589.85,84370551405.00,8437.06,2.00,143037300,Listed
BANDHANBNK.NS,BANDHAN BANK LIMITED,EQ,2026-10-01,176.00,283561933248.00,28356.19,10.00,1611147348,Listed
BANG.NS,BANG OVERSEAS LTD.,EQ,2026-10-01,31.45,426326400.00,42.63,10.00,13560000,Listed
BANK10ADD.NS,,,2026-10-01,,,,,,
BANK10BETF.NS,,,2026-10-01,,,,,,
BANKA.NS,BANKA BIOLOO LIMITED,EQ,2026-10-01,68.50,748946661.30,74.89,10.00,10931932,Listed
BANKADD.NS,,,2026-10-01,,,,,,
BANKBARODA.NS,BANK OF BARODA,EQ,2026-10-01,230.80,1193653818156.80,119365.38,2.00,5171362179,Listed
BANKBEES.NS,,,2026-10-01,,,,,,
BANKBETA.NS,,,2026-10-01,,,,,,
BANKBETF.NS,,,2026-10-01,,,,,,
BANKETF.NS,,,2026-10-01,,,,,,
BANKIETF.NS,,,2026-10-01,,,,,,
BANKINDIA.NS,BANK OF INDIA,EQ,2026-10-01,129.50,589479435289.70,58947.94,10.00,4552667866,Listed
BANKNIFTY1.NS,,,2026-10-01,,,,,,
BANKPSU.NS,,,2026-10-01,,,,,,
BANSALWIRE.NS,BANSAL WIRE INDUSTRIES L,EQ,2026-10-01,323.05,50575400293.60,5057.54,5.00,156555952,Listed
BANSWRAS.NS,BANSWARA SYNTEX LIMITED,EQ,2026-10-01,105.10,3597792028.40,359.78,5.00,34232084,Listed
BARFLEX.NS,BARFLEX POLYFILMS LIMITED,SM,2026-10-01,50.50,1249824500.00,124.98,10.00,24749000,Listed
BASF.NS,BASF INDIA LTD,EQ,2026-10-01,3417.10,147911360444.00,14791.14,10.00,43285640,Listed
BASILIC.NS,BASILIC FLY STUDIO LTD,SM,2026-10-01,178.45,4508539250.00,450.85,10.00,25265000,Listed
BASML.NS,BANNARI AM SPIN MILL LTD.,BE,2026-10-01,22.65,1811018357.50,181.10,5.00,79921375,Listed
BATAINDIA.NS,BATA INDIA LTD,EQ,2026-10-01,613.00,78787382020.00,7878.74,5.00,128527540,Listed
BATLIBOI.NS,BATLIBOI LTD.,EQ,2026-10-01,82.35,3881362198.50,388.14,5.00,47132510,Permitted
BAWEJA.NS,BAWEJA STUDIOS LIMITED,SM,2026-10-01,26.50,488315526.50,48.83,10.00,18427001,Listed
BAYERCROP.NS,BAYER CROPSCIENCE LTD,EQ,2026-10-01,3554.20,159733183386.40,15973.32,10.00,44942092,Permitted
BBETF0432.NS,,,2026-10-01,,,,,,
BBL.NS,BHARAT BIJLEE LTD,EQ,2026-10-01,2069.60,23392937152.00,2339.29,5.00,11303120,Listed
BBNPNBETF.NS,,,2026-10-01,,,,,,
BBNPPGOLD.NS,,,2026-10-01,,,,,,
BBOX.NS,BLACK BOX LIMITED,EQ,2026-10-01,795.85,141342327299.25,14134.23,2.00,177599205,Listed
BBTC.NS,BOMBAY BURMAH TRADING COR,EQ,2026-10-01,1334.20,93089668980.00,9308.97,2.00,69771900,Listed
BBTCL.NS,B&B TRIPLEWALL CONT LTD,EQ,2026-10-01,229.50,4707124467.60,470.71,10.00,20511240,Listed
BCG.NS,BRIGHTCOM GROUP LIMITED,EQ,2026-10-01,9.50,19210616230.95,1921.06,2.00,2017921873,Listed
BCLIND.NS,BCL INDUSTRIES LIMITED,EQ,2026-10-01,31.25,9220902741.60,922.09,1.00,295163340,Listed
BCONCEPTS.NS,BRAND CONCEPTS LIMITED,EQ,2026-10-01,140.40,1752580349.55,175.26,10.00,12481877,Listed
BCPL.NS,BCPL RAILWAY INFRA LTD,EQ,2026-10-01,67.25,1124664655.50,112.47,10.00,16723638,Listed
BDL.NS,BHARAT DYNAMICS LIMITED,EQ,2026-10-01,1087.90,398783343750.00,39878.33,5.00,366562500,Listed
BEACON.NS,BEACON TRUSTEESHIP LTD,SM,2026-10-01,85.00,1537897605.00,153.79,10.00,18092913,Listed
BEARDSELL.NS,BEARDSELL LIMITED,EQ,2026-10-01,22.15,872740810.00,87.27,2.00,39437000,Listed
BECTORFOOD.NS,MRS BECTORS FOOD SPE LTD,EQ,2026-10-01,213.05,65398206452.85,6539.82,2.00,306990595,Listed
BEDMUTHA.NS,BEDMUTHA INDUST LTD,EQ,2026-10-01,110.35,3559674321.70,355.97,10.00,32263884,Listed
BEEKAY.NS,BEEKAY STEEL INDS. LTD.,EQ,2026-10-01,435.40,8303971440.80,830.40,10.00,19072052,Permitted
BEL.NS,BHARAT ELECTRONICS LTD,EQ,2026-10-01,383.10,2800376269389.90,280037.63,1.00,7309778829,Listed
BELLACASA.NS,BELLA CASA FASH AND RET L,EQ,2026-10-01,241.20,3229332750.00,322.93,10.00,13387500,Listed
BELRISE.NS,BELRISE INDUSTRIES LTD,EQ,2026-10-01,237.50,229698580762.50,22969.86,5.00,967151919,Listed
BEML.NS,BEML LIMITED,EQ,2026-10-01,1962.30,163438004700.00,16343.80,5.00,83289000,Listed
BENARAS.NS,BENARES HOTELS LTD.,EQ,2026-10-01,10249.00,13323700000.00,1332.37,10.00,1300000,Permitted
BENGALASM.NS,BENGAL & ASSAM CO. LTD.,EQ,2026-10-01,6088.00,69426937112.00,6942.69,10.00,11403899,Permitted
BEPL.NS,BHANSALI ENG. POLYMERS LT,EQ,2026-10-01,123.75,30798723009.60,3079.87,1.00,248858460,Listed
BERGEPAINT.NS,BERGER PAINTS (I) LTD,EQ,2026-10-01,452.40,527499672148.80,52749.97,1.00,1166002812,Listed
BESTAGRO.NS,BEST AGROLIFE LIMITED,EQ,2026-10-01,17.45,6196104117.00,619.61,1.00,354671100,Listed
BETA.NS,BETA DRUGS LIMITED,EQ,2026-10-01,2073.30,23057697991.50,2305.77,10.00,11121255,Listed
BEWLTD.NS,BEW ENGINEERING LIMITED,SM,2026-10-01,58.50,764789454.00,76.48,10.00,13073324,Listed
BFINVEST.NS,BF INVESTMENT LIMITED,EQ,2026-10-01,428.70,16148112123.60,1614.81,5.00,37667628,Listed
BFSI.NS,,,2026-10-01,,,,,,
BFUTILITIE.NS,BF UTILITIES LIMITED,EQ,2026-10-01,504.75,19012735233.00,1901.27,5.00,37667628,Listed
BGRENERGY.NS,BGR ENERGY SYSTEMS LTD,BE,2026-10-01,239.70,17297847547.60,1729.78,10.00,72161560,Listed
BHADORA.NS,BHADORA INDUSTRIES LTD,ST,2026-10-01,147.25,2738850000.00,273.88,10.00,18600000,Listed
BHAGCHEM.NS,BHAGIRADHA CHEM & INDS L,EQ,2026-10-01,236.15,30621353242.00,3062.14,1.00,129669080,Listed
BHAGERIA.NS,BHAGERIA INDUSTRIES LTD,EQ,2026-10-01,382.05,16674258969.00,1667.43,5.00,43644180,Listed
BHAGYANGR.NS,BHAGYANAGAR INDIA LIMITED,EQ,2026-10-01,402.65,13487339150.10,1348.73,2.00,33496434,Listed
BHANDARI.NS,BHANDARI HOSIERY EXP LTD,EQ,2026-10-01,2.80,938937141.05,93.89,1.00,332956433,Listed
BHARATCOAL.NS,BHARAT COKING COAL LTD,EQ,2026-10-01,31.75,147859750000.00,14785.98,10.00,4657000000,Listed
BHARATFORG.NS,BHARAT FORGE LTD,EQ,2026-10-01,1875.00,916257453750.00,91625.75,2.00,488670642,Listed
BHARATGEAR.NS,BHARAT GEARS LTD,BE,2026-10-01,99.65,1529977979.10,153.00,10.00,15355058,Listed
BHARATRAS.NS,BHARAT RASAYAN LTD,EQ,2026-10-01,998.60,16597802499.20,1659.78,5.00,16621072,Listed
BHARATSE.NS,BHARAT SEATS LIMITED,EQ,2026-10-01,204.65,12852020000.00,1285.20,2.00,62800000,Listed
BHARATWIRE.NS,BHARAT WIRE ROPES LTD.,EQ,2026-10-01,160.10,11013531558.20,1101.35,10.00,68782985,Listed
BHARTIARTL.NS,BHARTI AIRTEL LIMITED,EQ,2026-10-01,1741.10,10865336393824.90,1086533.64,5.00,6240501059,Listed
BHARTIHEXA.NS,BHARTI HEXACOM LIMITED,EQ,2026-10-01,1379.20,689600000000.00,68960.00,5.00,500000000,Listed
BHEL.NS,BHEL,EQ,2026-10-01,421.00,1465948672455.00,146594.87,2.00,3482063355,Listed
BI.NS,BILCARE LTD.,BE,2026-10-01,96.70,2276823837.70,227.68,10.00,23545231,Permitted
BIGBLOC.NS,BIGBLOC CONSTRUCTION LTD,EQ,2026-10-01,38.80,5490307585.00,549.03,2.00,141575750,Listed
BIKAJI.NS,BIKAJI FOODS INTERN LTD,EQ,2026-10-01,504.05,126383682420.00,12638.37,1.00,250736400,Listed
BIL.NS,BHARTIYA INTERNATIONAL,EQ,2026-10-01,987.55,13243451383.05,1324.35,10.00,13410411,Listed
BILVYAPAR.NS,BIL VYAPAR LIMITED,BE,2026-10-01,4.20,132051596.75,13.21,10.00,31366175,Listed
BIMETAL.NS,BIMETAL BEARINGS LTD.,EQ,2026-10-01,640.00,2448000000.00,244.80,10.00,3825000,Permitted
BIOCON.NS,BIOCON LIMITED.,EQ,2026-10-01,370.70,604127615844.50,60412.76,5.00,1629694135,Listed
BIOFILCHEM.NS,BIOFIL CHEM & PHARMA LTD,EQ,2026-10-01,29.30,476985078.00,47.70,10.00,16273800,Listed
BIOPOL.NS,BIOPOL CHEMICALS LIMITED,SM,2026-10-01,51.30,554317020.00,55.43,10.00,10805400,Listed
BIRLACABLE.NS,BIRLA CABLE LIMITED,EQ,2026-10-01,383.00,11490000000.00,1149.00,10.00,30000000,Listed
BIRLACORPN.NS,BIRLA CORPORATION LTD,EQ,2026-10-01,828.95,63833582395.65,6383.36,10.00,77005347,Listed
BIRLAMONEY.NS,ADITYA BIRLA MONEY LTD,EQ,2026-10-01,112.80,6375368056.80,637.54,1.00,56509201,Listed
BIRLANU.NS,BIRLANU LIMITED,EQ,2026-10-01,1391.20,10490898688.80,1049.09,10.00,7540899,Listed
BIRLAPREC.NS,BIRLA PRECISION TECH L,BE,2026-10-01,55.95,3826972166.50,382.70,2.00,68387637,Permitted
BLACKBUCK.NS,BLACKBUCK LIMITED,EQ,2026-10-01,606.15,110420645249.25,11042.06,1.00,182167195,Listed
BLACKROSE.NS,BLACK ROSE INDS. LTD.,EQ,2026-10-01,110.45,5632950000.00,563.30,1.00,51000000,Permitted
BLAL.NS,BEML LAND ASSETS LIMITED,EQ,2026-10-01,157.85,6572751435.00,657.28,10.00,41644500,Listed
BLBLIMITED.NS,BLB LIMITED,EQ,2026-10-01,16.65,879677893.10,87.97,1.00,52865258,Listed
BLEL.NS,BEHARI LAL ENGINEERING L,EQ,2026-10-01,467.95,19795446451.90,1979.54,10.00,42302482,Listed
BLIL.NS,BALMER LAWRIE INVSTS. L,EQ,2026-10-01,65.00,14430444576.90,1443.04,1.00,221972690,Permitted
BLISSGVS.NS,BLISS GVS PHARMA LTD,BE,2026-10-01,683.60,72649741759.20,7264.97,1.00,106275222,Listed
BLKASHYAP.NS,B.L.KASHYAP & SON LTD,EQ,2026-10-01,50.25,11323851200.00,1132.39,1.00,225440000,Listed
BLS.NS,BLS INTL SERVS LTD,EQ,2026-10-01,216.50,89146023991.10,8914.60,1.00,411740908,Listed
BLSE.NS,BLS E-SERVICES LIMITED,EQ,2026-10-01,322.05,29260330994.25,2926.03,10.00,90856485,Listed
BLUECLOUDS.NS,BLUE CLOUD SOFTECH SOLU L,EQ,2026-10-01,19.90,18350862208.00,1835.09,1.00,923081600,Permitted
BLUECOAST.NS,BLUE COAST HOTELS LIMITED,EQ,2026-10-01,22.00,432950254.00,43.30,10.00,19679557,Listed
BLUEDART.NS,BLUE DART EXPRESS LTD,EQ,2026-10-01,4496.80,106699773611.20,10669.98,10.00,23727934,Listed
BLUEJET.NS,BLUE JET HEALTHCARE LTD,EQ,2026-10-01,541.80,102549574801.80,10254.96,2.00,189275701,Listed
BLUEPEBBLE.NS,BLUE PEBBLE LIMITED,ST,2026-10-01,66.00,269280000.00,26.93,10.00,4080000,Listed
BLUESTARCO.NS,BLUE STAR LIMITED,EQ,2026-10-01,1459.60,300115344564.80,30011.53,2.00,205614788,Listed
BLUESTONE.NS,BLUESTONE JEWEL LFSTL LTD,EQ,2026-10-01,787.95,120381980604.75,12038.20,1.00,152778705,Listed
BLUEWATER.NS,BLUE WATER LOGISTICS LTD,ST,2026-10-01,579.50,6374500000.00,637.45,10.00,11000000,Listed
BLUSPRING.NS,BLUSPRING ENTERPRISES LTD,EQ,2026-10-01,147.80,22099402048.00,2209.94,10.00,149502111,Listed
BMETRICS.NS,BOMBAY METRICS S C LTD,SM,2026-10-01,36.60,450689472.00,45.07,10.00,12313920,Listed
BMLL.NS,BIO MEDICA LABORATORIES L,SM,2026-10-01,159.50,2005712659.50,200.57,10.00,12575001,Listed
BMWVENTLTD.NS,BMW VENTURES LIMITED,EQ,2026-10-01,50.85,4407723450.00,440.77,10.00,86715000,Listed
BNAGROCHEM.NS,BN AGROCHEM LTD.,EQ,2026-10-01,227.85,22275609148.05,2227.56,10.00,97772941,Permitted
BNKETFAXIS.NS,,,2026-10-01,,,,,,
BODALCHEM.NS,BODAL CHEMICALS LTD,BE,2026-10-01,189.75,23897886333.75,2389.79,2.00,125944065,Listed
BOHRAIND.NS,BOHRA INDUSTRIES LIMITED,EQ,2026-10-01,14.75,312077520.50,31.21,10.00,21172152,Listed
BOMDYEING.NS,BOMBAY DYEING & MFG. CO L,EQ,2026-10-01,102.65,21196676787.00,2119.67,2.00,206534900,Listed
BONLON.NS,BONLON INDUSTRIES LIMITED,EQ,2026-10-01,39.95,654842819.25,65.48,10.00,16383358,Listed
BORANA.NS,BORANA WEAVES LIMITED,EQ,2026-10-01,272.95,7272833270.25,727.28,10.00,26645295,Listed
BOROLTD.NS,BOROSIL LIMITED,EQ,2026-10-01,280.20,33508453645.80,3350.85,1.00,119587629,Listed
BORORENEW.NS,BOROSIL RENEWABLES LTD,EQ,2026-10-01,449.60,63210271104.00,6321.03,1.00,140592240,Listed
BOROSCI.NS,BOROSIL SCIENTIFIC LTD,EQ,2026-10-01,112.70,10026615898.00,1002.66,1.00,88951525,Listed
BOSCH-HCIL.NS,BOSCH HOME COMFRT IND LTD,EQ,2026-10-01,1967.20,53489907004.80,5348.99,10.00,27190884,Listed
BOSCHLTD.NS,BOSCH LIMITED,EQ,2026-10-01,45480.00,1341482628000.00,134148.26,10.00,29496100,Listed
BOSS.NS,BOSS PACKAGING SOLU LTD,ST,2026-10-01,59.70,265441722.00,26.54,10.00,4446260,Listed
BPCL.NS,BHARAT PETROLEUM CORP  LT,EQ,2026-10-01,300.60,1304154749692.80,130415.47,10.00,4338505488,Listed
BPL.NS,BPL LTD,EQ,2026-10-01,45.30,2218111762.80,221.81,10.00,48975751,Listed
BPLPHARMA.NS,BHARAT PARENTERALS LTD.,EQ,2026-10-01,1720.40,11856933145.20,1185.69,10.00,6891963,Permitted
BRACEPORT.NS,BRACE PORT LOGISTICS LTD,SM,2026-10-01,65.40,739098480.00,73.91,10.00,11301200,Listed
BRAHMINFRA.NS,BRAHMAPUTRA INFRA L,EQ,2026-10-01,148.85,4319388840.00,431.94,10.00,29018400,Permitted
BRANDMAN.NS,BRANDMAN RETAIL LIMITED,SM,2026-10-01,163.95,3026055644.70,302.61,10.00,18457186,Listed
BRIGADE.NS,BRIGADE ENTER. LTD,EQ,2026-10-01,569.55,185820974632.65,18582.10,10.00,326259283,Listed
BRIGHOTEL.NS,BRIGADE HOTEL VENTURE LTD,EQ,2026-10-01,56.95,21628235651.10,2162.82,10.00,379842565,Listed
BRIGHTBR.NS,BRIGHT BROTHERS LTD.,EQ,2026-10-01,241.85,1373764834.75,137.38,10.00,5680235,Permitted
BRITANNIA.NS,BRITANNIA INDUSTRIES LTD,EQ,2026-10-01,4778.00,1150868718288.00,115086.87,1.00,240868296,Listed
BRNL.NS,BHARAT ROAD NETWORK LTD,EQ,2026-10-01,16.05,1345718500.00,134.57,10.00,83950000,Listed
BROOKS.NS,BROOKS LAB LIMITED,EQ,2026-10-01,54.80,1614257190.40,161.43,10.00,29457248,Listed
BSE.NS,BSE LIMITED,EQ,2026-10-01,3046.00,1242414898542.00,124241.49,2.00,407884077,Listed
BSE500IETF.NS,,,2026-10-01,,,,,,
BSHSL.NS,BOMBAY SUPER HYBRID SEEDS,EQ,2026-10-01,83.95,8809484656.00,880.95,1.00,104937280,Listed
BSL.NS,BSL LTD,EQ,2026-10-01,118.20,1216534257.60,121.65,10.00,10292168,Listed
BSLGOLDETF.NS,,,2026-10-01,,,,,,
BSLNIFTY.NS,,,2026-10-01,,,,,,
BSLSENETFG.NS,,,2026-10-01,,,,,,
BSOFT.NS,BIRLASOFT LIMITED,EQ,2026-10-01,269.75,75440188356.00,7544.02,2.00,279667056,Listed
BTML.NS,BODHI TREE MULTIMEDIA LTD,EQ,2026-10-01,7.10,1288237238.95,128.82,1.00,181697777,Listed
BTTL.NS,BHILWARA TECHNICAL TEXT L,BE,2026-10-01,39.50,2305745547.50,230.57,1.00,58373305,Permitted
BUILDPRO.NS,SHANKARA BUILDPRO LIMITED,EQ,2026-10-01,1249.20,30292258039.20,3029.23,10.00,24249326,Listed
BURNPUR.NS,BURNPUR CEMENT LIMITED,BE,2026-10-01,12.55,216344404.90,21.63,10.00,17224873,Listed
BUTTERFLY.NS,BTRFLY GANDHI APPL LTD,EQ,2026-10-01,550.50,9842692825.50,984.27,10.00,17879551,Listed
BVCL.NS,BARAK VALLEY CEM. LTD.,EQ,2026-10-01,41.40,917202400.00,91.72,10.00,22160000,Listed
BYKE.NS,THE BYKE HOSPITALITY LTD,EQ,2026-10-01,28.80,1506166633.00,150.62,10.00,52279300,Listed
C2C.NS,C2C ADVANCED SYSTEMS LTD,SM,2026-10-01,189.15,3209579101.95,320.96,10.00,16968433,Listed
CALSOFT.NS,CALIFORNIA SOFTWARE CO LT,BE,2026-10-01,36.40,1275635637.10,127.56,10.00,35035310,Listed
CAMLINFINE.NS,CAMLIN FINE SCIENCES LTD,EQ,2026-10-01,91.00,17482712749.15,1748.27,1.00,192096613,Listed
CAMPUS.NS,CAMPUS ACTIVEWEAR LIMITED,EQ,2026-10-01,205.85,62918056973.45,6291.81,5.00,305679721,Listed
CAMS.NS,COMPUTER AGE MNGT SER LTD,EQ,2026-10-01,677.25,168241346500.50,16824.13,2.00,248418378,Listed
CANARYS.NS,CANARYS AUTOMATIONS LTD,SM,2026-10-01,27.45,1612547312.85,161.25,2.00,58744893,Listed
CANBK.NS,CANARA BANK,EQ,2026-10-01,118.35,1073602283133.60,107360.23,2.00,9070651260,Listed
CANFINHOME.NS,CAN FIN HOMES LTD,EQ,2026-10-01,711.00,94672914201.00,9467.29,2.00,133154591,Listed
CANHLIFE.NS,CANARA HSBC LIFE INS CO L,EQ,2026-10-01,143.85,136657500000.00,13665.75,10.00,950000000,Listed
CANTABIL.NS,CANTABIL RETAIL LTD,EQ,2026-10-01,224.65,18790122066.40,1879.01,2.00,83638040,Listed
CAPACITE.NS,CAPACITE INFRAPROJECT LTD,EQ,2026-10-01,180.35,15256647074.20,1525.66,10.00,84604043,Listed
CAPILLARY.NS,CAPILLARY TECHNO INDIA L,EQ,2026-10-01,554.70,44147869085.70,4414.79,2.00,79588731,Listed
CAPITALSFB.NS,CAPITAL SMALL FIN BANK L,EQ,2026-10-01,277.50,12616588837.50,1261.66,10.00,45465185,Listed
CAPLIPOINT.NS,CAPLIN POINT LAB LTD.,EQ,2026-10-01,2631.90,200055182702.40,20005.52,2.00,76011696,Listed
CAPTRUST.NS,CAPITAL TRUST LIMITED,BE,2026-10-01,19.05,648750034.30,64.88,10.00,34019404,Listed
CARBORUNIV.NS,CARBORUNDUM UNIVERSAL LTD,EQ,2026-10-01,1239.70,236169524544.80,23616.95,1.00,190505384,Listed
CARERATING.NS,CARE RATINGS LIMITED,EQ,2026-10-01,1602.70,48270778912.40,4827.08,10.00,30118412,Listed
CARRARO.NS,CARRARO INDIA LIMITED,EQ,2026-10-01,518.10,29454781837.80,2945.48,10.00,56851538,Listed
CARTRADE.NS,CARTRADE TECH LIMITED,EQ,2026-10-01,2806.60,136442536241.00,13644.25,10.00,48614885,Listed
CARYSIL.NS,CARYSIL LIMITED,EQ,2026-10-01,1044.80,29716834748.80,2971.68,2.00,28442606,Listed
CASHIETF.NS,,,2026-10-01,,,,,,
CASTROLIND.NS,CASTROL INDIA LIMITED,EQ,2026-10-01,199.05,196874919311.35,19687.49,5.00,989122384,Listed
CBAZAAR.NS,NET AVENUE TECHNOLOGIES L,SM,2026-10-01,5.45,116924725.10,11.69,1.00,21454078,Listed
CCAVENUE.NS,AVENUESAI LIMITED,EQ,2026-10-01,15.30,53302727170.00,5330.27,1.00,3488398375,Listed
CCCL.NS,CONS. CONST. CONSORT LTD,EQ,2026-10-01,13.45,6008914615.95,600.89,2.00,446759451,Listed
CCHHL.NS,COUNTRY CLUB HOSP HOL LTD,EQ,2026-10-01,13.00,2123406907.65,212.34,2.00,163464735,Listed
CCL.NS,CCL PRODUCTS (I) LTD,EQ,2026-10-01,1056.60,141085600272.00,14108.56,2.00,133527920,Listed
CDSL.NS,CENTRAL DEPO SER (I) LTD,EQ,2026-10-01,1242.50,259682500000.00,25968.25,10.00,209000000,Listed
CEATLTD.NS,CEAT LIMITED,EQ,2026-10-01,3286.60,132943272367.20,13294.33,10.00,40450092,Listed
CEDAAR.NS,CEDAAR TEXTILE LIMITED,ST,2026-10-01,11.00,152664600.00,15.27,10.00,13878600,Listed
CEIGALL.NS,CEIGALL INDIA LIMITED,EQ,2026-10-01,380.10,66215267666.10,6621.53,5.00,174204861,Listed
CEINSYS.NS,CEINSYS TECH LIMITED,EQ,2026-10-01,654.25,13698464709.25,1369.85,10.00,20937661,Listed
CELEBRITY.NS,CELEBRITY FASHIONS LTD,EQ,2026-10-01,6.25,404072645.95,40.41,10.00,64548346,Listed
CELLECOR.NS,CELLECOR GADGETS LIMITED,SM,2026-10-01,28.90,6425248508.20,642.52,1.00,222326938,Listed
CELLO.NS,CELLO WORLD LIMITED,EQ,2026-10-01,323.10,72871416006.30,7287.14,5.00,225538273,Listed
CELLPOINT.NS,CELL POINT (INDIA) LTD,SM,2026-10-01,16.05,299903880.00,29.99,10.00,18685600,Listed
CEMNTGROWW.NS,,,2026-10-01,,,,,,
CEMPRO.NS,CEMINDIA PROJECTS LIMITED,EQ,2026-10-01,1178.90,202520382777.60,20252.04,1.00,171787584,Listed
CENTENKA.NS,CENTURY ENKA LTD,EQ,2026-10-01,537.80,11751246764.20,1175.12,10.00,21850589,Listed
CENTEXT.NS,CENTURY EXTRUSIONS LTD,EQ,2026-10-01,18.20,1454400000.00,145.44,1.00,80000000,Listed
CENTRALBK.NS,CENTRAL BANK OF INDIA,EQ,2026-10-01,30.00,271542038220.00,27154.20,10.00,9051401274,Listed
CENTRUM.NS,CENTRUM CAPITAL LIMITED,EQ,2026-10-01,19.90,9687900960.60,968.79,1.00,486829194,Listed
CENTUM.NS,CENTUM ELECTRONICS LTD,EQ,2026-10-01,4701.70,69406570627.20,6940.66,10.00,14762016,Listed
CENTURYPLY.NS,CENTURY PLYBOARDS (I) LTD,EQ,2026-10-01,666.45,148067189185.50,14806.72,1.00,222172990,Listed
CERA.NS,CERA SANITARYWARE LTD,EQ,2026-10-01,5096.50,65732317706.50,6573.23,5.00,12897541,Listed
CESC.NS,CESC LTD,EQ,2026-10-01,131.60,174471579996.60,17447.16,1.00,1325570430,Listed
CEWATER.NS,CONCORD ENVIRO SYSTEMS L,EQ,2026-10-01,253.45,5245460253.85,524.55,5.00,20696233,Listed
CFEL.NS,CONFIDENCE FUTURIST ENE L,BE,2026-10-01,45.25,1132655400.00,113.27,5.00,25020000,Permitted
CGCL.NS,CAPRI GLOBAL CAPITAL LTD,EQ,2026-10-01,249.25,239797631949.25,23979.76,1.00,962153962,Listed
CGPOWER.NS,CG POWER AND IND SOL LTD,EQ,2026-10-01,879.00,1384820601861.00,138482.06,2.00,1575450059,Listed
CGRAPHICS.NS,CREATIVE GRAPHICS S IND L,SM,2026-10-01,148.80,3613756800.00,361.38,10.00,24286000,Listed
CGVAK.NS,C G V A K SOFTWARE & EX L,EQ,2026-10-01,147.25,743591448.00,74.36,10.00,5050200,Permitted
CHALET.NS,CHALET HOTELS LIMITED,EQ,2026-10-01,830.25,181819873941.75,18181.99,10.00,218994127,Listed
CHAMBLFERT.NS,CHAMBAL FERTILIZERS LTD,EQ,2026-10-01,399.30,159980462192.10,15998.05,10.00,400652297,Listed
CHANDAN.NS,CHANDAN HEALTHCARE LTD,SM,2026-10-01,227.10,5553063734.40,555.31,10.00,24452064,Listed
CHAVDA.NS,CHAVDA INFRA LIMITED,ST,2026-10-01,59.85,3908923200.00,390.89,10.00,65312000,Listed
CHEMBOND.NS,CHEMBOND MATERIALTECH LTD,EQ,2026-10-01,177.65,2388953880.30,238.90,5.00,13448288,Listed
CHEMBONDCH.NS,CHEMBOND CHEMICAL LIMITED,BE,2026-10-01,215.80,5804550066.55,580.46,5.00,26896576,Listed
CHEMCON.NS,CHEMCON SPECIAL CHEM LTD,EQ,2026-10-01,215.95,7909667266.95,790.97,10.00,36630701,Listed
CHEMCRUX.NS,CHEMCRUX ENTERPRISES LTD.,EQ,2026-10-01,78.25,1158495553.20,115.85,10.00,14808840,Permitted
CHEMFAB.NS,CHEMFAB ALKALIS LIMITED,EQ,2026-10-01,328.35,4719605051.70,471.96,10.00,14373702,Listed
CHEMICAL.NS,,,2026-10-01,,,,,,
CHEMPLASTS.NS,CHEMPLAST SANMAR LIMITED,EQ,2026-10-01,191.55,30287469995.45,3028.75,5.00,158109574,Listed
CHENNPETRO.NS,CHENNAI PETROLEUM CORP LT,EQ,2026-10-01,1346.40,200494308960.00,20049.43,10.00,148911400,Listed
CHETANA.NS,CHETANA EDUCATION LIMITED,SM,2026-10-01,40.00,816000000.00,81.60,10.00,20400000,Listed
CHEVIOT.NS,CHEVIOT COMPANY LIMITED,EQ,2026-10-01,1167.00,6817468125.00,681.75,10.00,5841875,Listed
CHOICEGOLD.NS,,,2026-10-01,,,,,,
CHOICEIN.NS,CHOICE INTERNATIONAL LTD,EQ,2026-10-01,719.40,160265414100.00,16026.54,10.00,222776500,Listed
CHOLAFIN.NS,CHOLAMANDALAM IN & FIN CO,EQ,2026-10-01,1580.00,1349810735360.00,134981.07,2.00,854310592,Listed
CHOLAHLDNG.NS,CHOLAMANDALAM FIN HOL LTD,EQ,2026-10-01,1369.60,257180011955.20,25718.00,1.00,187777462,Listed
CIEINDIA.NS,CIE AUTOMOTIVE INDIA LTD,EQ,2026-10-01,376.35,142773030583.95,14277.30,10.00,379362377,Listed
CIFL.NS,CAPITAL INDIA FINANCE LTD,EQ,2026-10-01,20.75,8118328788.00,811.83,2.00,391056300,Listed
CINELINE.NS,CINELINE INDIA LIMITED,EQ,2026-10-01,85.95,2945542666.65,294.55,5.00,34266434,Listed
CINEVISTA.NS,CINEVISTA LIMITED,EQ,2026-10-01,13.65,782859154.25,78.29,2.00,57436475,Listed
CIPLA.NS,CIPLA LTD,EQ,2026-10-01,1344.00,1085761752768.00,108576.18,2.00,807858447,Listed
CKKRETAIL.NS,C K K RETAIL MART LIMITED,SM,2026-10-01,168.65,3266413200.00,326.64,10.00,19368000,Listed
CLASSICEIL.NS,CLASSIC ELECTRODE (IND) L,SM,2026-10-01,51.05,917110697.50,91.71,10.00,17964950,Listed
CLAYCRAFT.NS,CLAY CRAFT INDIA LIMITED,SM,2026-10-01,167.20,3439350816.00,343.94,10.00,20570280,Listed
CLEAN.NS,CLEAN SCIENCE & TECH LTD,EQ,2026-10-01,803.05,85351463369.05,8535.15,1.00,106284121,Listed
CLEANMAX.NS,CLEAN MAX ENVIRO EN SOL L,EQ,2026-10-01,1299.80,152790671126.00,15279.07,1.00,117549370,Listed
CLEDUCATE.NS,CL EDUCATE LIMITED,EQ,2026-10-01,57.90,3144104560.75,314.41,5.00,54292947,Listed
CLSEL.NS,CHAMAN LAL SETIA EXP LTD,EQ,2026-10-01,281.95,14020138559.00,1402.01,2.00,49725620,Listed
CLSL.NS,CROP LIFE SCIENCE LIMITED,ST,2026-10-01,62.90,1078106000.00,107.81,10.00,17140000,Listed
CMLL.NS,CALIBER MINING AND LOG L,EQ,2026-10-01,523.05,34194804344.25,3419.48,10.00,65375785,Listed
CMNL.NS,CHAMAN METALLICS LIMITED,SM,2026-10-01,118.00,2847902152.00,284.79,10.00,24134764,Listed
CMPDI.NS,CENTRAL MINE P N D INST L,EQ,2026-10-01,204.40,145927320000.00,14592.73,2.00,714000000,Listed
CMRGREEN.NS,CMR GREEN TECHNOLOGIES L,EQ,2026-10-01,223.40,48932615132.80,4893.26,2.00,219055489,Listed
CMRSL.NS,CYBER MEDIA RES & SER LTD,SM,2026-10-01,70.65,206863200.00,20.69,10.00,2928000,Listed
CMSINFO.NS,CMS INFO SYSTEMS LIMITED,EQ,2026-10-01,220.70,35324395056.35,3532.44,10.00,160063415,Listed
CNL.NS,CREATIVE NEWTECH LIMITED,EQ,2026-10-01,1079.20,16205995660.00,1620.60,10.00,15016675,Listed
COALINDIA.NS,COAL INDIA LTD,EQ,2026-10-01,420.40,2590810988670.80,259081.10,10.00,6162728327,Listed
COASTCORP.NS,COASTAL CORPORATION LTD,EQ,2026-10-01,35.80,2399124378.60,239.91,2.00,66977230,Listed
COCHINSHIP.NS,COCHIN SHIPYARD LIMITED,EQ,2026-10-01,1287.00,338584963860.00,33858.50,5.00,263080780,Listed
COCKERILL.NS,JOHN COCKERILL INDIA LTD.,EQ,2026-10-01,7989.00,39448188057.00,3944.82,10.00,4937813,Permitted
COFFEEDAY.NS,COFFEE DAY ENTERPRISE LTD,EQ,2026-10-01,29.70,6272063537.10,627.21,10.00,211251719,Listed
COFORGE.NS,COFORGE LIMITED,EQ,2026-10-01,1826.00,808877992340.00,80887.80,2.00,442978090,Listed
COHANCE.NS,COHANCE LIFESCIENCES LTD,EQ,2026-10-01,451.30,172666175029.00,17266.62,1.00,382597330,Listed
COLPAL.NS,COLGATE PALMOLIVE LTD.,EQ,2026-10-01,1735.00,471895074990.00,47189.51,1.00,271985634,Listed
COMFINTE.NS,COMFORT INTECH LTD.,EQ,2026-10-01,6.25,1993214238.40,199.32,1.00,319938080,Permitted
COMMITTED.NS,COMMITTED CARGO CARE LTD,SM,2026-10-01,323.80,3747855480.00,374.79,10.00,11574600,Listed
COMMOIETF.NS,,,2026-10-01,,,,,,
COMPEAU.NS,COMPETENT AUTOMOB CO. L,EQ,2026-10-01,362.45,2323123275.00,232.31,10.00,6409500,Permitted
COMPINFO.NS,COMPUAGE INFOCOM LTD,BZ,2026-10-01,1.10,93487189.75,9.35,2.00,85768064,Listed
COMPUSOFT.NS,COMPUCOM SOFTWARE LTD,EQ,2026-10-01,13.05,1032583703.40,103.26,2.00,79125188,Listed
COMSYN.NS,COMMERCIAL SYN BAGS LTD,EQ,2026-10-01,262.40,10585006080.00,1058.50,10.00,40339200,Listed
CONCOR.NS,CONTAINER CORP OF IND LTD,EQ,2026-10-01,442.00,336635127270.00,33663.51,5.00,761617935,Listed
CONCORDBIO.NS,CONCORD BIOTECH LIMITED,EQ,2026-10-01,1374.10,143753125916.40,14375.31,1.00,104616204,Listed
CONFIPET.NS,CONFIDENCE PETRO IND LTD.,EQ,2026-10-01,86.05,28589341750.15,2858.93,1.00,332241043,Listed
CONNPLEX.NS,CONNPLEX CINEMAS LIMITED,SM,2026-10-01,246.10,4700510000.00,470.05,10.00,19100000,Listed
CONS.NS,,,2026-10-01,,,,,,
CONSOFINVT.NS,CONSO. FIN. & HOLD. LTD.,BE,2026-10-01,279.60,9038451933.60,903.85,10.00,32326366,Listed
CONSUMAXIS.NS,,,2026-10-01,,,,,,
CONSUMBEES.NS,,,2026-10-01,,,,,,
CONSUMER.NS,,,2026-10-01,,,,,,
CONSUMIETF.NS,,,2026-10-01,,,,,,
CONTROLPR.NS,CONTROL PRINT LIMITED,EQ,2026-10-01,618.00,9884423016.00,988.44,10.00,15994212,Listed
COOLCAPS.NS,COOL CAPS INDUSTRIES LTD,SM,2026-10-01,21.15,2487755425.50,248.78,2.00,117624370,Listed
CORALFINAC.NS,CORAL INDIA FIN & HOUS LT,EQ,2026-10-01,31.25,1259444531.25,125.94,2.00,40302225,Listed
CORDELIA.NS,WATERWAYS LEISURE TOUR L,EQ,2026-10-01,100.90,73053333341.30,7305.33,1.00,723945430,Listed
CORDSCABLE.NS,CORDS CABLE INDUS LTD.,BE,2026-10-01,318.90,4122669042.00,412.27,10.00,12927780,Listed
COROMANDEL.NS,COROMANDEL INTERNTL. LTD,EQ,2026-10-01,1763.60,520369401476.40,52036.94,1.00,295060899,Listed
CORONA.NS,CORONA REMEDIES LIMITED,EQ,2026-10-01,2029.40,124118282587.20,12411.83,10.00,61160088,Listed
COSMOFIRST.NS,COSMO FIRST LIMITED,EQ,2026-10-01,826.85,21704586769.95,2170.46,10.00,26249727,Listed
COUNCODOS.NS,COUNTRY CONDO S LIMITED,BE,2026-10-01,6.35,491190909.00,49.12,1.00,77597300,Listed
CPCAP.NS,CP CAPITAL LIMITED,EQ,2026-10-01,140.85,2562475458.15,256.25,10.00,18192939,Listed
CPEDU.NS,CAREER POINT EDUTECH LTD,EQ,2026-10-01,176.35,3208506722.05,320.85,10.00,18192939,Listed
CPL.NS,CAPTAIN POLYPLAST LIMITED,EQ,2026-10-01,62.45,3758767223.40,375.88,2.00,60178790,Listed
CPPLUS.NS,ADITYA INFOTECH LIMITED,EQ,2026-10-01,3799.60,449494332826.00,44949.43,1.00,118300435,Listed
CPS.NS,C P S SHAPERS LIMITED,SM,2026-10-01,1135.00,2621049825.00,262.10,10.00,2309295,Listed
CPSEETF.NS,,,2026-10-01,,,,,,
CRAFTSMAN.NS,CRAFTSMAN AUTOMATION LTD,EQ,2026-10-01,10266.00,268501409178.00,26850.14,5.00,26154433,Listed
CRAMC.NS,CANARA ROBECO AMC LIMITED,EQ,2026-10-01,216.50,43177861510.55,4317.79,10.00,199417428,Listed
CRAVATEX.NS,CRAVATEX LTD.,EQ,2026-10-01,349.00,901871840.00,90.19,10.00,2584160,Permitted
CRAYONS.NS,CRAYONS ADVERTISING LTD,SM,2026-10-01,25.00,610750000.00,61.08,10.00,24430000,Listed
CREATIVEYE.NS,CREATIVE EYE LIMITED,EQ,2026-10-01,6.15,123759402.50,12.38,5.00,20058250,Listed
CREDENT.NS,CREDENT CONNECT N CARE L,SM,2026-10-01,382.10,6962970090.00,696.30,10.00,18222900,Listed
CREDITACC.NS,CREDITACCESS GRAMEEN LTD,EQ,2026-10-01,1239.00,198840283110.00,19884.03,10.00,160484490,Listed
CREST.NS,CREST VENTURES LIMITED,EQ,2026-10-01,362.35,10308775971.25,1030.88,10.00,28449775,Listed
CRESTO.NS,CRESTO TECHNO LIMITED,BE,2026-10-01,22.05,305080205.85,30.51,10.00,13835837,Listed
CRISIL.NS,CRISIL LTD,EQ,2026-10-01,4428.60,323863593286.20,32386.36,1.00,73130017,Listed
CRIZAC.NS,CRIZAC LIMITED,EQ,2026-10-01,166.90,29202829425.00,2920.28,2.00,174982500,Listed
CROMPTON.NS,CROMPT GREA CON ELEC LTD,EQ,2026-10-01,202.70,130521545162.50,13052.15,2.00,643914875,Listed
CROWN.NS,CROWN LIFTERS LIMITED,EQ,2026-10-01,111.55,1292632700.00,129.26,10.00,11590000,Listed
CRSL.NS,CRESSANDA RAILWAY SOLUT L,BE,2026-10-01,2.15,905529670.85,90.55,1.00,423144706,Permitted
CSBBANK.NS,CSB BANK LIMITED,EQ,2026-10-01,304.75,52869805778.25,5286.98,10.00,173485827,Listed
CSLFINANCE.NS,CSL FINANCE LIMITED,EQ,2026-10-01,208.35,4746531259.15,474.65,10.00,22782621,Listed
CSM.NS,CSM TECHNOLOGIES LIMITED,EQ,2026-10-01,94.25,4863627236.00,486.36,10.00,51603472,Listed
CSSL.NS,CLEAR SECURED SERVICES L,SM,2026-10-01,69.60,1673678995.20,167.37,10.00,24047112,Listed
CTE.NS,CAMBRIDGE TECH ENTER LTD,BE,2026-10-01,38.90,763842793.65,76.38,10.00,19631015,Listed
CUB.NS,CITY UNION BANK LTD,EQ,2026-10-01,230.05,227920696229.50,22792.07,1.00,990787238,Listed
CUBEXTUB.NS,CUBEXTUBINGS-ROLLSETT,BE,2026-10-01,166.10,2378381747.50,237.84,10.00,14318975,Listed
CUDML.NS,CASH UR DRIVE MARKETING L,SM,2026-10-01,106.95,1887218310.00,188.72,10.00,17645800,Listed
CUMMINSIND.NS,CUMMINS INDIA LTD,EQ,2026-10-01,4860.00,1347192000000.00,134719.20,2.00,277200000,Listed
CUPID.NS,CUPID LIMITED,EQ,2026-10-01,312.50,420206468750.00,42020.65,1.00,1344660700,Listed
CURAA.NS,CURA TECHNOLOGIES LIMITED,BE,2026-10-01,72.25,715275000.00,71.53,10.00,9900000,Listed
CURIS.NS,CURIS LIFESCIENCES LTD,ST,2026-10-01,206.50,1669435621.00,166.94,10.00,8084434,Listed
CURRENT.NS,CURRENT INFRAPROJECTS LTD,SM,2026-10-01,96.00,1838208000.00,183.82,10.00,19148000,Listed
CYBERMEDIA.NS,CYBER MEDIA (INDIA) LTD.,BE,2026-10-01,17.95,371024720.30,37.10,10.00,20658392,Listed
CYBERTECH.NS,CYBERTECH SYSTEMS & SOFTW,BE,2026-10-01,135.95,4130241618.35,413.02,10.00,30380593,Listed
CYIENT.NS,CYIENT LIMITED,EQ,2026-10-01,1104.60,115710151649.40,11571.02,5.00,104752989,Listed
CYIENTDLM.NS,CYIENT DLM LIMITED,EQ,2026-10-01,893.90,70960792655.20,7096.08,10.00,79383368,Listed
DABUR.NS,DABUR INDIA LTD,EQ,2026-10-01,374.25,663903416980.50,66390.34,1.00,1773957026,Listed
DAICHI.NS,DAI-ICHI KARKARIA LTD.,BE,2026-10-01,317.10,2362784715.90,236.28,10.00,7451229,Permitted
DALBHARAT.NS,DALMIA BHARAT LIMITED,EQ,2026-10-01,1682.10,315504689541.30,31550.47,2.00,187565953,Listed
DALMIASUG.NS,DALMIA BHARAT SUG IN LTD,EQ,2026-10-01,396.70,32108621500.10,3210.86,2.00,80939303,Listed
DAMCAPITAL.NS,DAM CAPITAL ADVISORS LTD,EQ,2026-10-01,146.55,10359740160.00,1035.97,2.00,70686000,Listed
DAMODARIND.NS,DAMODAR INDUSTRIES LTD,BE,2026-10-01,26.60,619547000.00,61.95,5.00,23300000,Listed
DANGEE.NS,DANGEE DUMS LIMITED,EQ,2026-10-01,2.90,446527500.00,44.65,1.00,153975000,Listed
DANISH.NS,DANISH POWER LIMITED,SM,2026-10-01,953.50,18775950135.00,1877.60,10.00,19691610,Listed
DATAMATICS.NS,DATAMATICS GLOBAL SER LTD,EQ,2026-10-01,790.30,46711779226.70,4671.18,5.00,59106389,Listed
DATAPATTNS.NS,DATA PATTERNS INDIA LTD,EQ,2026-10-01,4251.30,238004647409.70,23800.46,2.00,55983969,Listed
DAVANGERE.NS,DAVANGERE SUGAR COMPANY L,EQ,2026-10-01,2.25,3231779203.50,323.18,1.00,1429990798,Listed
DBCORP.NS,D.B.CORP LTD,EQ,2026-10-01,172.50,30752497221.10,3075.25,10.00,178254679,Listed
DBEIL.NS,DEEPAK BUILDERS & ENG I L,EQ,2026-10-01,6.50,3027755900.00,302.78,1.00,465808600,Listed
DBL.NS,DILIP BUILDCON LIMITED,EQ,2026-10-01,399.10,64831732850.30,6483.17,10.00,162444833,Listed
DBOL.NS,DHAMPUR BIO ORGANICS LTD,EQ,2026-10-01,120.90,8026923506.90,802.69,10.00,66387590,Listed
DBREALTY.NS,VALOR ESTATE LIMITED,EQ,2026-10-01,91.70,49738699983.70,4973.87,10.00,542406761,Listed
DBSTOCKBRO.NS,DB (INT) STOCK BROKERS,BE,2026-10-01,31.50,1102500000.00,110.25,2.00,35000000,Listed
DCAL.NS,DISHMAN CARBO AMCIS LTD,EQ,2026-10-01,150.35,23572338333.25,2357.23,2.00,156783095,Listed
DCBBANK.NS,DCB BANK LIMITED,EQ,2026-10-01,199.70,64342360501.00,6434.24,10.00,322178962,Listed
DCG.NS,DCG CABLES & WIRES LTD,ST,2026-10-01,76.40,1386629440.00,138.66,10.00,18149600,Listed
DCI.NS,DC INFOTECH AND COMUN LTD,EQ,2026-10-01,342.95,5624380000.00,562.44,10.00,16400000,Listed
DCM.NS,DCM LTD,EQ,2026-10-01,72.85,1360300459.65,136.03,10.00,18677749,Listed
DCMFINSERV.NS,DCM FINANCIAL SERVICES LT,EQ,2026-10-01,5.05,95224674.10,9.52,10.00,18781987,Listed
DCMNVL.NS,DCM NOUVELLE LIMITED,EQ,2026-10-01,166.45,3109284876.05,310.93,10.00,18677749,Listed
DCMSHRIRAM.NS,DCM SHRIRAM LIMITED,EQ,2026-10-01,906.85,141416271127.60,14141.63,2.00,155942296,Listed
DCMSIL.NS,DCM SHRIRAM INTERNATNL L,EQ,2026-10-01,80.25,6981122846.25,698.11,2.00,86992185,Listed
DCMSRIND.NS,DCM SHRIRAM IND LTD,EQ,2026-10-01,37.70,3278735452.65,327.87,2.00,86992185,Listed
DCW.NS,DCW LTD,EQ,2026-10-01,44.60,13169816858.55,1316.98,2.00,295155017,Listed
DCXINDIA.NS,DCX SYSTEMS LIMITED,EQ,2026-10-01,159.00,17709328028.75,1770.93,2.00,111386427,Listed
DDEVPLSTIK.NS,DDEV PLASTIKS IND LTD,EQ,2026-10-01,247.60,25621856773.05,2562.19,1.00,103476664,Listed
DECCANCE.NS,DECCAN CEMENTS LIMITED,EQ,2026-10-01,548.95,7689417125.00,768.94,5.00,14007500,Listed
DECCANTRAN.NS,DECCAN TRANSCON LEASING L,SM,2026-10-01,21.70,493098821.60,49.31,10.00,22723448,Listed
DECNGOLD.NS,DECCAN GOLD MINES LTD.,EQ,2026-10-01,195.70,38727386608.35,3872.74,1.00,197901715,Permitted
DEEDEV.NS,DEE DEVELOPMENT ENG LTD,EQ,2026-10-01,663.20,49898795281.60,4989.88,10.00,75239438,Listed
DEEM.NS,DEEM ROLL TECH LIMITED,SM,2026-10-01,47.00,391851784.00,39.19,10.00,8337272,Listed
DEEP.NS,DEEP POLYMERS LTD.,BE,2026-10-01,42.70,1032244200.00,103.22,10.00,24180000,Permitted
DEEPA.NS,DEEPA JEWELLERS LIMITED,EQ,2026-10-01,192.15,18472205385.80,1847.22,2.00,96124293,Listed
DEEPAKFERT.NS,DEEPAK FERTILIZERS & PETR,EQ,2026-10-01,1300.90,164222786542.50,16422.28,10.00,126237825,Listed
DEEPAKNTR.NS,DEEPAK NITRITE LTD,EQ,2026-10-01,1492.80,203607531604.80,20360.75,2.00,136393041,Listed
DEEPINDS.NS,DEEP INDUSTRIES LIMITED,EQ,2026-10-01,749.00,47936000000.00,4793.60,5.00,64000000,Listed
DEFENCE.NS,,,2026-10-01,,,,,,
DELAPLEX.NS,DELAPLEX LIMITED,SM,2026-10-01,94.50,865476360.00,86.55,10.00,9158480,Listed
DELHIVERY.NS,DELHIVERY LIMITED,EQ,2026-10-01,400.00,299717747600.00,29971.77,1.00,749294369,Listed
DELPHIFX.NS,DELPHI WORLD MONEY LTD,BE,2026-10-01,6.90,1692347647.50,169.23,2.00,245267775,Listed
DELTACORP.NS,DELTA CORP LIMITED,EQ,2026-10-01,73.50,19675820207.55,1967.58,1.00,267771097,Listed
DELTAMAGNT.NS,DELTA MANUFACTURING LTD,EQ,2026-10-01,54.10,586828569.60,58.68,10.00,10851120,Listed
DELTIC.NS,DELTA AUTOCORP LIMITED,SM,2026-10-01,35.95,549664643.10,54.97,10.00,15289698,Listed
DEN.NS,DEN NETWORKS LTD,EQ,2026-10-01,25.40,12126257901.45,1212.63,10.00,477223845,Listed
DENEERS.NS,DE NEERS TOOLS LIMITED,SM,2026-10-01,173.55,1535292720.00,153.53,10.00,8846400,Listed
DENORA.NS,DE NORA INDIA LIMITED,EQ,2026-10-01,723.90,3842920152.60,384.29,10.00,5308634,Listed
DENTA.NS,DENTA WATER N INFRA SOL L,EQ,2026-10-01,260.65,6959355000.00,695.94,10.00,26700000,Listed
DENTALKART.NS,VASA DENTICITY LIMITED,SM,2026-10-01,459.00,8029538991.00,802.95,10.00,17493549,Listed
DEVIT.NS,DEV INFO TECHNOLOGY LTD,EQ,2026-10-01,20.75,1169547065.50,116.95,2.00,56363714,Listed
DEVX.NS,DEV ACCELERATOR LIMITED,EQ,2026-10-01,36.30,3433247327.40,343.32,2.00,94631955,Listed
DEVYANI.NS,DEVYANI INTERNATIONAL LTD,EQ,2026-10-01,127.05,156669659242.35,15666.97,1.00,1232939791,Listed
DGCONTENT.NS,DIGICONTENT LIMITED,EQ,2026-10-01,25.45,1479697393.55,147.97,2.00,58187078,Listed
DHABRIYA.NS,DHABRIYA POLYWOOD LTD.,BE,2026-10-01,463.80,5020284831.00,502.03,10.00,10824245,Permitted
DHAMPURSUG.NS,DHAMPUR SUGAR MILLS LTD.,EQ,2026-10-01,171.05,11000271429.55,1100.03,10.00,64306509,Listed
DHANBANK.NS,DHANLAXMI BANK LIMITED,EQ,2026-10-01,26.95,10645028011.45,1064.50,10.00,394698851,Listed
DHANSA.NS,DHANSA LABS LIMITED,ST,2026-10-01,25.70,691415838.00,69.14,10.00,26903340,Listed
DHANUKA.NS,DHANUKA AGRITECH LTD,EQ,2026-10-01,935.05,41682961856.20,4168.30,2.00,44578324,Listed
DHARAN.NS,DHARAN INFRA-EPC LIMITED,BZ,2026-10-01,0.15,679738598.75,67.97,1.00,5228758452,Listed
DHARARAIL.NS,DHARA RAIL PROJECTS LTD,ST,2026-10-01,140.20,2114776800.00,211.48,10.00,15084000,Listed
DHARIWAL.NS,DHARIWALCORP LIMITED,SM,2026-10-01,29.00,2726406000.00,272.64,2.00,94014000,Listed
DHARMAJ.NS,DHARMAJ CROP GUARD LTD,EQ,2026-10-01,267.65,9045846274.40,904.58,10.00,33797296,Listed
DHATRE.NS,DHATRE UDYOG LTD.,EQ,2026-10-01,4.00,437997090.00,43.80,1.00,108954500,Permitted
DHOOTTRANS.NS,DHOOT TRANSMISSION LTD,EQ,2026-10-01,1443.40,295244665473.80,29524.47,2.00,204548057,Listed
DHRUV.NS,DHRUV CONSULTANCY SER LTD,EQ,2026-10-01,19.75,374400072.05,37.44,10.00,18966569,Listed
DHTL.NS,DOCMODE HEALTH TECH LTD,SM,2026-10-01,23.75,74641500.00,7.46,10.00,3142800,Listed
DHUNINV.NS,DHUNSERI INVESTMENTS LTD,EQ,2026-10-01,967.30,5897800279.40,589.78,10.00,6097178,Listed
DIACABS.NS,DIAMOND POWER INFRA LTD,BE,2026-10-01,345.00,206334515700.00,20633.45,1.00,598071060,Listed
DIAMINESQ.NS,DIAMINES & CHEMICALS LTD,EQ,2026-10-01,236.30,2376219694.90,237.62,10.00,10055519,Listed
DIAMONDYD.NS,PRATAAP SNACKS LIMITED,EQ,2026-10-01,1073.00,25676841715.00,2567.68,5.00,23929955,Listed
DICIND.NS,DIC INDIA LIMITED,EQ,2026-10-01,613.65,5632679236.05,563.27,10.00,9178977,Listed
DIFFNKG.NS,DIFFUSION ENGINEERS LTD,EQ,2026-10-01,464.40,17380754679.60,1738.08,10.00,37426259,Listed
DIGIDRIVE.NS,DIGIDRIVE DISTRIBUTORS L,EQ,2026-10-01,17.60,679075023.80,67.91,10.00,38561898,Listed
DIGIKORE.NS,DIGIKORE STUDIOS LIMITED,SM,2026-10-01,37.25,471793600.00,47.18,10.00,12665600,Listed
DIGISPICE.NS,DIGISPICE TECHNOLOGIES LT,EQ,2026-10-01,14.80,3470785657.75,347.08,3.00,234671106,Listed
DIGITIDE.NS,DIGITIDE SOLUTIONS LTD,EQ,2026-10-01,72.35,10791668902.20,1079.17,10.00,149179830,Listed
DIGJAMLMTD.NS,DIGJAM LTD,BE,2026-10-01,47.95,959200000.00,95.92,10.00,20000000,Listed
DISAQ.NS,DISA INDIA LTD.,EQ,2026-10-01,11249.00,16358352045.00,1635.84,10.00,1454205,Permitted
DISHTV.NS,DISH TV INDIA LTD.,EQ,2026-10-01,2.15,3958700516.10,395.87,1.00,1841256054,Listed
DIVGIITTS.NS,DIVGI TORQTRANSFER SYST L,EQ,2026-10-01,1136.40,34754438242.80,3475.44,5.00,30582927,Listed
DIVIDEND.NS,,,2026-10-01,,,,,,
DIVINEHIRA.NS,DIVINE HIRA JEWELLERS LTD,ST,2026-10-01,106.15,4154848995.00,415.48,10.00,39141300,Listed
DIVISLAB.NS,DIVI S LABORATORIES LTD,EQ,2026-10-01,9249.00,2455318896420.00,245531.89,2.00,265468580,Listed
DIVOPPBEES.NS,,,2026-10-01,,,,,,
DIVYADHAN.NS,DIVYADHAN RECYCLING IND L,SM,2026-10-01,43.00,615188702.00,61.52,10.00,14306714,Listed
DIXON.NS,DIXON TECHNO (INDIA) LTD,EQ,2026-10-01,12700.00,776866442200.00,77686.64,2.00,61170586,Listed
DJML.NS,DJ MEDIAPRINT & LOG LTD,EQ,2026-10-01,72.60,2517377953.70,251.74,10.00,34669852,Listed
DLF.NS,DLF LIMITED,EQ,2026-10-01,658.40,1629747419702.40,162974.74,2.00,2475315036,Listed
DLINKINDIA.NS,D-LINK INDIA LTD,EQ,2026-10-01,406.60,14436272010.00,1443.63,2.00,35504850,Listed
DMART.NS,AVENUE SUPERMARTS LIMITED,EQ,2026-10-01,3813.00,2487013910301.00,248701.39,10.00,652245977,Listed
DMCC.NS,DMCC SPECIALITY CHEMICALS,EQ,2026-10-01,308.70,7698957317.10,769.90,10.00,24939933,Listed
DNAMEDIA.NS,DILIGENT MEDIA CORP LTD.,EQ,2026-10-01,2.40,284853403.55,28.49,1.00,117708018,Listed
DODLA.NS,DODLA DAIRY LIMITED,EQ,2026-10-01,1006.30,60707874196.70,6070.79,10.00,60327809,Listed
DOLATALGO.NS,DOLAT ALGOTECH LIMITED,EQ,2026-10-01,62.85,11063360000.00,1106.34,1.00,176000000,Listed
DOLLAR.NS,DOLLAR INDUSTRIES LIMITED,EQ,2026-10-01,272.10,15432456252.00,1543.25,2.00,56716120,Listed
DOLLEX.NS,DOLLEX AGROTECH LIMITED,EQ,2026-10-01,38.25,1527642112.00,152.76,10.00,39948800,Listed
DOLPHIN.NS,DOLPHIN OFF ENT (IND) L,EQ,2026-10-01,628.10,25126876698.00,2512.69,1.00,40004580,Listed
DOMS.NS,DOMS INDUSTRIES LIMITED,EQ,2026-10-01,2097.50,127293784760.00,12729.38,10.00,60688336,Listed
DONEAR.NS,DONEAR IND. LIMITED,EQ,2026-10-01,80.30,4175080000.00,417.51,2.00,52000000,Listed
DPABHUSHAN.NS,D. P. ABHUSHAN LIMITED,EQ,2026-10-01,1874.00,42779522080.00,4277.95,10.00,22827920,Listed
DPEL.NS,DIVINE POWER ENERGY LTD,SM,2026-10-01,618.75,15447143250.00,1544.71,10.00,24965080,Listed
DPSCLTD.NS,DPSC LIMITED,BE,2026-10-01,6.80,6621769552.00,662.18,1.00,973789640,Listed
DPWIRES.NS,D P WIRES LIMITED,BE,2026-10-01,164.00,2541917811.55,254.19,10.00,15500444,Listed
DRAGARWQ.NS,DR. AGARWAL'S EYE HOSP L,EQ,2026-10-01,5159.00,24932554493.00,2493.26,10.00,4832827,Permitted
DRCSYSTEMS.NS,DRC SYSTEMS INDIA LIMITED,EQ,2026-10-01,13.00,1875938916.60,187.59,1.00,144081330,Listed
DREAMFOLKS.NS,DREAMFOLKS SERVICES LTD,EQ,2026-10-01,61.50,3276096513.00,327.61,2.00,53269862,Listed
DREDGECORP.NS,DREDGING CORP OF INDIA,EQ,2026-10-01,895.20,25065600000.00,2506.56,10.00,28000000,Listed
DRONE.NS,DRONE DESTINATION LIMITED,SM,2026-10-01,33.10,807639933.80,80.76,10.00,24399998,Listed
DRREDDY.NS,DR. REDDY S LABORATORIES,EQ,2026-10-01,1206.20,1006791359767.00,100679.14,1.00,834680285,Listed
DSFCL.NS,DCM SHRIRAM FINE CHEM LTD,BE,2026-10-01,27.90,2427081961.50,242.71,2.00,86992185,Listed
DSSL.NS,DYNACONS SYS & SOLN LTD,EQ,2026-10-01,948.75,12084304650.00,1208.43,10.00,12737080,Listed
DTIL.NS,DHUNSERI TEA & IND. LTD.,BE,2026-10-01,158.55,1666162699.40,166.62,10.00,10507427,Listed
DTL.NS,DIENSTEN TECH LIMITED,SM,2026-10-01,120.05,991690552.30,99.17,10.00,8260646,Listed
DUCOL.NS,DUCOL ORGS AND COLOURS LT,SM,2026-10-01,120.90,2183291389.50,218.33,10.00,18058655,Listed
DUCON.NS,DUCON INFRATECHNOLOGIES L,EQ,2026-10-01,1.30,747328849.80,74.73,1.00,574868346,Listed
DUGLOBAL.NS,DUDIGITAL GLOBAL LIMITED,SM,2026-10-01,21.75,1564732866.75,156.47,2.00,71941741,Listed
DURLAX.NS,DURLAX TOP SURFACE LTD,SM,2026-10-01,65.25,1887825919.50,188.78,10.00,28932198,Listed
DVL.NS,DHUNSERI VENTURES LIMITED,EQ,2026-10-01,278.70,9761398939.80,976.14,10.00,35024754,Listed
DWARKESH.NS,DWARIKESH SUGAR IND LTD,EQ,2026-10-01,41.95,7775249681.20,777.52,1.00,185301470,Listed
DYCL.NS,DYNAMIC CABLES LIMITED,EQ,2026-10-01,428.00,20740297064.00,2074.03,10.00,48458638,Listed
DYNAMATECH.NS,DYNAMATIC TECHNOLOGIES,EQ,2026-10-01,13756.00,93423089908.00,9342.31,10.00,6791443,Listed
DYNAMIC.NS,DYNAMIC SRVCS & SEC LTD,SM,2026-10-01,129.95,3056189050.40,305.62,10.00,23518192,Listed
DYNPRO.NS,DYNEMIC PRODUCTS LIMITED,EQ,2026-10-01,224.60,2791167152.45,279.12,10.00,12428387,Listed
E2E.NS,E2E NETWORKS LIMITED,BE,2026-10-01,648.00,133206048720.00,13320.60,1.00,205564890,Listed
E2ERAIL.NS,E TO E TRANS INFRA LTD,SM,2026-10-01,322.80,5570743596.00,557.07,10.00,17257570,Listed
EASEMYTRIP.NS,EASY TRIP PLANNERS LTD,EQ,2026-10-01,5.75,22951594742.40,2295.16,1.00,3984651865,Listed
EASTSILK.NS,EASTERN SILK INDUSTRIES L,BE,2026-10-01,70.10,350600000.00,35.06,2.00,5000000,Listed
EASTWEST.NS,EAST WEST FREIGHT CARRI L,EQ,2026-10-01,2.30,292146750.00,29.21,2.00,127575000,Permitted
EBANK10.NS,,,2026-10-01,,,,,,
EBANKNIFTY.NS,,,2026-10-01,,,,,,
EBBETF0430.NS,,,2026-10-01,,,,,,
EBBETF0431.NS,,,2026-10-01,,,,,,
EBBETF0433.NS,,,2026-10-01,,,,,,
EBGNG.NS,GNG ELECTRONICS LIMITED,EQ,2026-10-01,704.70,80343916029.90,8034.39,2.00,114011517,Listed
EBIX.NS,EBIX LIMITED,BE,2026-10-01,16.90,3619428362.40,361.94,1.00,214294160,Permitted
ECAPINSURE.NS,,,2026-10-01,,,,,,
ECLERX.NS,ECLERX SERVICES LTD,EQ,2026-10-01,1802.90,169564039482.20,16956.40,10.00,94050718,Listed
ECOLINE.NS,ECOLINE EXIM LIMITED,SM,2026-10-01,179.15,3675329610.40,367.53,10.00,20515376,Listed
ECORECO.NS,ECO RECYCLING LTD.,EQ,2026-10-01,388.60,7498717050.00,749.87,10.00,19296750,Permitted
ECOSMOBLTY.NS,ECOS (INDIA) MOB & HOSP L,EQ,2026-10-01,105.00,6300600000.00,630.06,2.00,60000000,Listed
EDELWEISS.NS,EDELWEISS FIN SERV LTD,EQ,2026-10-01,137.90,130528018103.70,13052.80,1.00,946541103,Listed
EEPL.NS,EPPELTONE ENGINEERS LTD,ST,2026-10-01,130.00,1684710560.00,168.47,10.00,12959312,Listed
EFACTOR.NS,E FACTOR EXPERIENCES LTD,SM,2026-10-01,185.75,2439157178.50,243.92,10.00,13131398,Listed
EFCIL.NS,EFC (I) LIMITED,EQ,2026-10-01,171.20,25328382934.40,2532.84,2.00,147946162,Listed
EFFWA.NS,EFFWA INFRA & RESEARCH L,SM,2026-10-01,342.90,7937163564.30,793.72,10.00,23147167,Listed
EFORCE.NS,ELECTRO FORCE (INDIA) LTD,SM,2026-10-01,18.40,430560018.40,43.06,10.00,23400001,Listed
EGOLD.NS,,,2026-10-01,,,,,,
EICHERMOT.NS,EICHER MOTORS LTD,EQ,2026-10-01,6920.00,1899690205520.00,189969.02,1.00,274521706,Listed
EIDPARRY.NS,EID PARRY INDIA LTD,EQ,2026-10-01,674.55,120040012038.60,12004.00,1.00,177955692,Listed
EIEL.NS,ENVIRO INFRA ENGINEERS L,EQ,2026-10-01,184.00,32297520000.00,3229.75,10.00,175530000,Listed
EIFFL.NS,EURO (I) FRESH FOODS LTD,BE,2026-10-01,267.75,6640200000.00,664.02,10.00,24800000,Listed
EIHAHOTELS.NS,EIH ASSOCIATED HOTELS LTD,EQ,2026-10-01,296.10,18043236653.40,1804.32,10.00,60936294,Listed
EIHOTEL.NS,EIH LIMITED,EQ,2026-10-01,297.85,186264721608.70,18626.47,2.00,625364182,Listed
EIMCOELECO.NS,EIMCO ELECON (INDIA) LTD,EQ,2026-10-01,2268.80,13087311888.00,1308.73,10.00,5768385,Listed
EKC.NS,EVEREST KANTO CYLINDERLTD,EQ,2026-10-01,106.00,11895136368.80,1189.51,2.00,112207682,Listed
EKI.NS,EKI ENERGY SERVICES LTD,BE,2026-10-01,97.95,2711917162.50,271.19,10.00,27686750,Permitted
ELANTAS.NS,ELANTAS BECK INDIA LTD.,EQ,2026-10-01,13474.00,106817587268.00,10681.76,10.00,7927682,Permitted
ELCIDIN.NS,ELCID INVESTMENTS LTD.,EQ,2026-10-01,102155.00,20431000000.00,2043.10,10.00,200000,Permitted
ELDEHSG.NS,ELDECO HSG & IND LTD.,EQ,2026-10-01,782.25,7691864250.00,769.19,2.00,9833000,Listed
ELECON.NS,ELECON ENG. CO. LTD,EQ,2026-10-01,440.00,98735969200.00,9873.60,1.00,224399930,Listed
ELECTCAST.NS,ELECTROSTEEL CASTINGS LTD,EQ,2026-10-01,74.55,46079479413.15,4607.95,1.00,618184591,Listed
ELECTHERM.NS,ELECTROTHERM (I) LTD.,EQ,2026-10-01,743.60,9475556490.40,947.56,10.00,12742814,Listed
ELGIEQUIP.NS,ELGI EQUIPMENTS LTD,EQ,2026-10-01,584.65,185280856204.40,18528.09,1.00,316909016,Listed
ELGIRUBCO.NS,ELGI RUBBER CO. LTD,EQ,2026-10-01,51.40,2571569000.00,257.16,1.00,50050000,Listed
ELGNZ.NS,ELEGANZ INTERIORS LIMITED,SM,2026-10-01,82.80,1871249032.80,187.12,10.00,22599626,Listed
ELIN.NS,ELIN ELECTRONICS LIMITED,EQ,2026-10-01,79.75,3963316110.60,396.33,5.00,49709220,Listed
ELIQUID.NS,,,2026-10-01,,,,,,
ELITECON.NS,ELITECON INTERNATIONAL L,EQ,2026-10-01,7.80,12452315000.00,1245.23,1.00,1598500000,Permitted
ELLEN.NS,ELLENBARRIE INDUS GASES L,EQ,2026-10-01,341.70,48157694520.00,4815.77,2.00,140935600,Listed
ELM250.NS,,,2026-10-01,,,,,,
ELMDIV.NS,,,2026-10-01,,,,,,
ELPROINTL.NS,ELPRO INTERNATIONAL LTD,EQ,2026-10-01,174.30,29541907150.30,2954.19,1.00,169479130,Permitted
EMAMILTD.NS,EMAMI LIMITED,EQ,2026-10-01,372.65,162661725000.00,16266.17,1.00,436500000,Listed
EMAMIPAP.NS,EMAMI PAPER MILLS LIMITED,BE,2026-10-01,116.85,7068709002.00,706.87,2.00,60499050,Listed
EMAMIREAL.NS,EMAMI REALTY LIMITED,EQ,2026-10-01,67.15,3493555307.45,349.36,2.00,52033889,Listed
EMAPARTNER.NS,EMA PARTNERS INDIA LTD,SM,2026-10-01,81.65,1838874432.90,183.89,5.00,22521426,Listed
EMBDL.NS,EMBASSY DEVELOPMENTS LTD,EQ,2026-10-01,56.15,78056254594.30,7805.63,2.00,1390633433,Listed
EMCURE.NS,EMCURE PHARMACEUTICALS L,EQ,2026-10-01,1944.60,368911324156.20,36891.13,10.00,189710647,Listed
EMETAL.NS,,,2026-10-01,,,,,,
EMIL.NS,ELECTRONICS MART IND LTD,EQ,2026-10-01,204.05,78507984886.10,7850.80,10.00,384748762,Listed
EMKAY.NS,EMKAY GLOBAL FIN SERV LTD,EQ,2026-10-01,286.80,7852621570.80,785.26,10.00,27380131,Listed
EMKAYTOOLS.NS,EMKAY TAP & CUT. TOOL LTD,SM,2026-10-01,98.60,1052190180.00,105.22,10.00,10671300,Listed
EMMBI.NS,EMMBI INDUSTRIES LIMITED,BE,2026-10-01,86.05,1655431110.00,165.54,10.00,19240250,Listed
EMMIL.NS,ENERGY MISSION MACH IND L,SM,2026-10-01,132.75,1503592875.00,150.36,10.00,11326500,Listed
EMMVEE.NS,EMMVEE PHOTOVOLTAIC PWR L,EQ,2026-10-01,305.90,211788345594.70,21178.83,2.00,692345033,Listed
EMPIND.NS,EMPIRE INDUSTRIES LTD.,EQ,2026-10-01,1059.20,6355197881.60,635.52,10.00,5999998,Permitted
EMPOWER.NS,EMPOWER INDIA LTD.,EQ,2026-10-01,1.55,1792249782.40,179.22,1.00,1163798560,Permitted
EMSLIMITED.NS,EMS LIMITED,EQ,2026-10-01,331.55,18411239060.85,1841.12,10.00,55530807,Listed
EMUDHRA.NS,EMUDHRA LIMITED,EQ,2026-10-01,580.00,48030790060.00,4803.08,5.00,82811707,Listed
EMULTIMQ.NS,,,2026-10-01,,,,,,
ENCOMPAS.NS,ENCOMPASS DESIGN INDIA L,SM,2026-10-01,253.35,3593400872.40,359.34,10.00,14183544,Listed
ENDURANCE.NS,ENDURANCE TECHNO. LTD.,EQ,2026-10-01,2601.40,365920332787.20,36592.03,10.00,140662848,Listed
ENERGY.NS,,,2026-10-01,,,,,,
ENERGYAXIS.NS,,,2026-10-01,,,,,,
ENERGYDEV.NS,ENERGY DEVE. CO.LTD,EQ,2026-10-01,14.50,689700000.00,68.97,10.00,47500000,Listed
ENEXT50.NS,,,2026-10-01,,,,,,
ENFUSE.NS,ENFUSE SOLUTIONS LIMITED,SM,2026-10-01,150.00,1327140000.00,132.71,10.00,8847600,Listed
ENGINERSIN.NS,ENGINEERS INDIA LTD,EQ,2026-10-01,312.75,175778752155.75,17577.88,5.00,562042373,Listed
ENIFTY.NS,,,2026-10-01,,,,,,
ENIL.NS,ENTERTAIN NET. IND. LTD.,EQ,2026-10-01,93.35,4450509944.40,445.05,10.00,47670415,Listed
ENKEIWHEL.NS,ENKEI WHEELS (INDIA) LTD.,EQ,2026-10-01,392.60,7056943777.00,705.69,5.00,17974895,Permitted
ENRIN.NS,SIEMENS ENERGY INDIA LTD,EQ,2026-10-01,3334.00,1187305763670.00,118730.58,2.00,356120505,Listed
ENSER.NS,ENSER COMMUNICATIONS LTD,SM,2026-10-01,15.25,1329198997.50,132.92,2.00,87160590,Listed
ENTERO.NS,ENTERO HEALTHCARE SOLU L,EQ,2026-10-01,1680.80,73153579417.60,7315.36,10.00,43523072,Listed
ENVIRO.NS,ENVIROTECH SYSTEMS LTD,SM,2026-10-01,67.55,1269264500.00,126.93,10.00,18790000,Listed
EPACK.NS,EPACK DURABLE LIMITED,EQ,2026-10-01,171.60,16520118095.05,1652.01,10.00,96276695,Listed
EPACKPEB.NS,EPACK PREFAB TECHN LTD,EQ,2026-10-01,242.05,24359747622.40,2435.97,2.00,100631006,Listed
EPIGRAL.NS,EPIGRAL LIMITED,EQ,2026-10-01,982.20,42373422183.60,4237.34,10.00,43141338,Listed
EPL.NS,EPL LIMITED,EQ,2026-10-01,232.40,74451081526.80,7445.11,2.00,320371279,Listed
EPWINDIA.NS,EPW INDIA LIMITED,SM,2026-10-01,270.00,3099492000.00,309.95,5.00,11479600,Listed
EQUAL200.NS,,,2026-10-01,,,,,,
EQUAL50.NS,,,2026-10-01,,,,,,
EQUAL50ADD.NS,,,2026-10-01,,,,,,
EQUIPPP.NS,EQUIPPP SOC IMP TECH LTD,BE,2026-10-01,22.85,2353663986.75,235.37,1.00,103095225,Listed
EQUITASBNK.NS,EQUITAS SMALL FIN BNK LTD,EQ,2026-10-01,68.40,78269722391.95,7826.97,10.00,1144126917,Listed
ERIS.NS,ERIS LIFESCIENCES LIMITED,EQ,2026-10-01,1189.80,164886416289.00,16488.64,1.00,138583305,Listed
ESABINDIA.NS,ESAB INDIA LTD,EQ,2026-10-01,5500.50,84669306510.00,8466.93,10.00,15393020,Listed
ESAFSFB.NS,ESAF SMALL FINANCE BANK L,BE,2026-10-01,43.40,22399110809.60,2239.91,10.00,516108544,Listed
ESCONET.NS,ESCONET TECHNOLOGIES LTD,ST,2026-10-01,246.80,3256831538.40,325.68,10.00,13196238,Listed
ESCORTS.NS,ESCORTS KUBOTA LIMITED,EQ,2026-10-01,2667.30,298411533244.20,29841.15,10.00,111877754,Listed
ESDS.NS,ESDS SOFTWARE SOLUTION L,EQ,2026-10-01,1434.10,168092250642.90,16809.23,1.00,117210969,Listed
ESENSEX.NS,,,2026-10-01,,,,,,
ESFL.NS,ESSEN SPECIALITY FILMS L,SM,2026-10-01,113.55,2820472992.00,282.05,10.00,24839040,Listed
ESG.NS,,,2026-10-01,,,,,,
ESILVER.NS,,,2026-10-01,,,,,,
ESPRIT.NS,ESPRIT STONES LIMITED,SM,2026-10-01,62.35,1368283220.00,136.83,10.00,21945200,Listed
ESSARSHPNG.NS,ESSAR SHIPPING LTD,EQ,2026-10-01,17.20,3555848916.95,355.58,10.00,206976072,Listed
ESSENTIA.NS,INTEGRA ESSENTIA LIMITED,EQ,2026-10-01,1.00,1755283254.00,175.53,1.00,1755283254,Listed
ESTER.NS,ESTER INDUSTRIES LTD,EQ,2026-10-01,95.50,9962262411.85,996.23,5.00,104295042,Listed
ETERNAL.NS,ETERNAL LIMITED,EQ,2026-10-01,313.90,3029245068093.30,302924.51,1.00,9650350647,Listed
ETHOSLTD.NS,ETHOS LIMITED,EQ,2026-10-01,2531.90,67747802906.70,6774.78,10.00,26757693,Listed
ETL.NS,EMKAY TOOLS LIMITED,SM,2026-10-01,1177.50,12565455750.00,1256.55,1.00,10671300,Listed
EUREKAFORB.NS,EUREKA FORBES LIMITED,EQ,2026-10-01,352.50,68226088065.00,6822.61,10.00,193549186,Listed
EUROBOND.NS,EURO PANEL PRODUCTS LTD,EQ,2026-10-01,148.30,3633105000.00,363.31,10.00,24500000,Listed
EUROPRATIK.NS,EURO PRATIK SALES LIMITED,EQ,2026-10-01,190.40,19460924000.00,1946.09,1.00,102200000,Listed
EUROTEXIND.NS,EUROTEX INDUSTRIES LTD,EQ,2026-10-01,15.75,137635376.45,13.76,10.00,8749865,Listed
EVEREADY.NS,EVEREADY INDS. IND.  LTD.,EQ,2026-10-01,315.85,22958271071.00,2295.83,5.00,72687260,Listed
EVERESTIND.NS,EVEREST INDUSTRIES LTD,BE,2026-10-01,475.30,7536239876.20,753.62,10.00,15855754,Listed
EVIETF.NS,,,2026-10-01,,,,,,
EVINDIA.NS,,,2026-10-01,,,,,,
EXCELINDUS.NS,EXCEL INDUSTRIES LTD,EQ,2026-10-01,921.80,11587663885.60,1158.77,5.00,12570692,Listed
EXCELSOFT.NS,EXCELSOFT TECHNOLOGIES L,EQ,2026-10-01,78.35,9014542566.10,901.45,10.00,115084164,Listed
EXICOM.NS,EXICOM TELE SYSTEMS LTD,EQ,2026-10-01,151.10,21014953398.10,2101.50,10.00,139079771,Listed
EXIDEIND.NS,EXIDE INDUSTRIES LTD,EQ,2026-10-01,409.45,348032500000.00,34803.25,1.00,850000000,Listed
EXIMROUTES.NS,EXIM ROUTES LIMITED,SM,2026-10-01,92.30,1730809600.00,173.08,5.00,18752000,Listed
EXPLEOSOL.NS,EXPLEO SOLUTIONS LIMITED,EQ,2026-10-01,848.75,13172378476.25,1317.24,10.00,15519739,Listed
EXXARO.NS,EXXARO TILES LIMITED,EQ,2026-10-01,6.05,2702360628.00,270.24,1.00,447410700,Listed
FABTECH.NS,FABTECH TECHNOLOGIES LTD,EQ,2026-10-01,142.00,6312457255.95,631.25,10.00,44450794,Listed
FACT.NS,FACT LTD,EQ,2026-10-01,734.95,475565547291.30,47556.55,10.00,647071974,Listed
FAIRCHEMOR.NS,FAIRCHEM ORGANICS LIMITED,BE,2026-10-01,661.50,8332189173.00,833.22,10.00,12595902,Listed
FALCONTECH.NS,FALCON TECHNOPROJ IND LTD,SM,2026-10-01,12.90,345513148.50,34.55,10.00,26783965,Listed
FASCINATE.NS,FASCINATE TEXTILES LTD,SM,2026-10-01,73.95,1017618037.35,101.76,10.00,13760893,Listed
FAZE3Q.NS,FAZE THREE LIMITED,EQ,2026-10-01,433.05,10652094612.00,1065.21,10.00,24597840,Listed
FCL.NS,FINEOTEX CHEMICAL LIMITED,EQ,2026-10-01,55.70,64885990148.00,6488.60,1.00,1164500900,Listed
FCSSOFT.NS,FCS SOFTWARE SOLN. LTD.,EQ,2026-10-01,1.40,2359183278.00,235.92,1.00,1709553100,Listed
FDC.NS,FDC LIMITED,EQ,2026-10-01,335.90,54687907215.60,5468.79,1.00,162810084,Listed
FEDDERSHOL.NS,FEDDERS HOLDING LTD.,EQ,2026-10-01,63.65,12816098171.10,1281.61,1.00,201415970,Permitted
FEDERALBNK.NS,FEDERAL BANK LTD,EQ,2026-10-01,318.20,787092488416.40,78709.25,2.00,2473577902,Listed
FEDFINA.NS,FEDBANK FINANCIAL SER L,EQ,2026-10-01,149.75,56184984690.15,5618.50,10.00,375141782,Listed
FEL.NS,FUTURE ENTERPRISES LTD,BZ,2026-10-01,0.40,177422856.40,17.74,2.00,454930401,Listed
FELDVR.NS,FUTURE ENTERPRISES LTD,BZ,2026-10-01,2.05,79930598.35,7.99,2.00,39374679,Listed
FELIX.NS,FELIX INDUSTRIES LTD.,SM,2026-10-01,193.00,3320825550.00,332.08,10.00,17206350,Listed
FERMENTA.NS,FERMENTA BIOTECH LTD.,EQ,2026-10-01,553.25,16282693557.75,1628.27,5.00,29430987,Listed
FIBERWEB.NS,FIBERWEB INDIA LIMITED,EQ,2026-10-01,26.55,764419900.50,76.44,10.00,28791710,Listed
FIDEL.NS,FIDEL SOFTECH LIMITED,SM,2026-10-01,178.90,2459975184.00,246.00,10.00,13750560,Listed
FIEMIND.NS,FIEM INDUSTRIES LIMITED,EQ,2026-10-01,1794.80,47238525768.00,4723.85,10.00,26319660,Listed
FILATEX.NS,FILATEX INDIA LTD,EQ,2026-10-01,106.10,47114593587.50,4711.46,1.00,444058375,Listed
FILATFASH.NS,FILATEX FASHIONS LIMITED,EQ,2026-10-01,0.20,1500133090.50,150.01,1.00,8334072725,Listed
FINBUD.NS,FINBUD FINANCIAL SERV LTD,SM,2026-10-01,126.30,2405949324.00,240.59,10.00,19049480,Listed
FINCABLES.NS,FINOLEX CABLES LTD,EQ,2026-10-01,1458.80,223107916486.00,22310.79,2.00,152939345,Listed
FINEORG.NS,FINE ORGANIC IND. LTD.,EQ,2026-10-01,5131.00,157316336856.00,15731.63,5.00,30659976,Listed
FINIETF.NS,,,2026-10-01,,,,,,
FINKURVE.NS,FINKURVE FINANCIAL SERV L,EQ,2026-10-01,70.55,9884355473.65,988.44,1.00,140143988,Listed
FINOPB.NS,FINO PAYMENTS BANK LTD,EQ,2026-10-01,128.20,10670263504.45,1067.03,10.00,83218402,Listed
FINPIPE.NS,FINOLEX INDUSTRIES LTD,EQ,2026-10-01,150.50,93375569433.45,9337.56,2.00,620476905,Listed
FIRSTCRY.NS,BRAINBEES SOLUTIONS LTD,EQ,2026-10-01,174.75,91235329554.00,9123.53,2.00,522090584,Listed
FISCHER.NS,FISCHER MEDICAL VENTURE L,EQ,2026-10-01,33.45,21900087626.20,2190.01,1.00,654515470,Listed
FIVESTAR.NS,FIVE-STAR BUS FIN LTD,EQ,2026-10-01,506.25,149442801862.50,14944.28,1.00,295195658,Listed
FLAIR.NS,FLAIR WRITING INDUST LTD,EQ,2026-10-01,226.55,23879430793.45,2387.94,5.00,105395378,Listed
FLEXIADD.NS,,,2026-10-01,,,,,,
FLEXITUFF.NS,FLEXITUFF VENTURES INT L,BE,2026-10-01,3.00,99124874.10,9.91,10.00,32822806,Listed
FLFL.NS,FUT LIFESTYLE FASH LTD,BZ,2026-10-01,1.10,223970110.15,22.40,2.00,201774874,Listed
FLUOROCHEM.NS,GUJARAT FLUOROCHEM LTD,EQ,2026-10-01,4341.50,476913775000.00,47691.38,1.00,109850000,Listed
FLYSBS.NS,FLYSBS AVIATION LIMITED,SM,2026-10-01,605.95,10485207918.45,1048.52,10.00,17303751,Listed
FMCGADD.NS,,,2026-10-01,,,,,,
FMCGIETF.NS,,,2026-10-01,,,,,,
FMGOETZE.NS,FEDERAL-MOGUL GOETZE (IND,EQ,2026-10-01,444.25,24714573752.50,2471.46,10.00,55632130,Listed
FMNL.NS,FUTURE MKT NETWORKS LTD,EQ,2026-10-01,8.10,514246598.50,51.42,10.00,63644381,Listed
FOCUS.NS,FOCUS LIGHTG & FIXTRS LTD,BE,2026-10-01,54.30,3662260785.00,366.23,2.00,67444950,Listed
FONEBOX.NS,FONEBOX RETAIL LIMITED,ST,2026-10-01,137.20,1407672000.00,140.77,10.00,10260000,Listed
FOODSIN.NS,FOODS & INNS LIMITED,EQ,2026-10-01,49.40,3631723649.60,363.17,1.00,73531558,Listed
FORCAS.NS,FORCAS STUDIO LIMITED,ST,2026-10-01,240.00,4219200000.00,421.92,10.00,17580000,Listed
FORCEMOT.NS,FORCE MOTORS LIMITED,EQ,2026-10-01,16800.00,218952955200.00,21895.30,10.00,13032914,Listed
FORGEAUTO.NS,FORGE AUTO INTERNATION L,SM,2026-10-01,99.05,1081626000.00,108.16,10.00,10920000,Listed
FORTIS.NS,FORTIS HEALTHCARE LTD,EQ,2026-10-01,785.00,592642146180.00,59264.21,10.00,754958148,Listed
FOSECOIND.NS,FOSECO INDIA LTD,EQ,2026-10-01,6382.50,48106555567.50,4810.66,10.00,7537259,Listed
FRACTAL.NS,FRACTAL ANALYTICS LIMITED,EQ,2026-10-01,727.35,126017053344.00,12601.71,1.00,173255040,Listed
FREDUN.NS,FREDUN PHARMACEUTICALS L,EQ,2026-10-01,1355.20,22412392464.00,2241.24,10.00,16538070,Permitted
FRESHARA.NS,FRESHARA AGRO EXPORTS LTD,ST,2026-10-01,403.05,9471352560.00,947.14,10.00,23499200,Listed
FROG.NS,FROG INNOVATIONS LIMITED,SM,2026-10-01,253.35,3940681905.00,394.07,10.00,15554300,Listed
FRONTSP.NS,FRONTIER SPRINGS LTD.,EQ,2026-10-01,1415.60,16726068514.80,1672.61,10.00,11815533,Permitted
FSL.NS,FIRSTSOURCE SOLU. LTD.,EQ,2026-10-01,250.40,174526502830.40,17452.65,10.00,696990826,Listed
FUSION.NS,FUSION FINANCE LIMITED,EQ,2026-10-01,171.35,27745212902.40,2774.52,10.00,161911840,Listed
FWSTC.NS,FLYWINGS SIMULAT T C LTD,SM,2026-10-01,197.65,2011509349.20,201.15,10.00,10177128,Listed
GABRIEL.NS,GABRIEL INDIA LTD,EQ,2026-10-01,1315.00,233057480245.00,23305.75,1.00,177230023,Listed
GAEL.NS,GUJARAT AMBUJA EXPORTS LT,EQ,2026-10-01,157.70,72327776375.40,7232.78,1.00,458670660,Listed
GAIL.NS,GAIL (INDIA) LTD,EQ,2026-10-01,171.20,1125788561045.70,112578.86,10.00,6575099644,Listed
GAJA.NS,GAJA ALT ASSET MGT LTD,EQ,2026-10-01,135.25,19074453812.10,1907.45,5.00,141010230,Listed
GAJANAND.NS,GAJANAND INTERNATIONAL L,SM,2026-10-01,7.30,137499646.40,13.75,10.00,18835568,Listed
GALAPREC.NS,GALA PRECISION ENG LTD,EQ,2026-10-01,1157.80,14838596360.00,1483.86,10.00,12816200,Listed
GALAXYSURF.NS,GALAXY SURFACTANTS LTD,EQ,2026-10-01,2376.90,84272400028.80,8427.24,10.00,35454752,Listed
GALLANTT.NS,GALLANTT ISPAT LIMITED,EQ,2026-10-01,530.15,127915092991.75,12791.51,10.00,241280945,Listed
GANDHAR.NS,GANDHAR OIL REFINE IND L,EQ,2026-10-01,282.60,27660755178.00,2766.08,2.00,97879530,Listed
GANDHITUBE.NS,GANDHI SPL. TUBES LTD,EQ,2026-10-01,975.55,11854883600.00,1185.49,5.00,12152000,Listed
GANECOS.NS,GANESHA ECOSPHERE LIMITED,EQ,2026-10-01,976.20,26158239580.80,2615.82,10.00,26795984,Listed
GANESHBE.NS,GANESH BENZOPLAST LIMITED,BE,2026-10-01,124.40,8955483972.40,895.55,1.00,71989421,Listed
GANESHCP.NS,GANESH CONSUMER PRODUCT L,EQ,2026-10-01,148.85,6015467012.10,601.55,10.00,40412946,Listed
GANESHHOU.NS,GANESH HOUSING LIMITED,EQ,2026-10-01,699.10,58295914619.00,5829.59,10.00,83387090,Listed
GANESHIN.NS,GANESH INFRAWORLD LIMITED,SM,2026-10-01,86.65,3792756890.05,379.28,5.00,43770997,Listed
GANGAFORGE.NS,GANGA FORGING LIMITED,EQ,2026-10-01,1.50,498768251.00,49.88,1.00,337005575,Listed
GANGESSECU.NS,GANGES SECURITIES LIMITED,EQ,2026-10-01,114.00,1140320281.15,114.03,10.00,10003687,Listed
GARFIBRES.NS,GARWARE TECH FIBRES LTD,EQ,2026-10-01,768.40,75032988298.00,7503.30,10.00,97648345,Listed
GARUDA.NS,GARUDA CONSTRUCT N ENG L,EQ,2026-10-01,172.20,16019927137.55,1601.99,5.00,93041742,Listed
GATECH.NS,GACM TECHNOLOGIES LIMITED,BE,2026-10-01,0.65,1038532453.40,103.85,1.00,1597742236,Listed
GATECHDVR.NS,GACM TECHNOLOGIES LIMITED,BE,2026-10-01,0.45,87246311.25,8.72,1.00,189665894,Listed
GATEWAY.NS,GATEWAY DISTRIPARKS LTD,EQ,2026-10-01,51.90,25921522211.70,2592.15,10.00,499643836,Listed
GAUDIUMIVF.NS,GAUDIUM IVF N WOMEN H L,EQ,2026-10-01,109.50,7968708060.30,796.87,5.00,72786884,Listed
GAYAHWS.NS,GAYATRI HIGHWAYS LIMITED,EQ,2026-10-01,1.70,412201268.00,41.22,2.00,239651900,Listed
GAYAPROJ.NS,GAYATRI PROJECTS LTD,EQ,2026-10-01,22.45,10418869560.00,1041.89,2.00,464299000,Listed
GCHOTELS.NS,GRAND CONTINENT HOTELS L,SM,2026-10-01,113.95,2839565971.85,283.96,10.00,24919403,Listed
GCSL.NS,GRETEX CORPORATE SERVICES,EQ,2026-10-01,679.90,16425939345.40,1642.59,10.00,24159346,Listed
GEECEE.NS,GEECEE VENTURES LIMITED,BE,2026-10-01,373.30,7806348435.70,780.63,10.00,20911729,Listed
GEEKAYWIRE.NS,GEEKAY WIRES LIMITED,EQ,2026-10-01,29.20,3053029200.00,305.30,1.00,104520000,Listed
GEMAROMA.NS,GEM AROMATICS LIMITED,EQ,2026-10-01,155.30,8111382788.65,811.14,2.00,52237138,Listed
GENCON.NS,GENERIC ENG CONS PROJ LTD,EQ,2026-10-01,40.75,2322188424.25,232.22,5.00,56986219,Listed
GENESYS.NS,GENESYS INTL CORPN LTD,EQ,2026-10-01,281.35,18812356054.05,1881.24,5.00,66864603,Listed
GENSOL.NS,GENSOL ENGINEERING LTD,BZ,2026-10-01,13.70,519873297.10,51.99,10.00,38002434,Listed
GENUSPAPER.NS,GENUS P&B LIMITED,EQ,2026-10-01,10.55,2707536148.20,270.75,1.00,257125940,Listed
GENUSPOWER.NS,GENUS POWER INFRASTRU LTD,EQ,2026-10-01,280.00,85187932200.00,8518.79,1.00,304242615,Listed
GENXAI.NS,GENXAI ANALYTICS LIMITED,SM,2026-10-01,85.90,1541356099.00,154.14,10.00,17943610,Listed
GEOJITFSL.NS,GEOJIT FINANCIAL SER L,EQ,2026-10-01,75.70,21129544408.30,2112.95,1.00,279122119,Listed
GESHIP.NS,THE GE SHPG.LTD,EQ,2026-10-01,1530.60,218519416626.60,21851.94,10.00,142767161,Listed
GFLLIMITED.NS,GFL LIMITED,EQ,2026-10-01,55.25,6067015500.00,606.70,1.00,109850000,Listed
GFSTEELS.NS,GRAND FOUNDRY LTD,BE,2026-10-01,38.30,1165164700.00,116.52,4.00,30430000,Listed
GGBL.NS,GANESH GREEN BHARAT LTD,SM,2026-10-01,217.45,5392977450.00,539.30,10.00,24801000,Listed
GHCL.NS,GHCL LIMITED,EQ,2026-10-01,401.75,37013490646.25,3701.35,10.00,92130655,Listed
GHCLTEXTIL.NS,GHCL TEXTILES LIMITED,EQ,2026-10-01,129.20,12351595266.90,1235.16,2.00,95585786,Listed
GICHSGFIN.NS,GIC HOUSING FINANCE LTD,EQ,2026-10-01,132.90,7155729650.10,715.57,10.00,53851066,Listed
GICL.NS,GLOBE INTL CARRIERS LTD,BE,2026-10-01,22.25,2493228674.75,249.32,5.00,111954588,Listed
GICRE.NS,GENERAL INS CORP OF INDIA,EQ,2026-10-01,323.90,568250160000.00,56825.02,5.00,1754400000,Listed
GILLANDERS.NS,GILLANDERS ARBUTHNOT LTD,EQ,2026-10-01,112.70,2405709241.10,240.57,10.00,21342346,Listed
GILLETTE.NS,GILLETTE INDIA LTD,EQ,2026-10-01,6899.00,224805412083.00,22480.54,10.00,32585217,Listed
GILT10BETA.NS,,,2026-10-01,,,,,,
GILT5BETA.NS,,,2026-10-01,,,,,,
GILT5YBEES.NS,,,2026-10-01,,,,,,
GINNIFILA.NS,GINNIFILAMENTS LTD.,BE,2026-10-01,40.10,3432854605.20,343.29,10.00,85650065,Listed
GIPCL.NS,GUJ IND POW CO. LTD,EQ,2026-10-01,174.85,27136403489.50,2713.64,10.00,155215944,Listed
GIRIRAJ.NS,GIRIRAJ CIVIL DEVP LTD,SM,2026-10-01,62.80,1502207400.00,150.22,10.00,23920500,Listed
GJL.NS,GROVER JEWELLS LIMITED,ST,2026-10-01,464.00,6731340800.00,673.13,10.00,14507200,Listed
GKB.NS,GKB OPHTHALMICS LTD.,EQ,2026-10-01,64.35,324411728.80,32.44,10.00,5040580,Permitted
GKENERGY.NS,GK ENERGY LIMITED,EQ,2026-10-01,114.75,23275309446.15,2327.53,2.00,202817266,Listed
GKSL.NS,GUJARAT KIDNEY N SUP SP L,EQ,2026-10-01,194.25,15316878177.50,1531.69,2.00,78843250,Listed
GKWLIMITED.NS,GKW LIMITED,EQ,2026-10-01,1530.00,9128745000.00,912.87,10.00,5966500,Listed
GLAND.NS,GLAND PHARMA LIMITED,EQ,2026-10-01,2874.40,474307198737.60,47430.72,1.00,165010854,Listed
GLASSWALL.NS,GLASS WALL SYSTEM (I) LTD,EQ,2026-10-01,270.40,23777692411.20,2377.77,2.00,87935253,Listed
GLAXO.NS,GLAXOSMITHKLINE PHARMA LT,EQ,2026-10-01,2771.10,469441060817.40,46944.11,10.00,169406034,Listed
GLENMARK.NS,GLENMARK PHARMACEUTICALS,EQ,2026-10-01,2331.00,657865710432.00,65786.57,1.00,282224672,Listed
GLFL.NS,GUJARAT LEASE FINANCING L,EQ,2026-10-01,5.50,148920460.85,14.89,10.00,27125767,Listed
GLOBAL.NS,GLOBAL EDUCATION LIMITED,EQ,2026-10-01,136.50,6948563765.00,694.86,2.00,50901500,Listed
GLOBALE.NS,GLOBALE TESSILE LIMITED,EQ,2026-10-01,10.55,112256306.75,11.23,10.00,10620275,Listed
GLOBALPET.NS,GLOBAL PET INDUSTRIES LTD,SM,2026-10-01,178.45,2103462957.60,210.35,10.00,11787408,Listed
GLOBALVECT.NS,GLOBAL VEC HELICORP LTD,EQ,2026-10-01,131.05,1834560000.00,183.46,10.00,14000000,Listed
GLOBE.NS,GLOBE ENTERPRISE (I) LTD,EQ,2026-10-01,2.10,950383642.70,95.04,2.00,450418788,Listed
GLOBECIVIL.NS,GLOBE CIVIL PROJECTS LTD,EQ,2026-10-01,41.50,2477741268.50,247.77,10.00,59718999,Listed
GLOBUSSPR.NS,GLOBUS SPIRITS LTD,EQ,2026-10-01,786.90,24756891461.70,2475.69,10.00,31461293,Listed
GLOSTERLTD.NS,GLOSTER LIMITED,EQ,2026-10-01,539.00,5898417140.00,589.84,10.00,10943260,Listed
GLOTTIS.NS,GLOTTIS LIMITED,EQ,2026-10-01,58.40,5397259230.00,539.73,2.00,92403000,Listed
GMBREW.NS,G M BREWERIES LTD,EQ,2026-10-01,952.00,21750270696.00,2175.03,10.00,22846923,Listed
GMDCLTD.NS,GUJARAT MINERAL DEV CORP,EQ,2026-10-01,487.65,155072700000.00,15507.27,2.00,318000000,Listed
GMMPFAUDLR.NS,GMM PFAUDLER LIMITED,EQ,2026-10-01,1443.40,64891257121.60,6489.13,2.00,44957224,Listed
GMRAIRPORT.NS,GMR AIRPORTS LIMITED,EQ,2026-10-01,93.15,983674199688.30,98367.42,1.00,10558975952,Listed
GMRP&UI.NS,GMR POW AND URBAN INFRA L,EQ,2026-10-01,101.85,79562255679.25,7956.23,5.00,781017529,Listed
GNA.NS,GNA AXLES LIMITED,EQ,2026-10-01,580.70,24929915560.00,2492.99,10.00,42930800,Listed
GNFC.NS,GUJ NAR VAL FER & CHEM L,EQ,2026-10-01,589.15,86570103389.45,8657.01,10.00,146940683,Listed
GNRL.NS,GUJARAT NATURAL RES L,EQ,2026-10-01,97.20,12478167777.75,1247.82,10.00,128402632,Permitted
GOACARBON.NS,GOA CARBON LIMITED,EQ,2026-10-01,402.90,3686958850.80,368.70,10.00,9151052,Listed
GOCLCORP.NS,GOCL CORPORATION LIMITED,EQ,2026-10-01,351.65,17432166108.50,1743.22,2.00,49572490,Listed
GOCOLORS.NS,GO FASHION INDIA LTD,EQ,2026-10-01,294.95,15929949830.80,1592.99,10.00,54008984,Listed
GODAVARIB.NS,GODAVARI BIOREFINERIES L,EQ,2026-10-01,227.20,11626158454.85,1162.62,10.00,51175977,Listed
GODFRYPHLP.NS,GODFREY PHILLIPS INDIA LT,EQ,2026-10-01,1849.70,288519461472.00,28851.95,2.00,155981760,Listed
GODIGIT.NS,GO DIGIT GENERAL INS LTD,EQ,2026-10-01,256.30,237114556366.60,23711.46,10.00,925144582,Listed
GODREJAGRO.NS,GODREJ AGROVET LIMITED,EQ,2026-10-01,631.90,121584757341.00,12158.48,10.00,192411390,Listed
GODREJCP.NS,GODREJ CONSUMER PRODUCTS,EQ,2026-10-01,840.00,859576160520.00,85957.62,1.00,1023304953,Listed
GODREJIND.NS,GODREJ INDUSTRIES LTD,EQ,2026-10-01,1019.60,343453335678.00,34345.33,1.00,336851055,Listed
GODREJPROP.NS,GODREJ PROPERTIES LTD,EQ,2026-10-01,1595.80,480697243912.60,48069.72,5.00,301226497,Listed
GOKEX.NS,GOKALDAS EXPORTS LTD.,EQ,2026-10-01,688.75,50469966285.00,5047.00,5.00,73277628,Listed
GOKUL.NS,GOKUL REFOILS & SOLV LTD,EQ,2026-10-01,38.65,3827146700.00,382.71,2.00,98995000,Listed
GOKULAGRO.NS,GOKUL AGRO RESOURCES LTD,EQ,2026-10-01,210.10,61997719031.60,6199.77,1.00,295086716,Listed
GOLD1.NS,,,2026-10-01,,,,,,
GOLD360.NS,,,2026-10-01,,,,,,
GOLDADD.NS,,,2026-10-01,,,,,,
GOLDAXIS.NS,,,2026-10-01,,,,,,
GOLDBEES.NS,,,2026-10-01,,,,,,
GOLDBETA.NS,,,2026-10-01,,,,,,
GOLDBND.NS,,,2026-10-01,,,,,,
GOLDCASE.NS,,,2026-10-01,,,,,,
GOLDENTOBC.NS,GOLDEN TOBACCO LIMITED,BZ,2026-10-01,23.70,417152519.40,41.72,10.00,17608802,Listed
GOLDETF.NS,,,2026-10-01,,,,,,
GOLDIAM.NS,GOLDIAM INTERNATIONAL LTD,EQ,2026-10-01,310.80,46793154450.00,4679.32,2.00,150557125,Listed
GOLDIETF.NS,,,2026-10-01,,,,,,
GOLDSTAR.NS,GOLDSTAR POWER LIMITED,SM,2026-10-01,12.85,3677650725.00,367.77,1.00,286198500,Listed
GOLDTECH.NS,AION-TECH SOLUTIONS LTD,BE,2026-10-01,43.80,2288545798.45,228.85,10.00,52261836,Listed
GOODLUCK.NS,GOODLUCK INDIA LIMITED,EQ,2026-10-01,499.35,49792948407.45,4979.29,2.00,99715527,Listed
GOODYEAR.NS,GOODYEAR INDIA LIMITED,EQ,2026-10-01,694.30,16015075810.10,1601.51,10.00,23066507,Permitted
GOPAL.NS,GOPAL SNACKS LIMITED,EQ,2026-10-01,254.75,31758872140.25,3175.89,1.00,124666819,Listed
GOYALALUM.NS,GOYAL ALUMINIUMS LIMITED,EQ,2026-10-01,5.90,843550729.80,84.36,1.00,142732780,Listed
GOYALSALT.NS,GOYAL SALT LIMITED,SM,2026-10-01,106.00,1897426500.00,189.74,10.00,17900250,Listed
GPECO.NS,GP ECO SOLUTIONS INDIA L,SM,2026-10-01,412.00,5079877600.00,507.99,10.00,12329800,Listed
GPIL.NS,GODAWARI POW & ISP LTD,EQ,2026-10-01,215.65,145197447581.55,14519.74,1.00,673238965,Listed
GPPL.NS,GUJARAT PIPAVAV PORT LTD,EQ,2026-10-01,165.90,80193012270.80,8019.30,10.00,483439910,Listed
GPTHEALTH.NS,GPT HEALTHCARE LIMITED,EQ,2026-10-01,151.45,12428844039.80,1242.88,10.00,82054823,Listed
GPTINFRA.NS,GPT INFRAPROJECTS LTD,EQ,2026-10-01,118.65,14994423436.00,1499.44,10.00,126364600,Listed
GRADIENTE.NS,GRADIENTE INFOTAINMENT L,BE,2026-10-01,2.35,784464000.00,78.45,10.00,332400000,Listed
GRANDOAK.NS,GRAND OAK CANYONS DIST L,EQ,2026-10-01,34.80,18057147540.00,1805.71,10.00,518883550,Permitted
GRANULES.NS,GRANULES INDIA LIMITED,EQ,2026-10-01,821.75,203627119831.75,20362.71,1.00,247796921,Listed
GRAPHISAD.NS,GRAPHISADS LIMITED,SM,2026-10-01,24.60,449601900.00,44.96,10.00,18276500,Listed
GRAPHITE.NS,GRAPHITE INDIA LTD,EQ,2026-10-01,786.15,153594523223.10,15359.45,2.00,195375594,Listed
GRASIM.NS,GRASIM INDUSTRIES LTD,EQ,2026-10-01,2962.00,2015752729602.00,201575.27,2.00,680537721,Listed
GRAUWEIL.NS,GRAUER & WEIL IND LTD,EQ,2026-10-01,81.80,37089060700.00,3708.91,1.00,453411500,Permitted
GRAVISSHO.NS,GRAVISS HOSPITALITY LTD.,BE,2026-10-01,32.00,2256612320.00,225.66,2.00,70519135,Permitted
GRAVITA.NS,GRAVITA INDIA LIMITED,EQ,2026-10-01,1412.60,104261817882.60,10426.18,2.00,73808451,Listed
GRCL.NS,GAYATRI RUBB AND CHEM LTD,SM,2026-10-01,574.00,3293612000.00,329.36,10.00,5738000,Listed
GREAVESCOT.NS,GREAVES COTTON LTD.,EQ,2026-10-01,226.00,52642365055.30,5264.24,2.00,232951434,Listed
GREENCHEF.NS,GREENCHEF APPLIANCES LTD,SM,2026-10-01,69.95,1627865208.00,162.79,10.00,23271840,Listed
GREENLAM.NS,GREENLAM INDUSTRIES LTD.,EQ,2026-10-01,213.60,54504652101.25,5450.47,1.00,255147702,Listed
GREENLEAF.NS,GREENLEAF ENVIROTECH LTD,SM,2026-10-01,114.05,676230962.50,67.62,10.00,5929250,Listed
GREENPANEL.NS,GREENPANEL INDUSTRIES LTD,EQ,2026-10-01,158.60,19447478573.05,1944.75,1.00,122627395,Listed
GREENPLY.NS,GREENPLY INDUSTRIES LTD,EQ,2026-10-01,303.70,37932751066.50,3793.28,1.00,124902045,Listed
GREENPOWER.NS,ORIENT GREEN POWER CO LTD,EQ,2026-10-01,8.75,10287487737.15,1028.75,10.00,1173031669,Listed
GRINDWELL.NS,GRINDWELL NORTON LIMITED,EQ,2026-10-01,1975.80,218760576000.00,21876.06,5.00,110720000,Listed
GRINFRA.NS,G R INFRAPROJECTS LIMITED,EQ,2026-10-01,790.20,76460170015.80,7646.02,5.00,96760529,Listed
GRMOVER.NS,GRM OVERSEAS LIMITED,EQ,2026-10-01,77.85,16135442700.00,1613.54,2.00,207210000,Listed
GROBTEA.NS,THE GROB TEA COMPANY LTD,EQ,2026-10-01,878.50,1021106905.00,102.11,10.00,1162330,Listed
GROWW.NS,BILLIONBRAINS GARAGE VN L,EQ,2026-10-01,180.10,1129937489209.40,112993.75,2.00,6273596631,Listed
GROWWCAPM.NS,,,2026-10-01,,,,,,
GROWWCHEM.NS,,,2026-10-01,,,,,,
GROWWDEFNC.NS,,,2026-10-01,,,,,,
GROWWEV.NS,,,2026-10-01,,,,,,
GROWWGOLD.NS,,,2026-10-01,,,,,,
GROWWHOSPI.NS,,,2026-10-01,,,,,,
GROWWLIQID.NS,,,2026-10-01,,,,,,
GROWWLOVOL.NS,,,2026-10-01,,,,,,
GROWWMC150.NS,,,2026-10-01,,,,,,
GROWWMETAL.NS,,,2026-10-01,,,,,,
GROWWMOM50.NS,,,2026-10-01,,,,,,
GROWWN200.NS,,,2026-10-01,,,,,,
GROWWNET.NS,,,2026-10-01,,,,,,
GROWWNIFTY.NS,,,2026-10-01,,,,,,
GROWWNXT50.NS,,,2026-10-01,,,,,,
GROWWPOWER.NS,,,2026-10-01,,,,,,
GROWWPSE.NS,,,2026-10-01,,,,,,
GROWWPSUBK.NS,,,2026-10-01,,,,,,
GROWWRAIL.NS,,,2026-10-01,,,,,,
GROWWRLTY.NS,,,2026-10-01,,,,,,
GROWWSC250.NS,,,2026-10-01,,,,,,
GROWWSLVR.NS,,,2026-10-01,,,,,,
GRPLTD.NS,GRP LIMITED,EQ,2026-10-01,1895.00,10106664140.00,1010.67,10.00,5333332,Listed
GRSE.NS,GARDEN REACH SHIP&ENG LTD,EQ,2026-10-01,2111.10,241830727200.00,24183.07,10.00,114552000,Listed
GRWRHITECH.NS,GARWARE HI-TECH FILMS LTD,EQ,2026-10-01,6925.50,160895944647.00,16089.59,10.00,23232394,Listed
GSEC10ABSL.NS,,,2026-10-01,,,,,,
GSEC10IETF.NS,,,2026-10-01,,,,,,
GSEC10YEAR.NS,,,2026-10-01,,,,,,
GSEC5IETF.NS,,,2026-10-01,,,,,,
GSFC.NS,GUJ STATE FERT & CHEM LTD,EQ,2026-10-01,146.90,58536349157.00,5853.63,2.00,398477530,Listed
GSLSU.NS,GLOBAL SURFACES LIMITED,EQ,2026-10-01,29.95,1269759267.30,126.98,10.00,42381818,Listed
GSMFOILS.NS,GSM FOILS LIMITED,SM,2026-10-01,74.70,1052728350.30,105.27,10.00,14092749,Listed
GSPCROP.NS,GSP CROP SCIENCE LIMITED,EQ,2026-10-01,454.35,21135794062.50,2113.58,10.00,46518750,Listed
GSPL.NS,,,2026-10-01,,,,,,
GSS.NS,GSS INFOTECH LIMITED,EQ,2026-10-01,10.35,270200188.20,27.02,10.00,26156843,Listed
GSTL.NS,GLOBESECURE TECHNO LTD,SM,2026-10-01,10.85,172941936.65,17.29,10.00,15939349,Listed
GTECJAINX.NS,G-TEC JAINX EDUCATION LTD,EQ,2026-10-01,35.90,365584836.25,36.56,10.00,10189098,Listed
GTL.NS,GTL LTD,EQ,2026-10-01,6.80,1072764046.40,107.28,10.00,157296781,Listed
GTLINFRA.NS,GTL INFRA.LTD,EQ,2026-10-01,1.05,13705749727.65,1370.57,10.00,12809111895,Listed
GTPL.NS,GTPL HATHWAY LIMITED,EQ,2026-10-01,55.40,6229327674.80,622.93,10.00,112463038,Listed
GUFICBIO.NS,GUFIC BIOSCIENCES LTD.,EQ,2026-10-01,418.40,41958200510.40,4195.82,1.00,100282506,Listed
GUJALKALI.NS,GUJARAT ALKALIES & CHEM,EQ,2026-10-01,603.60,44331548071.20,4433.15,10.00,73445242,Listed
GUJAPOLLO.NS,GUJ. APOLLO IND. LTD.,EQ,2026-10-01,324.85,4213304500.00,421.33,10.00,12970000,Listed
GUJENERGY.NS,GUJARAT ENERGY LIMITED,EQ,2026-10-01,230.05,220657175999.10,22065.72,2.00,959087130,Listed
GUJGASLTD.NS,,,2026-10-01,,,,,,
GUJRAFFIA.NS,GUJARAT RAFFIA INDUST LTD,EQ,2026-10-01,40.25,217639215.00,21.76,10.00,5404500,Listed
GUJTHEM.NS,GUJARAT THEMIS BIOSYN LTD,EQ,2026-10-01,381.80,49691920969.00,4969.19,1.00,130151705,Listed
GULFOILLUB.NS,GULF OIL LUB. IND. LTD.,EQ,2026-10-01,1093.00,54164189918.00,5416.42,2.00,49555526,Listed
GULFPETRO.NS,GP PETROLEUMS LIMITED,BE,2026-10-01,62.45,3183974718.35,318.40,5.00,50984383,Listed
GULPOLY.NS,GULSHAN POLYOLS LIMITED,EQ,2026-10-01,161.75,10088442285.50,1008.84,1.00,62370586,Listed
GURUNANAK.NS,GURUNANAK AGRICULTUR IN L,SM,2026-10-01,33.50,402000000.00,40.20,10.00,12000000,Listed
GVKPIL.NS,GVK POW. & INFRA LTD.,BE,2026-10-01,2.50,3962337580.50,396.23,1.00,1578620550,Listed
GVPIL.NS,GE POWER INDIA LIMITED,EQ,2026-10-01,679.50,45681066544.50,4568.11,10.00,67227471,Listed
GVPTECH.NS,GVP INFOTECH LIMITED,BE,2026-10-01,7.75,1415493170.00,141.55,2.00,182644280,Listed
GVT&D.NS,GE VERNOVA T&D INDIA LTD,EQ,2026-10-01,4253.20,1089017122662.00,108901.71,2.00,256046535,Listed
GYFTR.NS,GYFTR LIMITED,EQ,2026-10-01,156.80,12042765517.50,1204.28,10.00,76808250,Listed
HAL.NS,HINDUSTAN AERONAUTICS LTD,EQ,2026-10-01,4601.00,3077033775000.00,307703.38,5.00,668775000,Listed
HALDER.NS,HALDER VENTURE LIMITED,EQ,2026-10-01,232.75,2894727158.55,289.47,10.00,12438135,Listed
HALDYNGL.NS,HALDYN GLASS LTD.,EQ,2026-10-01,146.05,7850435785.00,785.04,1.00,53751700,Permitted
HALEOSLABS.NS,HALEOS LABS LIMITED,EQ,2026-10-01,1490.00,4504697630.00,450.47,10.00,3023287,Listed
HAMPTON.NS,HAMPTON SKY REALTY LTD.,EQ,2026-10-01,8.10,2218340293.00,221.83,1.00,274207700,Permitted
HAPPSTMNDS.NS,HAPPIEST MINDS TECHNO LTD,EQ,2026-10-01,304.70,46398134911.70,4639.81,2.00,152274811,Listed
HAPPY.NS,HAPPY STEELS LIMITED,SM,2026-10-01,75.95,1085035371.00,108.50,10.00,14286180,Listed
HAPPYFORGE.NS,HAPPY FORGINGS LIMITED,EQ,2026-10-01,2003.70,189151576240.20,18915.16,2.00,94401146,Listed
HARDWYN.NS,HARDWYN INDIA LIMITED,EQ,2026-10-01,9.20,6284080589.85,628.41,1.00,683795494,Listed
HARIOMPIPE.NS,HARIOM PIPE INDUSTRIES L,EQ,2026-10-01,332.35,10291978499.15,1029.20,10.00,30967289,Listed
HARRMALAYA.NS,HARRISON MALAYALAM LTD,EQ,2026-10-01,179.65,3315882616.35,331.59,10.00,18455405,Listed
HARSHA.NS,HARSHA ENGINEERS INT LTD,EQ,2026-10-01,474.50,43200427822.50,4320.04,10.00,91044105,Listed
HATHWAY.NS,HATHWAY CABLE & DATACOM,EQ,2026-10-01,9.30,16497373940.00,1649.74,2.00,1770104500,Listed
HATSUN.NS,HATSUN AGRO PRODUCT LTD.,EQ,2026-10-01,1118.10,249054838450.80,24905.48,1.00,222748268,Listed
HAVELLS.NS,HAVELLS INDIA LIMITED,EQ,2026-10-01,1040.00,652664118080.00,65266.41,1.00,627561652,Listed
HAVISHA.NS,SRI HAVISHA HOSP & INFR L,EQ,2026-10-01,1.35,207273330.00,20.73,2.00,153535800,Listed
HAWKINCOOK.NS,HAWKINS COOKERS LTD,EQ,2026-10-01,8026.00,42440003190.00,4244.00,10.00,5287815,Permitted
HAZOOR.NS,HAZOOR MULTI PROJECTS LTD,EQ,2026-10-01,17.95,5160034479.60,516.00,1.00,287627340,Permitted
HBESD.NS,H B ESTATE DEVELOPERS L,EQ,2026-10-01,65.10,1494922149.15,149.49,10.00,22959947,Permitted
HBLENGINE.NS,HBL ENGINEERING LTD,EQ,2026-10-01,779.35,216031881165.10,21603.19,1.00,277194946,Listed
HBPOR.NS,HB PORTFOLIO LTD.,EQ,2026-10-01,59.85,644023880.90,64.40,10.00,10764230,Permitted
HBSL.NS,HB STOCKHOLDINGS LIMITED,EQ,2026-10-01,57.05,407061034.95,40.71,10.00,7137665,Listed
HCC.NS,HINDUSTAN CONSTRUCTION CO,EQ,2026-10-01,20.25,52991838894.25,5299.18,1.00,2619468062,Listed
HCG.NS,HEALTHCARE GLOB. ENT. LTD,EQ,2026-10-01,668.75,99845848256.25,9984.58,10.00,149302203,Listed
HCL-INSYS.NS,HCL INFOSYSTEMS LTD,EQ,2026-10-01,10.05,3305267677.10,330.53,2.00,329209928,Listed
HCLTECH.NS,HCL TECHNOLOGIES LTD,EQ,2026-10-01,1243.10,3373357080837.60,337335.71,2.00,2713665096,Listed
HDBFS.NS,HDB FINANCIAL SERVICES L,EQ,2026-10-01,618.20,513578882817.00,51357.89,10.00,830764935,Listed
HDFCAMC.NS,HDFC AMC LIMITED,EQ,2026-10-01,2308.10,990344309923.80,99034.43,5.00,429073398,Listed
HDFCBANK.NS,HDFC BANK LTD,EQ,2026-10-01,721.20,11118524161161.60,1111852.42,1.00,15416700168,Listed
HDFCBSE500.NS,,,2026-10-01,,,,,,
HDFCGOLD.NS,,,2026-10-01,,,,,,
HDFCGROWTH.NS,,,2026-10-01,,,,,,
HDFCLIFE.NS,HDFC LIFE INS CO LTD,EQ,2026-10-01,534.20,1160597033650.20,116059.70,10.00,2172588981,Listed
HDFCLIQUID.NS,,,2026-10-01,,,,,,
HDFCLOWVOL.NS,,,2026-10-01,,,,,,
HDFCMID150.NS,,,2026-10-01,,,,,,
HDFCMOMENT.NS,,,2026-10-01,,,,,,
HDFCNEXT50.NS,,,2026-10-01,,,,,,
HDFCNIF100.NS,,,2026-10-01,,,,,,
HDFCNIFBAN.NS,,,2026-10-01,,,,,,
HDFCNIFIT.NS,,,2026-10-01,,,,,,
HDFCNIFTY.NS,,,2026-10-01,,,,,,
HDFCNIMEG.NS,,,2026-10-01,,,,,,
HDFCPSUBK.NS,,,2026-10-01,,,,,,
HDFCPVTBAN.NS,,,2026-10-01,,,,,,
HDFCQUAL.NS,,,2026-10-01,,,,,,
HDFCSENSEX.NS,,,2026-10-01,,,,,,
HDFCSILVER.NS,,,2026-10-01,,,,,,
HDFCSML250.NS,,,2026-10-01,,,,,,
HDFCVALUE.NS,,,2026-10-01,,,,,,
HDIL.NS,HOUSING DEV & INFRA LTD,BZ,2026-10-01,1.45,687305779.70,68.73,10.00,474003986,Listed
HEADSUP.NS,HEADS UP VENTURES LIMITED,EQ,2026-10-01,6.40,141328697.60,14.13,10.00,22082609,Listed
HEALTHADD.NS,,,2026-10-01,,,,,,
HEALTHAXIS.NS,,,2026-10-01,,,,,,
HEALTHCARE.NS,,,2026-10-01,,,,,,
HEALTHIETF.NS,,,2026-10-01,,,,,,
HEALTHX.NS,HEALTH X PLATFORM LIMITED,EQ,2026-10-01,273.00,8684266500.00,868.43,10.00,31810500,Listed
HEALTHY.NS,,,2026-10-01,,,,,,
HECPROJECT.NS,HEC INFRA PROJECTS LTD,EQ,2026-10-01,111.85,1212356577.60,121.24,10.00,10838160,Listed
HEG.NS,,,2026-10-01,,,,,,
HEGAM.NS,HEG ADVANCED MATERIAL LTD,EQ,2026-10-01,239.30,46175663378.40,4617.57,2.00,192977530,Listed
HEIDELBERG.NS,HEIDELBERGCEMENT (I) LTD,EQ,2026-10-01,130.55,29588874556.10,2958.89,10.00,226613116,Listed
HEMIPROP.NS,HEMISPHERE PROP IND LTD,EQ,2026-10-01,111.50,31777500000.00,3177.75,10.00,285000000,Listed
HERANBA.NS,HERANBA INDUSTRIES LTD,EQ,2026-10-01,172.10,6887117940.05,688.71,10.00,40013467,Listed
HERITGFOOD.NS,HERITAGE FOODS LTD,EQ,2026-10-01,402.90,37387508400.00,3738.75,5.00,92796000,Listed
HEROMOTOCO.NS,HERO MOTOCORP LIMITED,EQ,2026-10-01,5168.00,1034329757776.00,103432.98,2.00,200141207,Listed
HEROMOTORS.NS,HERO MOTORS LIMITED,EQ,2026-10-01,167.80,76217373652.80,7621.74,10.00,454215576,Listed
HESTERBIO.NS,HESTER BIOSCIENCES LTD,EQ,2026-10-01,2126.80,18092400482.00,1809.24,10.00,8506865,Listed
HEXAGON.NS,HEXAGON NUTRITION LIMITED,BE,2026-10-01,68.80,8456765899.20,845.68,1.00,122918109,Listed
HEXATRADEX.NS,HEXA TRADEX LIMITED,EQ,2026-10-01,154.95,8560719331.85,856.07,2.00,55244704,Listed
HEXT.NS,HEXAWARE TECHNOLOGIES LTD,EQ,2026-10-01,490.45,299672793276.40,29967.28,1.00,611015992,Listed
HFCL.NS,HFCL LIMITED,BE,2026-10-01,238.35,364834403080.70,36483.44,1.00,1530602463,Listed
HGINFRA.NS,H.G.INFRA ENGINEERING LTD,EQ,2026-10-01,419.90,27365349508.90,2736.53,10.00,65171111,Listed
HGM.NS,HANDSON GBL MNGMNT LTD,EQ,2026-10-01,40.35,508333069.90,50.83,10.00,12594972,Listed
HGS.NS,HINDUJA GLOBAL SOLS. LTD.,EQ,2026-10-01,367.05,17075270609.25,1707.53,10.00,46520285,Listed
HIGREEN.NS,HI GREEN CARBON LIMITED,SM,2026-10-01,120.30,3006297000.00,300.63,10.00,24990000,Listed
HIKAL.NS,HIKAL LIMITED,EQ,2026-10-01,218.15,26896825605.00,2689.68,2.00,123300750,Listed
HILINFRA.NS,HIGHWAY INFRASTRUCTURE L,EQ,2026-10-01,45.05,3231731677.90,323.17,5.00,71720632,Listed
HILTON.NS,HILTON METAL FORGING LTD,EQ,2026-10-01,16.85,867726049.85,86.77,10.00,51466551,Listed
HIMATSEIDE.NS,HIMATSINGKA SEIDE LTD,EQ,2026-10-01,64.15,8066367839.35,806.64,5.00,125742289,Listed
HINDADH.NS,HINDUSTAN ADHESIVES LTD.,EQ,2026-10-01,384.00,1964659200.00,196.47,10.00,5116300,Permitted
HINDALCO.NS,HINDALCO  INDUSTRIES  LTD,EQ,2026-10-01,941.85,2116550300687.55,211655.03,1.00,2247226523,Listed
HINDALUMI.NS,HIND ALUMINIUM INDS. LTD.,EQ,2026-10-01,90.75,571806152.00,57.18,10.00,6300200,Permitted
HINDCOMPOS.NS,HINDUSTAN COMPOSITES LTD.,EQ,2026-10-01,380.80,5624035200.00,562.40,5.00,14769000,Listed
HINDCON.NS,HINDCON CHEMICALS LIMITED,EQ,2026-10-01,33.30,1704647812.50,170.46,2.00,51190625,Listed
HINDCOPPER.NS,HINDUSTAN COPPER LTD,EQ,2026-10-01,462.15,446910150843.00,44691.02,5.00,967024020,Listed
HINDOILEXP.NS,HINDUSTAN OIL EXPLORATION,EQ,2026-10-01,167.30,22134159333.00,2213.42,10.00,132294300,Listed
HINDPETRO.NS,HINDUSTAN PETROLEUM CORP,EQ,2026-10-01,345.00,734098768710.00,73409.88,10.00,2127822518,Listed
HINDUNILVR.NS,HINDUSTAN UNILEVER LTD.,EQ,2026-10-01,1836.00,4313849557032.00,431384.96,1.00,2349591262,Listed
HINDWAREAP.NS,HINDWARE HME INOVATON LTD,EQ,2026-10-01,170.55,14264213259.20,1426.42,2.00,83646357,Listed
HINDZINC.NS,HINDUSTAN ZINC LIMITED,EQ,2026-10-01,555.05,2345263310950.00,234526.33,2.00,4225319000,Listed
HIRECT.NS,HIRECT LIMITED,EQ,2026-10-01,1123.80,39848380299.00,3984.84,2.00,35458605,Listed
HISARMETAL.NS,HISAR METAL IND. LIMITED,EQ,2026-10-01,146.90,793368000.00,79.34,10.00,5400000,Listed
HITECH.NS,HI-TECH PIPES LIMITED,EQ,2026-10-01,71.40,14505954362.30,1450.60,1.00,203107734,Listed
HITECHCORP.NS,HITECH CORPORATION LTD,BE,2026-10-01,340.25,5844031925.00,584.40,10.00,17175700,Listed
HITECHGEAR.NS,THE HI-TECH GEARS LIMITED,BE,2026-10-01,601.75,11324961477.00,1132.50,10.00,18820044,Permitted
HLEGLAS.NS,HLE GLASCOAT LIMITED,EQ,2026-10-01,442.05,30702467374.95,3070.25,2.00,69454739,Listed
HLVLTD.NS,HLV LIMITED,EQ,2026-10-01,6.30,4159929962.70,415.99,2.00,659259899,Listed
HMAAGRO.NS,HMA AGRO INDUSTRIES LTD,EQ,2026-10-01,23.45,11753066501.90,1175.31,1.00,500769770,Listed
HMT.NS,HMT LTD -,BZ,2026-10-01,58.25,27411863897.60,2741.19,10.00,470670740,Listed
HMVL.NS,HINDUSTAN MEDIA VENT LTD,BE,2026-10-01,77.45,5705124677.10,570.51,10.00,73671548,Listed
HNDFDS.NS,HINDUSTAN FOODS LIMITED,EQ,2026-10-01,574.60,69620088569.20,6962.01,2.00,121162702,Listed
HNGSNGBEES.NS,,,2026-10-01,,,,,,
HOLMARC.NS,HOLMARC OPTO MECHATRO L,SM,2026-10-01,120.00,1206000000.00,120.60,10.00,10050000,Listed
HOMEFIRST.NS,HOME FIRST FIN CO IND LTD,EQ,2026-10-01,1125.70,117706728949.40,11770.67,2.00,104563142,Listed
HONASA.NS,HONASA CONSUMER LIMITED,EQ,2026-10-01,427.90,139505762026.40,13950.58,10.00,326024216,Listed
HONAUT.NS,HONEYWELL AUTOMATION IND,EQ,2026-10-01,33470.00,295925774810.00,29592.58,10.00,8841523,Listed
HONDAPOWER.NS,HONDA I POWER PRODUCT LTD,EQ,2026-10-01,1886.30,19132874827.30,1913.29,10.00,10143071,Listed
HORIZONIND.NS,HORIZON INDUSTRIAL PRKS L,EQ,2026-10-01,48.65,140253222874.10,14025.32,10.00,2882902834,Listed
HPAL.NS,HP ADHESIVES LIMITED,EQ,2026-10-01,33.80,3106284790.35,310.63,2.00,91874735,Listed
HPIL.NS,HINDPRAKASH INDUSTRY LTD,EQ,2026-10-01,114.45,1307375148.40,130.74,10.00,11424110,Listed
HPL.NS,HPL ELECTRIC & POWER LTD,EQ,2026-10-01,267.20,17181089859.20,1718.11,10.00,64300486,Listed
HPTL.NS,HP TELECOM INDIA LIMITED,ST,2026-10-01,431.00,5135240010.00,513.52,10.00,11914710,Listed
HRYNSHP.NS,HARIYANA SHIP BREAKERS L,EQ,2026-10-01,98.00,604210032.65,60.42,10.00,6166667,Permitted
HSBCGOLD.NS,,,2026-10-01,,,,,,
HSCL.NS,HIMADRI SPECIALITY CHEM L,EQ,2026-10-01,665.15,335617512501.25,33561.75,1.00,504574175,Listed
HTEL.NS,HY-TECH ENGINEERS LIMITED,EQ,2026-10-01,72.90,6916651154.50,691.67,5.00,94852594,Listed
HTMEDIA.NS,HT MEDIA LIMITED,EQ,2026-10-01,22.40,4087825300.70,408.78,2.00,182655286,Listed
HUBTOWN.NS,HUBTOWN LIMITED,EQ,2026-10-01,177.40,25211498564.95,2521.15,10.00,142100657,Listed
HUDCO.NS,HSG & URBAN DEV CORPN LTD,EQ,2026-10-01,161.55,323386926000.00,32338.69,10.00,2001900000,Listed
HUHTAMAKI.NS,HUHTAMAKI INDIA LIMITED,EQ,2026-10-01,232.70,17575464480.50,1757.55,2.00,75521934,Listed
HVAX.NS,HVAX TECHNOLOGIES LIMITED,SM,2026-10-01,709.90,1971303562.50,197.13,10.00,2776875,Listed
HYBRIDETF.NS,,,2026-10-01,,,,,,
HYBRIDFIN.NS,HYBRID FINANCIAL SERVICE,EQ,2026-10-01,17.35,511013734.00,51.10,5.00,29436275,Listed
HYUNDAI.NS,HYUNDAI MOTOR INDIA LTD,EQ,2026-10-01,2024.00,1644583186400.00,164458.32,10.00,812541100,Listed
IBLFL.NS,IBL FINANCE LIMITED,SM,2026-10-01,61.00,1508569650.00,150.86,10.00,24730650,Listed
IBULLSLTD.NS,INDIABULLS LIMITED,EQ,2026-10-01,29.45,68636772607.85,6863.68,2.00,2332204302,Listed
ICDSLTD.NS,ICDSLTD,BE,2026-10-01,46.50,605741550.00,60.57,10.00,13026700,Listed
ICELCO.NS,IC ELECTRICALS COMPANY L,SM,2026-10-01,117.30,2142085680.00,214.21,10.00,18261600,Listed
ICEMAKE.NS,ICE MAKE REFRIGERAT LTD,EQ,2026-10-01,623.65,9841031732.75,984.10,10.00,15779735,Listed
ICICIAMC.NS,ICICI PRUDENTIAL AMC LTD,EQ,2026-10-01,3084.40,1524490979088.00,152449.10,1.00,494258520,Listed
ICICIB22.NS,,,2026-10-01,,,,,,
ICICIBANK.NS,ICICI BANK LTD.,EQ,2026-10-01,1310.60,9408091761164.60,940809.18,2.00,7178461591,Listed
ICICIGI.NS,ICICI LOMBARD GIC LIMITED,EQ,2026-10-01,1563.00,780897926148.00,78089.79,10.00,499614796,Listed
ICICIPRULI.NS,ICICI PRU LIFE INS CO LTD,EQ,2026-10-01,448.05,650223950530.95,65022.40,10.00,1451230779,Listed
ICIL.NS,INDO COUNT INDUSTRIES LTD,EQ,2026-10-01,443.65,87866807941.00,8786.68,2.00,198054340,Listed
ICRA.NS,ICRA LIMITED,EQ,2026-10-01,4318.30,41676910827.30,4167.69,10.00,9651231,Listed
IDBI.NS,IDBI BANK LIMITED,EQ,2026-10-01,86.55,930835456289.75,93083.55,10.00,10752402175,Listed
IDEA.NS,VODAFONE IDEA LIMITED,EQ,2026-10-01,12.65,1369455962412.65,136945.60,10.00,108343035001,Listed
IDEAFORGE.NS,IDEAFORGE TECHNO LTD,EQ,2026-10-01,735.00,36535751910.00,3653.58,10.00,49708506,Listed
IDEALTECHO.NS,IDEAL TECHNOPLAST IND LTD,SM,2026-10-01,85.60,856000000.00,85.60,10.00,10000000,Listed
IDENTICAL.NS,IDENTICAL BRAINS STUDIO L,SM,2026-10-01,18.45,258778925.10,25.88,10.00,14025958,Listed
IDFCFIRSTB.NS,IDFC FIRST BANK LIMITED,EQ,2026-10-01,80.40,693138355412.05,69313.84,10.00,8622196236,Listed
IDFNIFTYET.NS,,,2026-10-01,,,,,,
IEML.NS,INDIAN EMULSIFIERS LTD,ST,2026-10-01,52.40,960666649.20,96.07,10.00,18333333,Listed
IEX.NS,INDIAN ENERGY EXC LTD,EQ,2026-10-01,106.00,94501596055.30,9450.16,1.00,891692735,Listed
IFBAGRO.NS,IFB AGRO INDUSTRIES LTD,EQ,2026-10-01,866.95,8120816881.45,812.08,10.00,9367111,Listed
IFBIND.NS,IFB INDUSTRIES LTD,EQ,2026-10-01,1166.20,47253019895.20,4725.30,10.00,40518796,Listed
IFCI.NS,IFCI LTD,EQ,2026-10-01,65.15,175507635521.35,17550.76,10.00,2694314331,Listed
IFGLEXPOR.NS,IFGL REFRACTORIES LIMITED,EQ,2026-10-01,189.55,13663944751.70,1366.39,10.00,72078624,Listed
IGARASHI.NS,IGARASHI MOTORS INDIA LTD,EQ,2026-10-01,398.95,12556970399.60,1255.70,10.00,31475048,Listed
IGCL.NS,INDOGULF CROPSCIENCES LTD,EQ,2026-10-01,54.60,3453294716.15,345.33,10.00,63223997,Listed
IGIL.NS,INTL GEMOLOGICAL INST LTD,EQ,2026-10-01,311.95,134812217167.20,13481.22,2.00,432159696,Listed
IGL.NS,INDRAPRASTHA GAS LTD,EQ,2026-10-01,142.80,199906228464.00,19990.62,2.00,1400001600,Listed
IGPL.NS,I G PETROCHEMICALS LTD,EQ,2026-10-01,569.55,17539206817.50,1753.92,10.00,30794850,Listed
IIFL.NS,IIFL FINANCE LIMITED,EQ,2026-10-01,583.80,249172781382.00,24917.28,2.00,426811890,Listed
IIFLCAPS.NS,IIFL CAPITAL SERVICES LTD,EQ,2026-10-01,345.60,108925815052.80,10892.58,2.00,315178863,Listed
IITL.NS,INDUSTRIAL INV TRUST LTD,EQ,2026-10-01,132.55,2893460028.00,289.35,10.00,21827550,Listed
IKIO.NS,IKIO TECHNOLOGIES LIMITED,EQ,2026-10-01,190.95,14757522662.95,1475.75,10.00,77280701,Listed
IKS.NS,INVENTURUS KNOWLEDGE SO L,EQ,2026-10-01,1776.40,304782559647.60,30478.26,1.00,171573159,Listed
IL&FSENGG.NS,IL&FS ENG AND CONS CO LTD,BZ,2026-10-01,38.60,5059962400.00,506.00,10.00,131121078,Listed
IL&FSTRANS.NS,IL&FS TRANS NET LTD,BZ,2026-10-01,1.85,615155250.50,61.52,10.00,328960027,Listed
IMAGICAA.NS,IMAGICAAWORLD ENT LTD,EQ,2026-10-01,50.70,28689175362.90,2868.92,10.00,565861447,Listed
IMFA.NS,INDIAN METALS & FERRO,EQ,2026-10-01,1176.80,63493191940.80,6349.32,10.00,53954106,Listed
IMPAL.NS,IND MOTOR PART & ACC LTD,EQ,2026-10-01,1009.10,12593568000.00,1259.36,10.00,12480000,Listed
IMPEXFERRO.NS,,,2026-10-01,,,,,,
INA.NS,INSOLATION ENERGY LIMITED,EQ,2026-10-01,87.00,19183722162.50,1918.37,1.00,220451875,Listed
INCREDIBLE.NS,INCREDIBLE INDUSTRIES LTD,EQ,2026-10-01,31.35,1466978837.50,146.70,10.00,46763750,Listed
INDBANK.NS,INDBANK MERCH BANK,EQ,2026-10-01,25.20,1118330640.00,111.83,10.00,44378200,Listed
INDGN.NS,INDEGENE LIMITED,EQ,2026-10-01,593.50,143013769686.00,14301.38,2.00,240966756,Listed
INDHOTEL.NS,THE INDIAN HOTELS CO. LTD,EQ,2026-10-01,718.00,1022024338986.00,102202.43,1.00,1423432227,Listed
INDIACEM.NS,THE INDIA CEMENTS LIMITED,EQ,2026-10-01,295.15,91466158875.15,9146.62,10.00,309897201,Listed
INDIAGLYCO.NS,INDIA GLYCOLS LTD,EQ,2026-10-01,298.80,20027597382.00,2002.76,5.00,67026765,Listed
INDIAMART.NS,INDIAMART INTERMESH LTD,EQ,2026-10-01,1620.30,97449942704.40,9744.99,10.00,60143148,Listed
INDIANB.NS,INDIAN BANK,EQ,2026-10-01,793.15,1068344481530.15,106834.45,10.00,1346963981,Listed
INDIANCARD.NS,INDIAN CARD CLOTHING CO.,EQ,2026-10-01,188.35,1119128774.40,111.91,10.00,5941120,Listed
INDIANHUME.NS,INDIAN HUME PIPE CO. LTD.,EQ,2026-10-01,346.10,18233160597.00,1823.32,2.00,52681770,Listed
INDIASHLTR.NS,INDIA SHELTER FIN CORP L,EQ,2026-10-01,645.60,70478419855.20,7047.84,5.00,109167317,Listed
INDIFRA.NS,INDIFRA LIMITED,SM,2026-10-01,12.25,89302500.00,8.93,10.00,7290000,Listed
INDIGO.NS,INTERGLOBE AVIATION LTD,EQ,2026-10-01,4929.90,1906227656550.30,190622.77,10.00,386666597,Listed
INDIGOPNTS.NS,INDIGO PAINTS LIMITED,EQ,2026-10-01,1053.50,50286333079.50,5028.63,10.00,47732637,Listed
INDIQUBE.NS,INDIQUBE SPACES LIMITED,EQ,2026-10-01,197.50,41867412738.65,4186.74,1.00,211997634,Listed
INDNIPPON.NS,INDIA NIPPON ELECT  LTD,EQ,2026-10-01,1224.40,27697671545.60,2769.77,5.00,22621424,Listed
INDOAMIN.NS,INDO AMINES LIMITED,EQ,2026-10-01,136.50,9909653691.20,990.97,5.00,72587560,Listed
INDOBORAX.NS,INDO BORAX & CHEMICAL LTD,EQ,2026-10-01,469.50,15066255000.00,1506.63,1.00,32090000,Listed
INDOCO.NS,INDOCO REMEDIES LTD.,EQ,2026-10-01,251.75,23237432558.75,2323.74,2.00,92303605,Listed
INDOFARM.NS,INDO FARM EQUIPMENT LTD,EQ,2026-10-01,131.75,6331759332.00,633.18,10.00,48051600,Listed
INDOKEM.NS,INDOKEM LTD.,EQ,2026-10-01,603.70,16836139543.50,1683.61,10.00,27888255,Permitted
INDOMIM.NS,INDO-MIM LIMITED,EQ,2026-10-01,1271.80,628880817522.60,62888.08,1.00,494480907,Listed
INDORAMA.NS,INDO RAMA SYNTHETICS LTD,EQ,2026-10-01,95.80,25017250997.30,2501.73,10.00,261113151,Listed
INDOSTAR.NS,INDOSTAR CAPITAL FIN LTD,EQ,2026-10-01,206.35,33367625146.05,3336.76,10.00,161704023,Listed
INDOTECH.NS,INDO TECH TRANSFORM LTD.,EQ,2026-10-01,3347.60,35551512000.00,3555.15,10.00,10620000,Listed
INDOTHAI.NS,INDO THAI SEC LTD,EQ,2026-10-01,35.20,4561264106.10,456.13,1.00,129618190,Listed
INDOUS.NS,INDO US BIOTECH LTD,EQ,2026-10-01,76.75,1538991000.00,153.90,10.00,20052000,Listed
INDOWIND.NS,INDOWIND ENERGY LTD,EQ,2026-10-01,8.45,1358858314.80,135.89,10.00,161002170,Listed
INDPRUD.NS,INDUSTRIAL & PRU INV CO L,EQ,2026-10-01,6255.50,10483217120.00,1048.32,10.00,1675840,Permitted
INDRAMEDCO.NS,INDRAPRASTHA MEDICAL CORP,EQ,2026-10-01,338.60,31040477800.00,3104.05,10.00,91673000,Listed
INDSWFTLAB.NS,IND SWIFT LABORATORIES LT,EQ,2026-10-01,395.15,34362859643.70,3436.29,10.00,86961558,Listed
INDTERRAIN.NS,IND TERRAIN FASHIONS LTD,EQ,2026-10-01,29.20,1480500463.75,148.05,2.00,50667367,Listed
INDUSINDBK.NS,INDUSIND BANK LIMITED,EQ,2026-10-01,886.85,690980798541.20,69098.08,10.00,779140552,Listed
INDUSTOWER.NS,INDUS TOWERS LIMITED,EQ,2026-10-01,376.25,992608737321.25,99260.87,10.00,2638162757,Listed
INFINIUM.NS,INFINIUM PHARMACHEM LTD,SM,2026-10-01,314.25,4896995460.00,489.70,10.00,15583120,Listed
INFLUX.NS,INFLUX HEALTHTECH LIMITED,SM,2026-10-01,256.00,5926502400.00,592.65,10.00,23150400,Listed
INFOBEAN.NS,INFOBEANS TECHNO. LTD.,EQ,2026-10-01,143.60,13921436395.20,1392.14,10.00,96959440,Listed
INFOLLION.NS,INFOLLION RESEARCH SER L,SM,2026-10-01,154.00,1494840886.00,149.48,10.00,9706759,Listed
INFOMEDIA.NS,INFOMEDIA PRESS LIMITED,EQ,2026-10-01,5.30,267032995.05,26.70,10.00,50194172,Listed
INFRA.NS,,,2026-10-01,,,,,,
INFRABEES.NS,,,2026-10-01,,,,,,
INFRAIETF.NS,,,2026-10-01,,,,,,
INFY.NS,INFOSYS LIMITED,EQ,2026-10-01,1035.00,4200270598170.00,420027.06,5.00,4058232462,Listed
INGERRAND.NS,INGERSOLL-RAND INDIA LTD,EQ,2026-10-01,4158.80,131284998400.00,13128.50,10.00,31568000,Listed
INM.NS,INTERIORS & MORE LIMITED,SM,2026-10-01,140.05,1959411540.00,195.94,10.00,13990800,Listed
INNOMET.NS,INNOMET ADVANCED MATERI L,ST,2026-10-01,280.00,3623238640.00,362.32,10.00,12940138,Listed
INNOVACAP.NS,INNOVA CAPTAB LIMITED,EQ,2026-10-01,1168.00,66838717072.00,6683.87,10.00,57224929,Listed
INNOVANA.NS,INNOVANA THINKLABS LTD,EQ,2026-10-01,290.20,5995532000.00,599.55,10.00,20660000,Listed
INNOVISION.NS,INNOVISION LIMITED,EQ,2026-10-01,253.00,6024763382.00,602.48,10.00,23813294,Listed
INOXGREEN.NS,INOX GREEN ENERGY SER LTD,EQ,2026-10-01,159.00,63837235155.00,6383.72,10.00,401492045,Listed
INOXINDIA.NS,INOX INDIA LIMITED,EQ,2026-10-01,2168.30,197147167849.70,19714.72,2.00,90922459,Listed
INOXWIND.NS,INOX WIND LIMITED,EQ,2026-10-01,68.75,118816350262.50,11881.64,10.00,1728237822,Listed
INSECTICID.NS,INSECTICIDES (I) LTD,EQ,2026-10-01,568.70,16547939901.90,1654.79,10.00,29097837,Listed
INSPIRISYS.NS,INSPIRISYS SOLUTIONS LTD,EQ,2026-10-01,83.85,3321082463.60,332.11,10.00,39616873,Listed
INSUREIETF.NS,,,2026-10-01,,,,,,
INTEGRITY.NS,INTEGRITY INFRABUILD DE L,SM,2026-10-01,184.00,809600000.00,80.96,10.00,4400000,Listed
INTELLECT.NS,INTELLECT DESIGN ARENA,EQ,2026-10-01,610.95,85816045192.65,8581.60,5.00,140463287,Listed
INTENTECH.NS,INTENSE TECHNOLOGIES LTD,EQ,2026-10-01,82.00,1936896289.00,193.69,2.00,23626449,Listed
INTERARCH.NS,INTERARCH BLDNG SOLTN LTD,EQ,2026-10-01,1666.90,28032310640.80,2803.23,10.00,16817032,Listed
INTERNET.NS,,,2026-10-01,,,,,,
INTLCONV.NS,INTL CONVEYORS LIMITED,EQ,2026-10-01,80.05,5104393430.00,510.44,1.00,63781000,Listed
INVENTURE.NS,INVENTURE GRO & SEC LTD,EQ,2026-10-01,0.85,892500000.00,89.25,1.00,1050000000,Listed
INVICTA.NS,INVICTA DIAGNOSTIC LTD,SM,2026-10-01,66.55,836664803.15,83.67,10.00,12571973,Listed
INVPRECQ.NS,INVESTMENT & PREC CAST L,BE,2026-10-01,1595.20,15952000000.00,1595.20,10.00,10000000,Permitted
IOB.NS,INDIAN OVERSEAS BANK,EQ,2026-10-01,30.40,585015197972.10,58501.52,10.00,19256589795,Listed
IOC.NS,INDIAN OIL CORP LTD,EQ,2026-10-01,131.35,1854683449223.20,185468.34,10.00,14121238383,Listed
IOLCP.NS,IOL CHEM AND PHARMA LTD,EQ,2026-10-01,209.40,61461725318.90,6146.17,2.00,293527510,Listed
IONEXCHANG.NS,ION EXCHANGE (INDIA) LTD,EQ,2026-10-01,406.40,59605302176.00,5960.53,1.00,146666590,Listed
IPCALAB.NS,IPCA LABORATORIES LTD,EQ,2026-10-01,1943.20,492998036417.60,49299.80,1.00,253704218,Listed
IPHL.NS,INDIAN PHOSPHATE LIMITED,SM,2026-10-01,72.65,1815495093.85,181.55,10.00,24989609,Listed
IPL.NS,INDIA PESTICIDES LIMITED,EQ,2026-10-01,130.70,15049567225.45,1504.96,1.00,115163508,Listed
IPRINGLTD.NS,IP RINGS LTD.,EQ,2026-10-01,141.95,1799339036.75,179.93,10.00,12675865,Permitted
IRB.NS,IRB INFRA DEV LTD.,EQ,2026-10-01,17.00,205326000000.00,20532.60,1.00,12078000000,Listed
IRCON.NS,IRCON INTERNATIONAL LTD,EQ,2026-10-01,110.25,103691860335.00,10369.19,2.00,940515740,Listed
IRCTC.NS,INDIAN RAIL TOUR CORP LTD,EQ,2026-10-01,454.10,363280000000.00,36328.00,2.00,800000000,Listed
IREDA.NS,INDIAN RENEWABLE ENERGY,EQ,2026-10-01,111.00,311824670748.00,31182.47,10.00,2809231268,Listed
IRFC.NS,INDIAN RAILWAY FIN CORP L,EQ,2026-10-01,77.05,1007059072360.00,100705.91,10.00,13068506000,Listed
IRIS.NS,IRIS REGTECH SOLUTION LTD,EQ,2026-10-01,225.10,4629912399.70,462.99,10.00,20568247,Listed
IRISDOREME.NS,IRIS CLOTHINGS LIMITED,EQ,2026-10-01,60.45,11507440676.20,1150.74,2.00,190331470,Listed
IRMENERGY.NS,IRM ENERGY LIMITED,EQ,2026-10-01,257.70,10581078762.90,1058.11,10.00,41059677,Listed
ISFT.NS,INTRASOFT TECH. LTD,BE,2026-10-01,97.90,1597076393.00,159.71,10.00,16311678,Listed
ISGEC.NS,ISGEC HEAVY ENG LTD,EQ,2026-10-01,919.70,67625090347.00,6762.51,1.00,73529510,Listed
ISHAN.NS,ISHAN INTERNATIONAL LTD,SM,2026-10-01,0.45,97305880.50,9.73,1.00,216235290,Listed
ISHANCH.NS,ISHAN DYES N CHEMICALS L,EQ,2026-10-01,47.30,1291497978.10,129.15,10.00,27304397,Listed
ISTLTD.NS,I S T LTD.,EQ,2026-10-01,635.00,7406711120.00,740.67,5.00,11664112,Permitted
IT.NS,,,2026-10-01,,,,,,
ITADD.NS,,,2026-10-01,,,,,,
ITALIANE.NS,ITALIAN EDIBLES LIMITED,SM,2026-10-01,29.20,431492809.20,43.15,10.00,14777151,Listed
ITAXIS.NS,,,2026-10-01,,,,,,
ITBEES.NS,,,2026-10-01,,,,,,
ITBETA.NS,,,2026-10-01,,,,,,
ITC.NS,ITC LTD,EQ,2026-10-01,255.90,3206559321283.80,320655.93,1.00,12530517082,Listed
ITCHOTELS.NS,ITC HOTELS LIMITED,EQ,2026-10-01,158.50,330177244444.20,33017.72,1.00,2083005769,Listed
ITDC.NS,INDIA TOUR. DEV. CO. LTD.,EQ,2026-10-01,665.60,57088112640.00,5708.81,10.00,85769400,Listed
ITETF.NS,,,2026-10-01,,,,,,
ITI.NS,ITI LTD,EQ,2026-10-01,241.55,232567264109.20,23256.73,10.00,962851967,Listed
ITIETF.NS,,,2026-10-01,,,,,,
ITL.NS,ITL INDUSTRIES LTD.,EQ,2026-10-01,348.00,1115096400.00,111.51,10.00,3204300,Permitted
ITTL.NS,INNOVATIVE TYRE & TUBE LT,ST,2026-10-01,60.75,607500000.00,60.75,10.00,10000000,Listed
IVALUE.NS,IVALUE INFOSOLUTIONS LTD,EQ,2026-10-01,219.30,12006382564.80,1200.64,2.00,54753660,Listed
IVC.NS,IL&FS INVESTMENT MANAGERS,EQ,2026-10-01,7.80,2452595699.40,245.26,2.00,314032740,Listed
IVP.NS,IVP LIMITED,BE,2026-10-01,224.80,2321447185.05,232.14,10.00,10326263,Listed
IVZBANKNF.NS,,,2026-10-01,,,,,,
IVZINGOLD.NS,,,2026-10-01,,,,,,
IVZINNIFTY.NS,,,2026-10-01,,,,,,
IVZSENSEX.NS,,,2026-10-01,,,,,,
IWARE.NS,IWARE SUPPLYCHAIN SER LTD,ST,2026-10-01,388.00,4464638400.00,446.46,10.00,11506800,Listed
IWP.NS,INDIAN WOOD PRODUCTS CO L,EQ,2026-10-01,36.45,2332445371.20,233.24,2.00,63972720,Permitted
IXIGO.NS,LE TRAVENUES TECHNOLOGY L,EQ,2026-10-01,161.90,71411685785.00,7141.17,1.00,441085150,Listed
IZMO.NS,IZMO LIMITED,EQ,2026-10-01,855.95,12822405759.95,1282.24,10.00,14980321,Listed
J&KBANK.NS,J & K BANK LTD.,EQ,2026-10-01,140.00,154143521170.75,15414.35,1.00,1101182463,Listed
JAGRAN.NS,JAGRAN PRAKASHAN LIMITED,EQ,2026-10-01,61.55,13396620441.60,1339.66,2.00,217654272,Listed
JAGSNPHARM.NS,JAGSONPAL PHARMACEUTICALS,EQ,2026-10-01,231.75,15284312936.60,1528.43,2.00,65957420,Listed
JAIBALAJI.NS,JAI BALAJI INDUSTRIES LTD,EQ,2026-10-01,61.70,56304497719.60,5630.45,2.00,912256930,Listed
JAICORPLTD.NS,JAI CORP LIMITED,EQ,2026-10-01,89.55,15714717252.30,1571.47,1.00,175504995,Listed
JAINAM.NS,JAINAM FER ALLOYS (I) LTD,SM,2026-10-01,201.50,2359806800.00,235.98,10.00,11711200,Listed
JAINIK.NS,JAINIK POWER CABLES LTD,ST,2026-10-01,186.80,2680150360.00,268.02,10.00,14347700,Listed
JAINREC.NS,JAIN RESOURCE RECYCLING L,EQ,2026-10-01,282.50,97486742455.00,9748.67,2.00,345085814,Listed
JAIPURKURT.NS,NANDANI CREATION LIMITED,EQ,2026-10-01,26.50,505713013.85,50.57,10.00,19090714,Listed
JAMNAAUTO.NS,JAMNA AUTO IND LTD,EQ,2026-10-01,131.65,52662042874.10,5266.20,1.00,399985135,Listed
JARO.NS,JARO INS OF TEC MG N RE L,EQ,2026-10-01,408.40,9095226050.80,909.52,10.00,22270387,Listed
JASH.NS,JASH ENGINEERING LIMITED,EQ,2026-10-01,576.30,36418540836.00,3641.85,2.00,63193720,Listed
JAYAGROGN.NS,JAYANT AGRO ORGANICS LTD,EQ,2026-10-01,211.20,6336600000.00,633.66,5.00,30000000,Listed
JAYBARMARU.NS,JAY BHARAT MARUTI LTD,EQ,2026-10-01,130.80,14159100000.00,1415.91,2.00,108250000,Listed
JAYBEE.NS,JAY BEE LAMINATIONS LTD,SM,2026-10-01,92.35,2084117860.00,208.41,10.00,22567600,Listed
JAYESH.NS,JAYESH LOGISTICS LIMITED,SM,2026-10-01,115.30,1002124069.70,100.21,10.00,8691449,Listed
JAYKAY.NS,JAYKAY ENTERPRISES LTD,EQ,2026-10-01,201.45,26247632316.35,2624.76,1.00,130287066,Listed
JAYNECOIND.NS,JAYASWAL NECO INDUSTR LTD,EQ,2026-10-01,91.30,88632719712.30,8863.27,10.00,970998244,Listed
JAYSREETEA.NS,JAYSHREE TEA & INDUSTRIES,EQ,2026-10-01,83.65,2415601871.20,241.56,5.00,28877488,Listed
JBCHEPHARM.NS,,,2026-10-01,,,,,,
JBMA.NS,JBM AUTO LIMITED,EQ,2026-10-01,544.65,128806600887.60,12880.66,1.00,236494264,Listed
JENBURPH.NS,JENBURKT PHARMACEUTICAL L,EQ,2026-10-01,915.25,4039272825.00,403.93,10.00,4413300,Permitted
JETFREIGHT.NS,JET FREIGHT LOGISTICS LTD,EQ,2026-10-01,19.60,909050128.55,90.91,5.00,46403784,Listed
JEYYAM.NS,JEYYAM GLOBAL FOODS LTD,SM,2026-10-01,20.00,949935120.00,94.99,5.00,47496756,Listed
JFLLIFE.NS,JFL LIFE SCIENCES LIMITED,SM,2026-10-01,10.00,659906460.00,65.99,10.00,65990646,Listed
JGCHEM.NS,J.G.CHEMICALS LIMITED,EQ,2026-10-01,610.30,23915254248.90,2391.53,10.00,39186063,Listed
JHS.NS,JHS SVEND. LAB. LTD,EQ,2026-10-01,11.70,1022647473.90,102.26,10.00,87405767,Listed
JINDALPHOT.NS,JINDAL PHOTO LIMITED,EQ,2026-10-01,1031.80,10584540766.80,1058.45,10.00,10258326,Listed
JINDALPOLY.NS,JINDAL POLY FILMS LIMITED,EQ,2026-10-01,653.70,28623178178.10,2862.32,10.00,43786413,Listed
JINDALSAW.NS,JINDAL SAW LIMITED,EQ,2026-10-01,270.30,172859075650.20,17285.91,1.00,639508234,Listed
JINDALSTEL.NS,JINDAL STEEL LIMITED,EQ,2026-10-01,1100.50,1122606950748.50,112260.70,1.00,1020088097,Listed
JINDRILL.NS,JINDAL DRILLING IND. LTD,EQ,2026-10-01,587.65,17030745765.60,1703.07,5.00,28981104,Listed
JINDWORLD.NS,JINDAL WORLDWIDE LTD,EQ,2026-10-01,45.80,45939223640.00,4593.92,1.00,1002602000,Listed
JIOFIN.NS,JIO FIN SERVICES LTD,EQ,2026-10-01,212.50,1403167594887.50,140316.76,10.00,6603141623,Listed
JISLDVREQS.NS,JAIN DVR EQUITY SHARES,EQ,2026-10-01,18.70,360996427.85,36.10,2.00,19294304,Listed
JISLJALEQS.NS,JAIN IRRIGATION SYSTEMS,EQ,2026-10-01,27.30,19508852754.30,1950.89,2.00,714609991,Listed
JITFINFRA.NS,JITF INFRALOGISTICS LTD,EQ,2026-10-01,275.45,7080085817.70,708.01,2.00,25703706,Listed
JIWANRAM.NS,JIWANRAM SHEODUTTRA IND L,SM,2026-10-01,4.40,108892190.00,10.89,10.00,24748225,Listed
JKCEMENT.NS,JK CEMENT LIMITED,EQ,2026-10-01,4952.00,382632378952.00,38263.24,10.00,77268251,Listed
JKIL.NS,JKUMAR INFR.LTD.,EQ,2026-10-01,461.85,34946113946.10,3494.61,5.00,75665506,Listed
JKIPL.NS,JINKUSHAL INDUSTRIES LTD,EQ,2026-10-01,96.50,3704632860.00,370.46,10.00,38386000,Listed
JKLAKSHMI.NS,JK LAKSHMI CEMENT LTD,EQ,2026-10-01,476.60,59167233431.60,5916.72,5.00,124144426,Listed
JKPAPER.NS,JK PAPER LIMITED,EQ,2026-10-01,382.60,69372561784.60,6937.26,10.00,181318771,Listed
JKTYRE.NS,JK TYRE & INDUSTRIES LTD,EQ,2026-10-01,340.35,98119335068.85,9811.93,2.00,288289511,Listed
JLHL.NS,JUPITER LIFE LINE HOSP L,EQ,2026-10-01,259.85,85186654083.50,8518.67,2.00,327830110,Listed
JMA.NS,JULLUNDUR MOT AGENCY LTD,EQ,2026-10-01,87.65,2001789972.55,200.18,2.00,22841054,Listed
JMFINANCIL.NS,JM FINANCIAL LIMITED,EQ,2026-10-01,123.40,118088856102.40,11808.89,1.00,956959936,Listed
JNKINDIA.NS,JNK INDIA LIMITED,EQ,2026-10-01,432.70,24211259020.50,2421.13,2.00,55953915,Listed
JNPR.NS,JUNIPER GREEN ENERGY LTD,EQ,2026-10-01,268.25,152633832066.50,15263.38,10.00,568998442,Listed
JOCIL.NS,JOCIL LIMITED,EQ,2026-10-01,145.20,1289720603.00,128.97,10.00,8881150,Listed
JPOLYINVST.NS,JIND POL INV & FIN CO LTD,EQ,2026-10-01,911.00,9576367319.00,957.64,10.00,10511929,Listed
JPPOWER.NS,JAIPRAKASH POWER VEN. LTD,EQ,2026-10-01,14.80,101431190639.60,10143.12,10.00,6853458827,Listed
JSFB.NS,JANA SMALL FIN BANK LTD,EQ,2026-10-01,482.40,51015024813.60,5101.50,10.00,105752539,Listed
JSIPL.NS,JINDAL SUPREME (INDIA) L,BE,2026-10-01,168.80,8613832682.60,861.38,10.00,51023769,Listed
JSL.NS,JINDAL STAINLESS LIMITED,EQ,2026-10-01,732.70,604052232127.60,60405.22,2.00,824419588,Listed
JSLL.NS,JEENA SIKHO LIFECARE LTD,EQ,2026-10-01,480.80,59763790984.00,5976.38,2.00,124300730,Listed
JSWCEMENT.NS,JSW CEMENT LIMITED,EQ,2026-10-01,111.60,152151526857.60,15215.15,10.00,1363364936,Listed
JSWDULUX.NS,JSW DULUX LIMITED,EQ,2026-10-01,3020.60,137559072468.40,13755.91,10.00,45540314,Listed
JSWENERGY.NS,JSW ENERGY LIMITED,EQ,2026-10-01,485.00,889239126960.00,88923.91,10.00,1833482736,Listed
JSWHL.NS,JSW HOLDINGS LIMITED,EQ,2026-10-01,11258.00,124959578250.00,12495.96,10.00,11099625,Listed
JSWINFRA.NS,JSW INFRASTRUCTURE LTD,EQ,2026-10-01,357.45,832859060124.15,83285.91,2.00,2330001567,Listed
JSWSTEEL.NS,JSW STEEL LIMITED,EQ,2026-10-01,1233.00,3015244740078.00,301524.47,1.00,2445453966,Listed
JTEKTINDIA.NS,JTEKT INDIA LIMITED,EQ,2026-10-01,115.85,32133655737.60,3213.37,1.00,277396890,Listed
JTLIND.NS,JTL INDUSTRIES LIMITED,EQ,2026-10-01,86.25,33895428954.90,3389.54,1.00,393081630,Listed
JUBLCPL.NS,JUBILANT AGRI N CON PRO L,EQ,2026-10-01,2037.30,30870173988.90,3087.02,10.00,15152493,Listed
JUBLFOOD.NS,JUBILANT FOODWORKS LTD,EQ,2026-10-01,443.40,292575361680.00,29257.54,2.00,659845200,Listed
JUBLINGREA.NS,JUBILANT INGREVIA LIMITED,EQ,2026-10-01,638.00,101621366682.00,10162.14,1.00,159281139,Listed
JUBLPHARMA.NS,JUBILANT PHARMOVA LTD,EQ,2026-10-01,999.30,159169642202.70,15916.96,1.00,159281139,Listed
JUNIORBEES.NS,,,2026-10-01,,,,,,
JUNIPER.NS,JUNIPER HOTELS LIMITED,EQ,2026-10-01,215.00,47835787536.15,4783.58,10.00,222502384,Listed
JUSTDIAL.NS,JUSTDIAL LTD.,EQ,2026-10-01,653.15,55549775250.80,5554.98,10.00,85049032,Listed
JWL.NS,JUPITER WAGONS LIMITED,EQ,2026-10-01,223.95,95701051208.75,9570.11,10.00,427370389,Listed
JYOTHYLAB.NS,JYOTHY LABS LIMITED,EQ,2026-10-01,182.90,67167206207.00,6716.72,1.00,367214511,Listed
JYOTICNC.NS,JYOTI CNC AUTOMATION LTD,EQ,2026-10-01,1032.10,234723377381.60,23472.34,2.00,227423096,Listed
JYOTIGLOBL.NS,JYOTI GLOBAL PLAST LTD,SM,2026-10-01,44.95,890909000.00,89.09,10.00,19820000,Listed
JYOTIRES.NS,JYOTI RESINS & ADHESIVE L,EQ,2026-10-01,840.65,10087800000.00,1008.78,10.00,12000000,Permitted
JYOTISTRUC.NS,JYOTI STRUCTURES LTD,EQ,2026-10-01,8.90,10623573439.30,1062.36,2.00,1193659937,Listed
K2INFRA.NS,K2 INFRAGEN LIMITED,SM,2026-10-01,42.90,541329102.60,54.13,10.00,12618394,Listed
KABRAEXTRU.NS,KABRAEXTRUSION,BE,2026-10-01,765.30,26764711390.80,2676.47,5.00,34972836,Listed
KAJARIACER.NS,KAJARIA CERAMICS LTD,EQ,2026-10-01,1225.10,192515950555.00,19251.60,1.00,157143050,Listed
KAKATCEM.NS,KAKATIYA CEM SUGAR &IND L,EQ,2026-10-01,103.10,801407021.20,80.14,10.00,7773858,Listed
KALAMANDIR.NS,SAI SILKS (KALAMANDIR) L,EQ,2026-10-01,74.35,11405837749.45,1140.58,2.00,153366112,Listed
KALANA.NS,KALANA ISPAT LIMITED,SM,2026-10-01,18.50,241224922.50,24.12,10.00,13039185,Listed
KALPATARU.NS,KALPATARU LIMITED,EQ,2026-10-01,273.50,56321012073.00,5632.10,10.00,205926918,Listed
KALYANIFRG.NS,KALYANI FORGE LIMITED,BE,2026-10-01,944.75,3437000500.00,343.70,10.00,3638000,Listed
KALYANKJIL.NS,KALYAN JEWELLERS IND LTD,EQ,2026-10-01,528.50,545808888702.00,54580.89,10.00,1032750972,Listed
KAMAHOLD.NS,KAMA HOLDINGS LTD.,EQ,2026-10-01,2263.00,72620971225.00,7262.10,10.00,32090575,Permitted
KAMANWALA.NS,KAMANWALA HOUSING CONST L,EQ,2026-10-01,17.15,241556762.40,24.16,10.00,14093160,Permitted
KAMATHOTEL.NS,KAMAT HOTELS (I) LTD,EQ,2026-10-01,237.45,7000043096.40,700.00,10.00,29480072,Listed
KAMDHENU.NS,KAMDHENU LIMITED,EQ,2026-10-01,37.60,10595981970.00,1059.60,1.00,281883000,Listed
KAMOPAINTS.NS,KAMDHENU VENTURES LIMITED,EQ,2026-10-01,4.10,1348900000.00,134.89,1.00,329000000,Listed
KANANIIND.NS,KANANI INDUSTRIES LTD,EQ,2026-10-01,1.35,265143120.00,26.51,1.00,197868000,Listed
KANCHI.NS,KANCHI KARPOORAM LTD.,EQ,2026-10-01,379.80,1649809801.80,164.98,10.00,4343891,Permitted
KANCOTEA.NS,KANCO TEA & INDS. LTD.,EQ,2026-10-01,53.00,271509831.00,27.15,10.00,5122827,Permitted
KANDARP.NS,KANDARP DG SMART BPO LTD,SM,2026-10-01,59.65,535239450.00,53.52,10.00,8973000,Listed
KANOHAR.NS,KANOHAR ELECTRICALS LTD,EQ,2026-10-01,906.35,71770987902.25,7177.10,2.00,79186835,Listed
KANORICHEM.NS,KANORIACHEMICALS-,BE,2026-10-01,189.00,8258913803.65,825.89,5.00,43693333,Listed
KANPRPLA.NS,KANPUR PLASTIPACK LIMITED,EQ,2026-10-01,245.55,6010808136.90,601.08,10.00,24478958,Listed
KANSAINER.NS,KANSAI NEROLAC PAINTS LTD,EQ,2026-10-01,175.25,141754656595.35,14175.47,1.00,808778779,Listed
KAPSTON.NS,KAPSTON SERVICES LIMITED,EQ,2026-10-01,542.35,16504894450.05,1650.49,5.00,30432183,Listed
KARAMTARA.NS,KARAMTARA ENGINEERING L,EQ,2026-10-01,410.95,132253079249.05,13225.31,10.00,321822799,Listed
KARMAENG.NS,KARMA ENERGY LIMITED,EQ,2026-10-01,36.35,420335120.95,42.03,10.00,11569918,Listed
KARNIKA.NS,KARNIKA INDUSTRIES LTD,SM,2026-10-01,123.70,7669090750.00,766.91,10.00,61997500,Listed
KARURVYSYA.NS,KARUR VYSYA BANK LTD,EQ,2026-10-01,325.30,314422354781.70,31442.24,2.00,966561189,Listed
KATARIA.NS,KATARIA INDUSTRIES LTD,SM,2026-10-01,159.10,3425619329.40,342.56,10.00,21531234,Listed
KAUSHALYA.NS,KAUSHALYA INFRA DEV LTD.,BE,2026-10-01,834.00,288819204.00,28.88,1000.00,346306,Listed
KAVDEFENCE.NS,KAVVERI DFS & WIR TEC LTD,BE,2026-10-01,77.60,4665642576.00,466.56,10.00,60124260,Listed
KAYA.NS,KAYA LIMITED,BE,2026-10-01,298.15,4528185623.35,452.82,10.00,15187609,Listed
KAYNES.NS,KAYNES TECHNOLOGY IND LTD,EQ,2026-10-01,3399.00,227850788946.00,22785.08,10.00,67034654,Listed
KAYTEX.NS,KAYTEX FABRICS LIMITED,SM,2026-10-01,55.40,814335680.00,81.43,10.00,14699200,Listed
KCEIL.NS,KAY CEE ENERGY & INFRA L,SM,2026-10-01,79.40,970585600.00,97.06,10.00,12224000,Listed
KCK.NS,KCK INDUSTRIES LTD,ST,2026-10-01,14.10,896783970.00,89.68,2.00,63601700,Listed
KCP.NS,KCP LTD,EQ,2026-10-01,154.15,19875775237.20,1987.58,1.00,128921160,Listed
KCPSUGIND.NS,KCPSUGARINDUS,BE,2026-10-01,26.70,3028514685.50,302.85,1.00,113385050,Listed
KDDL.NS,KDDL LIMITED,EQ,2026-10-01,3911.20,48104943936.00,4810.49,10.00,12299280,Listed
KDGREEN.NS,KD GREEN INDUSTRIES LTD,EQ,2026-10-01,46.75,2712570980.00,271.26,1.00,58010500,Permitted
KDL.NS,KORE DIGITAL LIMITED,SM,2026-10-01,47.20,567532800.00,56.75,10.00,12024000,Listed
KEC.NS,KEC INTL. LIMITED,EQ,2026-10-01,372.35,99119570000.00,9911.96,2.00,266200000,Listed
KECL.NS,KIRLOSKAR ELECTRIC CO LTD,EQ,2026-10-01,120.45,7998246570.55,799.82,10.00,66414071,Listed
KEEPLEARN.NS,DSJ KEEP LEARNING LTD,EQ,2026-10-01,1.85,286510232.70,28.65,1.00,155712083,Listed
KEI.NS,KEI INDUSTRIES LTD.,EQ,2026-10-01,4502.00,430393878690.00,43039.39,2.00,95600595,Listed
KELLTONTEC.NS,KELLTON TECH SOL LTD,EQ,2026-10-01,12.40,6600046001.40,660.00,1.00,531404670,Listed
KEN.NS,KEN ENTERPRISES LIMITED,SM,2026-10-01,40.00,982619200.00,98.26,10.00,24565480,Listed
KENNAMET.NS,KENNAMETAL INDIA LIMITED,EQ,2026-10-01,4277.50,94011921600.00,9401.19,10.00,21978240,Permitted
KERNEX.NS,KERNEX MICROSYS(I) LTD,EQ,2026-10-01,1643.50,27616752757.00,2761.68,10.00,16803622,Listed
KESORAMIND.NS,KESORAM INDUSTRIES LTD,EQ,2026-10-01,10.75,3333421104.00,333.34,10.00,310663663,Listed
KEYFINSERV.NS,KEYNOTE FIN SERV LTD.,EQ,2026-10-01,244.05,1358537759.85,135.85,10.00,5566637,Listed
KFINTECH.NS,KFIN TECHNOLOGIES LIMITED,EQ,2026-10-01,832.00,143829569728.00,14382.96,10.00,172872079,Listed
KHADIM.NS,KHADIM INDIA LIMITED,BE,2026-10-01,113.40,2084108518.80,208.41,10.00,18378382,Listed
KHAICHEM.NS,KHAITAN CHEM & FERT LTD,EQ,2026-10-01,49.20,4773808424.00,477.38,1.00,96989200,Listed
KHAITANLTD.NS,KHAITAN (INDIA)LTD.,EQ,2026-10-01,147.20,699152500.00,69.92,10.00,4750000,Listed
KHANDSE.NS,KHANDWALA SECURITIES LTD,EQ,2026-10-01,16.75,255653771.80,25.57,10.00,15253805,Listed
KHFM.NS,KHFM HOS FAC MANA SER LTD,SM,2026-10-01,41.95,969485433.05,96.95,10.00,23110499,Listed
KICL.NS,KALYANI INVEST CO LTD,EQ,2026-10-01,4693.20,20487254119.20,2048.73,10.00,4365306,Listed
KILITCH.NS,KILITCH DRUGS INDIA LTD,BE,2026-10-01,218.50,7639451349.65,763.95,10.00,34961564,Listed
KIMS.NS,KRISHNA INST OF MED SCI L,EQ,2026-10-01,736.25,309229773845.00,30922.98,2.00,420006484,Listed
KINGFA.NS,KINGFA SCI & TEC IND LTD.,EQ,2026-10-01,6586.50,89256170956.50,8925.62,10.00,13551381,Listed
KIOCL.NS,KIOCL LIMITED,EQ,2026-10-01,323.85,196820192439.60,19682.02,10.00,607751096,Listed
KIRANVYPAR.NS,KIRAN VYAPAR LTD.,EQ,2026-10-01,179.20,4889603453.30,488.96,10.00,27284211,Permitted
KIRIINDUS.NS,KIRI INDUSTRIES LIMITED,EQ,2026-10-01,544.60,35490492800.00,3549.05,10.00,65168000,Listed
KIRLFER.NS,KIRLOSKAR FERROUS IND LTD,EQ,2026-10-01,465.85,76828747391.55,7682.87,5.00,164921643,Permitted
KIRLOSBROS.NS,KIRLOSKAR BROTHERS LTD,EQ,2026-10-01,1767.60,140363217597.60,14036.32,2.00,79408926,Listed
KIRLOSENG.NS,KIRLOSKAR OIL ENG LTD,EQ,2026-10-01,2242.70,326357376565.80,32635.74,2.00,145519854,Listed
KIRLOSIND.NS,KIRLOSKAR INDUSTRIES LTD,EQ,2026-10-01,3471.40,36482956012.00,3648.30,10.00,10509580,Listed
KIRLPNU.NS,KIRLOSKAR PNEUMATIC COM L,EQ,2026-10-01,681.95,88603294841.00,8860.33,1.00,129926380,Listed
KISSHT.NS,ONEMI TECHNOLOGY SOL LTD,EQ,2026-10-01,371.15,65793490302.80,6579.35,1.00,177269272,Listed
KITEX.NS,KITEX GARMENTS LTD,EQ,2026-10-01,116.70,23277660000.00,2327.77,1.00,199500000,Listed
KJMCFIN.NS,K J M C FINANCIAL SERV L,EQ,2026-10-01,58.40,279391501.20,27.94,10.00,4785740,Permitted
KKCL.NS,KEWAL KIRAN CLOTHING LTD,EQ,2026-10-01,475.65,29312019245.25,2931.20,10.00,61625185,Listed
KKJEWELS.NS,KABRA JEWELS LIMITED,SM,2026-10-01,96.90,1015996500.00,101.60,10.00,10485000,Listed
KLBRENG-B.NS,KILBURN ENGINEERING LTD.,EQ,2026-10-01,523.95,27409321949.10,2740.93,10.00,52312858,Permitted
KLL.NS,KAUSHALYA LOGISTICS LTD,ST,2026-10-01,38.00,704140000.00,70.41,10.00,18530000,Listed
KMCSHIL.NS,K M C SPECIALITY HOSP I L,EQ,2026-10-01,171.95,28040834900.00,2804.08,1.00,163085000,Permitted
KMEW.NS,KNOWLEDGE MARINE & EN W L,EQ,2026-10-01,2950.10,74827271581.70,7482.73,5.00,25364317,Listed
KMSUGAR.NS,K M SUGAR MILLS LTD,BE,2026-10-01,27.75,2552084715.80,255.21,2.00,92000170,Listed
KNACK.NS,KNACK PACKAGING LIMITED,EQ,2026-10-01,180.65,22107714179.90,2210.77,10.00,122365164,Listed
KNAGRI.NS,KN AGRI RESOURCES LIMITED,EQ,2026-10-01,200.50,5012281455.00,501.23,10.00,24998910,Listed
KNRCON.NS,KNR CONSTRU LTD.,EQ,2026-10-01,113.30,31861067834.00,3186.11,2.00,281234600,Listed
KODYTECH.NS,KODY TECHNOLAB LIMITED,ST,2026-10-01,1518.90,21710336394.00,2171.03,10.00,14293460,Listed
KOHINOOR.NS,KOHINOOR FOODS LIMITED,EQ,2026-10-01,30.05,1113258045.90,111.33,10.00,37071530,Listed
KOKUYOCMLN.NS,KOKUYO CAMLIN LIMITED,EQ,2026-10-01,74.75,7499715574.60,749.97,1.00,100303806,Listed
KOLTEPATIL.NS,KOLTE PATIL DEV. LTD.,EQ,2026-10-01,418.80,37139223367.20,3713.92,10.00,88680094,Listed
KONSTELEC.NS,KONSTELEC ENGINEERS LTD,ST,2026-10-01,53.65,810115000.00,81.01,10.00,15100000,Listed
KOPRAN.NS,KOPRAN LTD,EQ,2026-10-01,282.05,13619517862.05,1361.95,10.00,48287601,Listed
KORE.NS,JAY JALARAM TECHNO LTD,ST,2026-10-01,183.80,2228575000.00,222.86,10.00,12125000,Listed
KOTAKBANK.NS,KOTAK MAHINDRA BANK LTD,EQ,2026-10-01,418.35,4161601899313.80,416160.19,1.00,9947656028,Listed
KOTARISUG.NS,KOTHARI SUG & CHEM LTD.,BE,2026-10-01,25.70,2128578734.40,212.86,10.00,82888580,Listed
KOTHARIPET.NS,KOTHARI PETROCHEM LTD,EQ,2026-10-01,126.60,7448777312.00,744.88,10.00,58846400,Listed
KOTHARIPRO.NS,KOTHARI PRODUCTS LTD,EQ,2026-10-01,63.75,3806286542.10,380.63,10.00,59687730,Listed
KOTIC.NS,KOTHARI INDUSTRIAL CORP L,EQ,2026-10-01,147.10,15890002808.30,1589.00,5.00,108021773,Permitted
KOTYARK.NS,KOTYARK INDUSTRIES LTD,EQ,2026-10-01,28.25,3191973891.50,319.20,10.00,113070276,Listed
KOVAI.NS,KOVAI MEDICAL CENTER & HO,EQ,2026-10-01,5993.50,65582447297.00,6558.24,10.00,10942262,Permitted
KPEL.NS,K.P. ENERGY LIMITED,EQ,2026-10-01,218.00,14779985582.00,1478.00,5.00,67798099,Listed
KPIGREEN.NS,KPI GREEN ENERGY LIMITED,EQ,2026-10-01,345.60,68315432140.80,6831.54,5.00,197671968,Listed
KPIL.NS,KALPATARU PROJECT INT LTD,EQ,2026-10-01,1356.40,231635881394.40,23163.59,2.00,170772546,Listed
KPITTECH.NS,KPIT TECHNOLOGIES LIMITED,EQ,2026-10-01,492.00,134878753536.00,13487.88,10.00,274143808,Listed
KPL.NS,KWALITY PHARMACEUTICALS L,EQ,2026-10-01,3564.40,36984920151.20,3698.49,10.00,10376198,Permitted
KPRMILL.NS,KPR MILL LTD.,EQ,2026-10-01,1071.00,366082794000.00,36608.28,1.00,341814000,Listed
KRBL.NS,KRBL LIMITED,EQ,2026-10-01,375.90,86039710402.80,8603.97,1.00,228889892,Listed
KREBSBIO.NS,KREBS BIOCHEMICALS & IND,EQ,2026-10-01,68.05,1467197877.30,146.72,10.00,21560586,Listed
KRIDHANINF.NS,KRIDHAN INFRA LIMITED,EQ,2026-10-01,1.85,175341529.25,17.53,2.00,94779205,Listed
KRISHANA.NS,KRISHANA PHOSCHEM LIMITED,EQ,2026-10-01,184.60,57063783420.00,5706.38,2.00,309138000,Listed
KRISHCA.NS,KRISHCA STRAPPING SLTN L,SM,2026-10-01,215.75,3436412062.50,343.64,10.00,15927750,Listed
KRISHIVAL.NS,KRISHIVAL FOODS LIMITED,EQ,2026-10-01,394.50,9889024602.00,988.90,10.00,25067236,Listed
KRISHNADEF.NS,KRISHNA DEF AND ALD IND L,EQ,2026-10-01,1000.90,14961198971.40,1496.12,10.00,14947746,Listed
KRITI.NS,KRITI INDUSTRIES IND LTD,EQ,2026-10-01,60.75,3202335920.00,320.23,1.00,52696000,Listed
KRITIKA.NS,KRITIKA WIRES LIMITED,EQ,2026-10-01,4.90,1307434800.00,130.74,2.00,266280000,Listed
KRITINUT.NS,KRITI NUTRIENTS LIMITED,EQ,2026-10-01,66.55,3333387185.60,333.34,1.00,50103520,Listed
KRMAYURVED.NS,KRM AYURVEDA LIMITED,SM,2026-10-01,284.40,6046571520.00,604.66,10.00,21260800,Listed
KRN.NS,KRN HEAT EXCHANGE N REF L,EQ,2026-10-01,1414.70,92604120144.20,9260.41,10.00,65458486,Listed
KRONOX.NS,KRONOX LAB SCIENCES LTD,BE,2026-10-01,205.75,7634890080.00,763.49,10.00,37104000,Listed
KROSS.NS,KROSS LIMITED,EQ,2026-10-01,258.40,16669234644.80,1666.92,5.00,64509422,Listed
KRSNAA.NS,KRSNAA DIAGNOSTICS LTD,EQ,2026-10-01,554.85,17998597159.20,1799.86,5.00,32438672,Listed
KRYSTAL.NS,KRYSTAL INTEGRATED SER L,EQ,2026-10-01,610.20,8525685110.40,852.57,10.00,13971952,Listed
KSB.NS,KSB LIMITED,EQ,2026-10-01,806.45,140353928969.00,14035.39,2.00,174039220,Listed
KSCL.NS,KAVERI SEED CO. LTD.,EQ,2026-10-01,715.10,36784079672.10,3678.41,2.00,51439071,Listed
KSE.NS,KSE LTD.,EQ,2026-10-01,174.85,5594880000.00,559.49,1.00,32000000,Permitted
KSHINTL.NS,KSH INTERNATIONAL LIMITED,EQ,2026-10-01,1028.20,69666410740.00,6966.64,5.00,67755700,Listed
KSHITIJPOL.NS,KSHITIJ POLYLINE LIMITED,BE,2026-10-01,3.95,843679138.35,84.37,2.00,214131761,Listed
KSL.NS,KALYANI STEELS LIMITED,EQ,2026-10-01,913.00,39855243780.00,3985.52,5.00,43653060,Listed
KSOLVES.NS,KSOLVES INDIA LIMITED,EQ,2026-10-01,241.15,5719937256.00,571.99,5.00,23720400,Listed
KSR.NS,KSR FOOTWEAR LIMITED,BE,2026-10-01,37.40,686983919.15,68.70,10.00,18378382,Listed
KTKBANK.NS,KARNATAKA BANK LIMITED,EQ,2026-10-01,321.60,121689260486.40,12168.93,10.00,378387004,Listed
KUANTUM.NS,KUANTUM PAPERS LIMITED,EQ,2026-10-01,76.70,6693993057.30,669.40,1.00,87263630,Listed
KUSUMGAR.NS,KUSUMGAR LIMITED,EQ,2026-10-01,592.55,62212637478.60,6221.26,1.00,104991372,Listed
KWIL.NS,KWALITY WALL'S (INDIA) L,EQ,2026-10-01,38.35,90130320810.30,9013.03,1.00,2349591262,Listed
LADDERUP.NS,LADDERUP FINANCE LTD.,BE,2026-10-01,50.25,532986518.80,53.30,10.00,10602477,Permitted
LAGNAM.NS,LAGNAM SPINTEX LIMITED,EQ,2026-10-01,71.90,1270401100.00,127.04,10.00,17669000,Listed
LAHOTIOV.NS,LAHOTI OVERSEAS LTD.,EQ,2026-10-01,39.25,1145273090.00,114.53,2.00,29171500,Permitted
LAKPRE.NS,LAKSHMI PRE SCRE LTD,BZ,2026-10-01,5.25,57443751.75,5.74,10.00,10941667,Listed
LAKSHMIMIL.NS,LAKSHMI MILLS CO. LTD.,EQ,2026-10-01,7819.50,5441707342.50,544.17,100.00,695915,Permitted
LAKSHYA.NS,LAKSHYA POWERTECH LIMITED,SM,2026-10-01,101.95,1028055644.00,102.81,10.00,10083920,Listed
LAL.NS,LORENZINI APPARELS LTD,EQ,2026-10-01,8.45,1459623855.95,145.96,1.00,172736551,Listed
LALITHAA.NS,LALITHAA JEWELLERY MART L,EQ,2026-10-01,387.85,217083450196.35,21708.35,5.00,559709811,Listed
LALPATHLAB.NS,DR. LAL PATH LABS LTD.,EQ,2026-10-01,2005.10,336553668982.00,33655.37,10.00,167848820,Listed
LAMBODHARA.NS,LAMBODHARA TEXTILES LTD.,EQ,2026-10-01,128.65,1334974464.00,133.50,5.00,10377600,Listed
LAMOSAIC.NS,LAMOSAIC INDIA LIMITED,ST,2026-10-01,47.35,489504678.80,48.95,10.00,10338008,Listed
LANCER.NS,LANCER CONTAINER LINES L,EQ,2026-10-01,11.05,3903564083.90,390.36,5.00,353263718,Permitted
LANCORHOL.NS,LANCOR HOLDINGS LIMITED,BE,2026-10-01,31.60,2323462190.40,232.35,2.00,73550560,Listed
LANDMARK.NS,LANDMARK CARS LIMITED,EQ,2026-10-01,463.25,19208619557.50,1920.86,5.00,41464910,Listed
LANDSMILL.NS,LANDSMILL GREEN LIMITED,EQ,2026-10-01,1.05,1481229807.75,148.12,1.00,1410695055,Listed
LAOPALA.NS,LA OPALA RG LIMITED,EQ,2026-10-01,156.10,17328210000.00,1732.82,2.00,111000000,Listed
LARGEMID50.NS,,,2026-10-01,,,,,,
LASERPOWER.NS,LASER POWER & INFRA LTD,EQ,2026-10-01,262.75,36881781860.50,3688.18,5.00,140368342,Listed
LATENTVIEW.NS,LATENT VIEW ANALYTICS LTD,EQ,2026-10-01,234.50,48556875770.40,4855.69,1.00,207083230,Listed
LATTEYS.NS,LATTEYS INDUSTRIES LTD,EQ,2026-10-01,20.90,1202237700.75,120.22,2.00,57495825,Listed
LAURUSLABS.NS,LAURUS LABS LIMITED,EQ,2026-10-01,1984.00,1071979440512.00,107197.94,2.00,540312218,Listed
LAXMICOT.NS,LAXMI COTSPIN LIMITED,EQ,2026-10-01,13.30,228064011.00,22.81,10.00,17147670,Listed
LAXMIDENTL.NS,LAXMI DENTAL LIMITED,EQ,2026-10-01,193.85,10668553655.40,1066.86,2.00,55029420,Listed
LAXMIINDIA.NS,LAXMI INDIA FINANCE LTD,EQ,2026-10-01,119.00,6235824143.55,623.58,5.00,52393078,Listed
LCCINFOTEC.NS,LCC INFOTECH LTD,BE,2026-10-01,3.90,657514065.00,65.75,2.00,168593350,Listed
LCCPROJECT.NS,LCC PROJECTS LIMITED,EQ,2026-10-01,151.45,43876501511.05,4387.65,5.00,289671232,Listed
LCL.NS,LOHIA CORP LIMITED,EQ,2026-10-01,553.60,58487840000.00,5848.78,1.00,105650000,Listed
LEAPIND.NS,LEAP INDIA LIMITED,EQ,2026-10-01,137.05,60366710839.75,6036.67,1.00,440536458,Listed
LEENEE.NS,LEE & NEE SOFTWARES (E) L,BE,2026-10-01,7.60,423324660.00,42.33,10.00,55774000,Permitted
LEMERITE.NS,LE MERITE EXPORTS LIMITED,EQ,2026-10-01,19.30,2413239040.00,241.32,2.00,125168000,Listed
LEMONTREE.NS,LEMON TREE HOTELS LTD,EQ,2026-10-01,107.65,85301176778.90,8530.12,10.00,792246464,Listed
LENSKART.NS,LENSKART SOLUTIONS LTD,EQ,2026-10-01,691.15,1202121458013.20,120212.15,2.00,1739306168,Listed
LEXUS.NS,LEXUS GRANITO (INDIA) LTD,EQ,2026-10-01,10.55,219550045.45,21.96,10.00,20790724,Listed
LFIC.NS,LAKSHMI FIN IND CORP LTD,EQ,2026-10-01,133.80,401460000.00,40.15,10.00,3000000,Listed
LGBBROSLTD.NS,LG BALAKRISHNAN & BROS,EQ,2026-10-01,1711.10,54571113017.60,5457.11,10.00,31892416,Listed
LGEINDIA.NS,LG ELECTRONICS INDIA LTD,EQ,2026-10-01,1721.80,1168710304545.60,116871.03,10.00,678772392,Listed
LGHL.NS,LAXMI GOLDORNA HOUSE LTD,EQ,2026-10-01,219.45,10993814143.20,1099.38,10.00,50092560,Listed
LIBAS.NS,LIBAS CONSU PRODUCTS LTD,EQ,2026-10-01,11.30,297430308.20,29.74,10.00,26344580,Listed
LIBERTSHOE.NS,LIBERTY SHOES LTD,EQ,2026-10-01,216.80,3693931200.00,369.39,10.00,17040000,Listed
LICHSGFIN.NS,LIC HOUSING FINANCE LTD,EQ,2026-10-01,509.00,279982067000.00,27998.21,2.00,550063000,Listed
LICI.NS,LIFE INSURA CORP OF INDIA,EQ,2026-10-01,391.85,4956900698273.70,495690.07,10.00,12649995402,Listed
LICMFGOLD.NS,,,2026-10-01,,,,,,
LICNETFGSC.NS,,,2026-10-01,,,,,,
LICNETFN50.NS,,,2026-10-01,,,,,,
LICNETFSEN.NS,,,2026-10-01,,,,,,
LICNFNHGP.NS,,,2026-10-01,,,,,,
LICNMID100.NS,,,2026-10-01,,,,,,
LIKHITHA.NS,LIKHITHA INFRASTRUC LTD,EQ,2026-10-01,225.60,8900709000.00,890.07,5.00,39450000,Listed
LINC.NS,LINC LIMITED,EQ,2026-10-01,86.55,5148192252.55,514.82,5.00,59489164,Listed
LINCOLN.NS,LINCOLN PHARMA LTD,EQ,2026-10-01,582.05,11658303182.40,1165.83,10.00,20029728,Listed
LINDEINDIA.NS,LINDE INDIA LIMITED,EQ,2026-10-01,6247.50,532813183192.50,53281.32,10.00,85284223,Listed
LIQGRWBEES.NS,,,2026-10-01,,,,,,
LIQUID.NS,,,2026-10-01,,,,,,
LIQUID1.NS,,,2026-10-01,,,,,,
LIQUIDADD.NS,,,2026-10-01,,,,,,
LIQUIDBEES.NS,,,2026-10-01,,,,,,
LIQUIDBETA.NS,,,2026-10-01,,,,,,
LIQUIDBETF.NS,,,2026-10-01,,,,,,
LIQUIDCASE.NS,,,2026-10-01,,,,,,
LIQUIDETF.NS,,,2026-10-01,,,,,,
LIQUIDIETF.NS,,,2026-10-01,,,,,,
LIQUIDPLUS.NS,,,2026-10-01,,,,,,
LIQUIDSBI.NS,,,2026-10-01,,,,,,
LIQUIDSHRI.NS,,,2026-10-01,,,,,,
LKPSEC.NS,L K P SECURITIES LTD.,EQ,2026-10-01,14.55,1204665702.25,120.47,2.00,82738029,Permitted
LLOYDS.NS,LLOYDS LUXURIES LIMITED,SM,2026-10-01,59.45,1434818199.85,143.48,10.00,24134873,Listed
LLOYDSENGG.NS,LLOYDS ENGG WORK LIMITED,EQ,2026-10-01,98.30,143607040823.55,14360.70,1.00,1460757205,Listed
LLOYDSENT.NS,LLOYDS ENTERPRISES LTD,EQ,2026-10-01,77.95,118968558402.40,11896.86,1.00,1526216272,Listed
LLOYDSME.NS,LLOYDS METALS N ENERGY L,EQ,2026-10-01,1776.80,1000173070536.80,100017.31,1.00,562906951,Listed
LMW.NS,LMW LIMITED,EQ,2026-10-01,16548.00,176782284000.00,17678.23,10.00,10683000,Listed
LODHA.NS,LODHA DEVELOPERS LIMITED,EQ,2026-10-01,1105.60,1104864882137.60,110486.49,10.00,999335096,Listed
LOKESHMACH.NS,LOKESH MACHINES LTD,EQ,2026-10-01,400.80,8736145416.00,873.61,10.00,21796770,Listed
LORDSCHLO.NS,LORDS CHLORO ALKALI LTD,EQ,2026-10-01,138.80,3977442445.40,397.74,10.00,28653861,Listed
LOTUSCHO.NS,LOTUS CHOCOLATE CO. LTD.,EQ,2026-10-01,540.35,6938660827.15,693.87,10.00,12841049,Permitted
LOTUSDEV.NS,SRI LOTUS DEVLPRS N RTY L,BE,2026-10-01,230.05,112440663959.70,11244.07,1.00,488723710,Listed
LOTUSEYE.NS,LOTUS EYE HOSP & INST L,EQ,2026-10-01,115.70,2405719454.40,240.57,10.00,20796330,Listed
LOVABLE.NS,LOVABLE LINGERIE LTD,EQ,2026-10-01,68.30,1010692000.00,101.07,10.00,14800000,Listed
LOWVOL.NS,,,2026-10-01,,,,,,
LOWVOL1.NS,,,2026-10-01,,,,,,
LOWVOLIETF.NS,,,2026-10-01,,,,,,
LOYALTEX.NS,LOYAL TEXTILE MILLS LTD,EQ,2026-10-01,207.50,999412545.00,99.94,10.00,4816446,Listed
LPDC.NS,LANDMARK PR.DEV.CO.LTD,EQ,2026-10-01,6.20,833029023.60,83.30,1.00,134143160,Listed
LRRPL.NS,LEAD REC AND RUB PROD LTD,SM,2026-10-01,109.95,950042216.25,95.00,10.00,8640675,Listed
LT.NS,LARSEN & TOUBRO LTD.,EQ,2026-10-01,3693.40,5081730552372.60,508173.06,2.00,1375894989,Listed
LTF.NS,L&T FINANCE LIMITED,EQ,2026-10-01,264.35,662554301879.50,66255.43,10.00,2506352570,Listed
LTFOODS.NS,LT FOODS LIMITED,EQ,2026-10-01,399.15,138606012597.60,13860.60,1.00,347252944,Listed
LTGILTBEES.NS,,,2026-10-01,,,,,,
LTGILTCASE.NS,,,2026-10-01,,,,,,
LTIM.NS,,,2026-10-01,,,,,,
LTM.NS,LTM LIMITED,EQ,2026-10-01,4007.00,1188561633247.00,118856.16,1.00,296621321,Listed
LTTS.NS,L&T TECHNOLOGY SER. LTD.,EQ,2026-10-01,3267.80,346668706570.40,34666.87,2.00,106086268,Listed
LUMAXIND.NS,LUMAX INDUSTRIES LTD,EQ,2026-10-01,5550.00,51879912600.00,5187.99,10.00,9347732,Listed
LUMAXTECH.NS,LUMAX AUTO TECH LTD,EQ,2026-10-01,1978.90,134877282424.50,13487.73,2.00,68157705,Listed
LUMINO.NS,LUMINO INDUSTRIES LIMITED,EQ,2026-10-01,96.50,29383341458.40,2938.33,5.00,304553705,Listed
LUPIN.NS,LUPIN LIMITED,EQ,2026-10-01,2031.20,928847391126.40,92884.74,2.00,457289972,Listed
LUXIND.NS,LUX INDUSTRIES LIMITED,EQ,2026-10-01,1092.00,32838275652.00,3283.83,2.00,30071681,Listed
LXCHEM.NS,LAXMI ORGANIC INDUS LTD,EQ,2026-10-01,181.40,50410946163.25,5041.09,2.00,277914693,Listed
LYKALABS.NS,LYKA LABS LTD.,BE,2026-10-01,81.55,2948253582.05,294.83,10.00,36152711,Listed
M&M.NS,MAHINDRA & MAHINDRA LTD,EQ,2026-10-01,2860.00,3556492456660.00,355649.25,5.00,1243528831,Listed
M&MFIN.NS,M&M FIN. SERVICES LTD,EQ,2026-10-01,319.75,444513623410.00,44451.36,2.00,1390191160,Listed
MAANALU.NS,MAAN ALUMINIUM LIMITED,EQ,2026-10-01,99.35,5958896389.75,595.89,5.00,59984864,Listed
MACOBSTECH.NS,MACOBS TECHNOLOGIES LTD,SM,2026-10-01,199.50,1954142400.00,195.41,10.00,9795200,Listed
MACPOWER.NS,MACPOWER CNC MACHINES LTD,EQ,2026-10-01,2144.80,21456922368.00,2145.69,10.00,10004160,Listed
MADHAV.NS,MADHAV MARBLE & GRANITE,EQ,2026-10-01,34.50,308582030.00,30.86,10.00,8947000,Listed
MADHAVBAUG.NS,VAIDYA SANE AYUR LAB LTD,ST,2026-10-01,177.55,1866663047.50,186.67,10.00,10513450,Listed
MADHAVIPL.NS,MADHAV INFRA PROJECTS L,EQ,2026-10-01,7.30,1970641203.60,197.06,1.00,269581560,Permitted
MADHUCON.NS,MADHUCON PROJECTS LTD.,EQ,2026-10-01,4.00,294441810.60,29.44,1.00,73794940,Listed
MADHURKNIT.NS,MADHUR KNIT CRAFTS LTD,SM,2026-10-01,56.85,1080674839.20,108.07,10.00,19009232,Listed
MADHUSUDAN.NS,MADHUSUDAN MASALA LIMITED,ST,2026-10-01,234.65,3786077750.00,378.61,10.00,16135000,Listed
MADRASFERT.NS,MADRAS FERTILISERS LTD,EQ,2026-10-01,57.45,9256880698.00,925.69,10.00,161101300,Listed
MAFANG.NS,,,2026-10-01,,,,,,
MAFATIND.NS,MAFATLAL INDUSTRIES LTD.,EQ,2026-10-01,114.40,8254110313.40,825.41,2.00,72163930,Permitted
MAGADSUGAR.NS,MAGADH SUGAR & ENERGY LTD,EQ,2026-10-01,511.75,7211391652.50,721.14,10.00,14091630,Listed
MAGNUM.NS,MAGNUM VENTURES LTD.,EQ,2026-10-01,18.60,1273818722.55,127.38,10.00,68411317,Listed
MAGSON.NS,MAGSON RETAIL AND DIST L,SM,2026-10-01,179.35,2555575008.90,255.56,10.00,14249094,Listed
MAHABANK.NS,BANK OF MAHARASHTRA,EQ,2026-10-01,80.50,619170173475.00,61917.02,10.00,7691554950,Listed
MAHAPEXLTD.NS,MAHA RASHTRA APEX COPR. L,EQ,2026-10-01,50.20,1414262682.55,141.43,10.00,28183792,Listed
MAHASTEEL.NS,MAHAMAYA STEEL INDS LTD,BE,2026-10-01,1182.50,19433678000.00,1943.37,10.00,16434400,Listed
MAHEPC.NS,MAHINDRA EPC IRRIG LTD,EQ,2026-10-01,96.30,2691657513.90,269.17,10.00,27950753,Listed
MAHESHWARI.NS,MAHESHWARI LOGISTICS LTD.,EQ,2026-10-01,69.95,2070324140.00,207.03,10.00,29597200,Listed
MAHICKRA.NS,MAHICKRA CHEMICAL LIMITED,SM,2026-10-01,289.00,2825237990.00,282.52,10.00,9775910,Listed
MAHKTECH.NS,,,2026-10-01,,,,,,
MAHLIFE.NS,MAHINDRA LIFESPACE DEVLTD,EQ,2026-10-01,351.15,74926180022.25,7492.62,10.00,213373715,Listed
MAHLOG.NS,MAHINDRA LOGISTIC LIMITED,EQ,2026-10-01,416.40,41339110192.80,4133.91,10.00,99277402,Listed
MAHSCOOTER.NS,MAHARASHTRA SCOOTERS LTD,EQ,2026-10-01,12380.00,141485671840.00,14148.57,10.00,11428568,Listed
MAHSEAMLES.NS,MAHARASHTRA SEAMLESS LTD,EQ,2026-10-01,698.75,93631977335.00,9363.20,5.00,133999252,Listed
MAITHANALL.NS,MAITHAN ALLOYS LTD,EQ,2026-10-01,927.00,26986406850.00,2698.64,10.00,29111550,Listed
MAITREYA.NS,MAITREYA MEDICARE LIMITED,SM,2026-10-01,117.40,795502400.00,79.55,10.00,6776000,Listed
MAJESAUT.NS,MAJESTIC AUTO LTD.,BE,2026-10-01,366.20,3807556443.60,380.76,10.00,10397478,Permitted
MAKEINDIA.NS,,,2026-10-01,,,,,,
MAKERSL.NS,MAKERS LABORATORIES LTD.,EQ,2026-10-01,183.50,1082718996.00,108.27,10.00,5900376,Permitted
MAL.NS,MANGALAM ALLOYS LIMITED,ST,2026-10-01,41.00,1012123007.00,101.21,10.00,24685927,Listed
MALLCOM.NS,MALLCOM (INDIA) LIMITED,EQ,2026-10-01,935.20,5835648000.00,583.56,10.00,6240000,Listed
MALUPAPER.NS,MALU PAPER MILLS LIMITED,EQ,2026-10-01,31.05,529519120.00,52.95,10.00,17059250,Listed
MAMATA.NS,MAMATA MACHINERY LIMITED,EQ,2026-10-01,399.90,9840659220.00,984.07,10.00,24607800,Listed
MANAKALUCO.NS,MANAK ALUMINIUM CO. LTD.,EQ,2026-10-01,33.75,2212429528.00,221.24,1.00,65534050,Listed
MANAKCOAT.NS,MAN COAT METAL & IND LTD,EQ,2026-10-01,126.60,13498804389.50,1349.88,1.00,106634050,Listed
MANAKSIA.NS,MANAKSIA LTD.,EQ,2026-10-01,59.55,3903208018.00,390.32,2.00,65534050,Listed
MANAKSTEEL.NS,MANAKSIA STEELS LTD,BE,2026-10-01,108.90,7136002704.50,713.60,1.00,65534050,Listed
MANALIPETC.NS,MANALI PETROCHEMICALS LT,EQ,2026-10-01,78.15,13441739746.35,1344.17,5.00,171999229,Listed
MANAPPURAM.NS,MANAPPURAM FINANCE LTD,EQ,2026-10-01,308.90,290160921907.80,29016.09,2.00,939336102,Listed
MANBA.NS,MANBA FINANCE LIMITED,EQ,2026-10-01,139.00,6983780384.10,698.38,10.00,50239410,Listed
MANCREDIT.NS,MANGAL CREDIT N FINCORP L,EQ,2026-10-01,218.95,4623329514.40,462.33,10.00,21113986,Listed
MANDEEP.NS,MANDEEP AUTO INDUSTRIES L,SM,2026-10-01,18.40,210457249.60,21.05,10.00,11437894,Listed
MANGALAM.NS,MANGALAM DRUG & CHEM LTD,EQ,2026-10-01,29.15,461393429.20,46.14,10.00,15828248,Listed
MANGLMCEM.NS,MANGALAM CEMENT LTD,EQ,2026-10-01,984.65,27075214475.70,2707.52,10.00,27497298,Listed
MANIKA.NS,MANIKA PLASTECH LIMITED,BE,2026-10-01,42.00,4891158101.45,489.12,2.00,116511627,Listed
MANILAM.NS,MANILAM INDUSTRIES IND L,SM,2026-10-01,38.00,830224000.00,83.02,10.00,21848000,Listed
MANINDS.NS,MAN INDUSTRIES (I) LTD.,EQ,2026-10-01,921.55,69125070155.05,6912.51,5.00,75009571,Listed
MANINFRA.NS,MAN INFRA LTD,EQ,2026-10-01,124.30,50175746571.50,5017.57,2.00,403666505,Listed
MANIPALHOS.NS,MANIPAL HEALTH ENTERPRI L,EQ,2026-10-01,696.00,915502532592.00,91550.25,2.00,1315377202,Listed
MANKIND.NS,MANKIND PHARMA LIMITED,EQ,2026-10-01,2535.00,1047069303150.00,104706.93,1.00,413045090,Listed
MANOMAY.NS,MANOMAY TEX INDIA LTD,EQ,2026-10-01,240.10,4333140298.80,433.31,10.00,18048735,Listed
MANORAMA.NS,MANORAMA INDUSTRIES LTD,EQ,2026-10-01,1880.30,118689029917.00,11868.90,2.00,63122390,Listed
MANORG.NS,MANGALAM ORGANICS LIMITED,EQ,2026-10-01,436.80,3740947392.00,374.09,10.00,8564440,Listed
MANUFGBEES.NS,,,2026-10-01,,,,,,
MANUGRAPH.NS,MANUGRAPH INDIA LIMITED,BE,2026-10-01,16.45,500631904.05,50.06,2.00,30415061,Listed
MANYAVAR.NS,VEDANT FASHIONS LIMITED,EQ,2026-10-01,519.20,126154304804.00,12615.43,1.00,242978245,Listed
MAPMYINDIA.NS,C.E. INFO SYSTEMS LIMITED,EQ,2026-10-01,845.75,46359117261.75,4635.91,2.00,54814209,Listed
MARALOVER.NS,MARAL OVERSEAS LTD,EQ,2026-10-01,57.70,2395011600.00,239.50,10.00,41508000,Listed
MARATHON.NS,MARATHON NXTGEN REALT LTD,EQ,2026-10-01,388.10,26175230243.10,2617.52,5.00,67444551,Listed
MARC.NS,MARC TECHNOCRATS LIMITED,ST,2026-10-01,144.95,2509574865.85,250.96,10.00,17313383,Listed
MARCO.NS,MARCO CABLE & CONDUCTOR L,SM,2026-10-01,29.95,560035050.00,56.00,10.00,18699000,Listed
MARICO.NS,MARICO LIMITED,EQ,2026-10-01,781.35,1015902245407.50,101590.22,1.00,1300188450,Listed
MARINE.NS,MARINE ELECTRICAL (I) LTD,EQ,2026-10-01,436.55,61092732185.50,6109.27,2.00,139944410,Listed
MARKOLINES.NS,MARKOLINES PAVEMENT TEC L,EQ,2026-10-01,167.25,3713794207.20,371.38,10.00,22203720,Listed
MARKSANS.NS,MARKSANS PHARMA LIMITED,EQ,2026-10-01,325.60,147590715412.80,14759.07,1.00,453288438,Listed
MARSONS.NS,MARSONS LIMITED,EQ,2026-10-01,114.25,19664146000.00,1966.41,1.00,172100000,Listed
MARUSHIKA.NS,MARUSHIKA TECHNOLOGY LTD,SM,2026-10-01,117.00,998801856.00,99.88,10.00,8536768,Listed
MARUTI.NS,MARUTI SUZUKI INDIA LTD.,EQ,2026-10-01,11386.00,3579787707564.00,357978.77,5.00,314402574,Listed
MASFIN.NS,MAS FINANCIAL SERV LTD,EQ,2026-10-01,272.85,49509553914.45,4950.96,10.00,181453377,Listed
MASKINVEST.NS,MASK INVESTMENTS LIMITED,EQ,2026-10-01,143.40,437615615.00,43.76,10.00,3051500,Listed
MASON.NS,MASON INFRATECH LIMITED,SM,2026-10-01,105.00,2513700000.00,251.37,10.00,23940000,Listed
MASPTOP50.NS,,,2026-10-01,,,,,,
MASTEK.NS,MASTEK LTD,EQ,2026-10-01,1555.60,48233518505.60,4823.35,5.00,31006376,Listed
MASTERTR.NS,MASTER TRUST LIMITED,EQ,2026-10-01,81.65,10045486560.00,1004.55,1.00,123016000,Listed
MATRIMONY.NS,MATRIMONY.COM LIMITED,EQ,2026-10-01,497.00,10274676321.00,1027.47,5.00,20673393,Listed
MAWANASUG.NS,MAWANA SUGARS LIMITED,EQ,2026-10-01,138.85,5430985397.75,543.10,10.00,39116864,Listed
MAXESTATES.NS,MAX ESTATES LIMITED,EQ,2026-10-01,566.25,92627099122.50,9262.71,10.00,163579866,Listed
MAXHEALTH.NS,MAX HEALTHCARE INS LTD,EQ,2026-10-01,940.95,915836280678.45,91583.63,10.00,973310251,Listed
MAXIND.NS,MAX INDIA LIMITED,EQ,2026-10-01,162.80,9167879964.85,916.79,10.00,56320678,Listed
MAXPOSURE.NS,MAXPOSURE LIMITED,SM,2026-10-01,36.00,818674200.00,81.87,10.00,22740950,Listed
MAXVOLT.NS,MAXVOLT ENERGY INDUS L,SM,2026-10-01,425.05,4634714596.40,463.47,10.00,10903928,Listed
MAYASHEEL.NS,MAYASHEEL VENTURES LTD,SM,2026-10-01,36.55,805927500.00,80.59,10.00,22050000,Listed
MAYURUNIQ.NS,MAYUR UNIQUOTERS LTD,EQ,2026-10-01,711.55,30918697530.00,3091.87,5.00,43452600,Listed
MAZDA.NS,MAZDA LIMITED,BE,2026-10-01,288.15,5770203750.00,577.02,2.00,20025000,Listed
MAZDOCK.NS,MAZAGON DOCK SHIPBUIL LTD,EQ,2026-10-01,2064.00,832576320000.00,83257.63,5.00,403380000,Listed
MBAPL.NS,MADHYA BHARAT AGRO P. LTD,EQ,2026-10-01,165.85,76092372391.00,7609.24,2.00,458857700,Listed
MBECL.NS,MCNALLY BHARAT ENGIN CO L,BE,2026-10-01,494.00,16466666996.00,1646.67,10.00,33333334,Listed
MBEL.NS,M AND B ENGINEERING LTD,EQ,2026-10-01,251.75,14390210756.50,1439.02,10.00,57160718,Listed
MBLINFRA.NS,MBL INFRASTRUCTURE LTD,EQ,2026-10-01,23.10,3602369606.15,360.24,10.00,155879256,Listed
MCCHRLS-B.NS,MAC CHARLES (INDIA) LTD.,EQ,2026-10-01,690.00,9039311880.00,903.93,10.00,13100452,Permitted
MCL.NS,M TEK COPPER LIMITED,EQ,2026-10-01,54.65,1483082592.00,148.31,5.00,27142800,Listed
MCLEODRUSS.NS,MCLEOD RUSSEL INDIA LTD.,EQ,2026-10-01,42.50,4440413294.85,444.04,5.00,104455735,Listed
MCLOUD.NS,MAGELLANIC CLOUD LIMITED,EQ,2026-10-01,24.25,14284877660.00,1428.49,2.00,589067120,Listed
MCX.NS,MULTI COMMODITY EXCHANGE,EQ,2026-10-01,3204.00,816993871380.00,81699.39,2.00,254991845,Permitted
MEDANTA.NS,GLOBAL HEALTH LIMITED,EQ,2026-10-01,1357.30,364939669708.60,36493.97,2.00,268871782,Listed
MEDIASSIST.NS,MEDI ASSIST HEALTH SER L,EQ,2026-10-01,298.50,22298499837.00,2229.85,5.00,74701842,Listed
MEDICAMEQ.NS,MEDICAMEN BIOTECH LIMITED,BE,2026-10-01,318.60,4321112859.00,432.11,10.00,13562815,Listed
MEDICAPQ.NS,MEDI CAPS LTD.,BE,2026-10-01,26.05,324842353.80,32.48,10.00,12469956,Permitted
MEDICO.NS,MEDICO REMEDIES LIMITED,EQ,2026-10-01,21.85,1814030240.00,181.40,2.00,82984000,Listed
MEDIORG.NS,MEDICAMEN ORGANICS LTD,SM,2026-10-01,24.55,365308787.25,36.53,10.00,14880195,Listed
MEDISTEP.NS,MEDISTEP HEALTHCARE LTD,SM,2026-10-01,20.50,291295693.00,29.13,10.00,14209546,Listed
MEDPLUS.NS,MEDPLUS HEALTH SERV LTD,EQ,2026-10-01,654.30,78605679012.30,7860.57,2.00,120137061,Listed
MEESHO.NS,MEESHO LIMITED,EQ,2026-10-01,218.70,1011708190668.15,101170.82,1.00,4626220635,Listed
MEGASTAR.NS,MEGASTAR FOODS LIMITED,EQ,2026-10-01,267.20,3017450766.00,301.75,10.00,11293700,Listed
MEGATHERM.NS,MEGATHERM INDUCTION LTD,SM,2026-10-01,243.60,4589601584.40,458.96,10.00,18840729,Listed
MEIL.NS,MANGAL ELECTRICAL IND L,EQ,2026-10-01,262.10,7241855500.40,724.19,10.00,27630124,Listed
MENNPIS.NS,MENON PISTONS LTD.,BE,2026-10-01,71.20,3631710000.00,363.17,1.00,51000000,Permitted
MENONBE.NS,MENON BEARINGS LIMITED,EQ,2026-10-01,288.40,16161936000.00,1616.19,1.00,56040000,Listed
MEP.NS,MEP INFRA. DEVELOPERS LTD,BZ,2026-10-01,0.65,122908854.15,12.29,10.00,183446051,Listed
MERCANTILE.NS,MERCANTILE VENTURES LTD.,EQ,2026-10-01,23.00,2571880121.10,257.19,10.00,111918195,Permitted
MERCURYEV.NS,MERCURY EV-TECH LIMITED,EQ,2026-10-01,37.05,7040401529.50,704.04,1.00,189973058,Listed
METAL.NS,,,2026-10-01,,,,,,
METALIC.NS,METALIC TECHNOFORGE LTD,ST,2026-10-01,177.60,4259629440.00,425.96,10.00,23984400,Listed
METALIETF.NS,,,2026-10-01,,,,,,
METROBRAND.NS,METRO BRANDS LIMITED,EQ,2026-10-01,833.50,227221696085.50,22722.17,5.00,272611513,Listed
METROGLOBL.NS,METROGLOBAL LTD.,EQ,2026-10-01,131.50,1622217000.00,162.22,10.00,12334375,Permitted
METROPOLIS.NS,METROPOLIS HEALTHCARE LTD,EQ,2026-10-01,537.90,111553772827.20,11155.38,2.00,207387568,Listed
MFML.NS,MAHALAXMI FABRIC MILLS LT,EQ,2026-10-01,18.70,198811548.00,19.88,10.00,10620275,Listed
MFSL.NS,MAX FINANCIAL SERV LTD,EQ,2026-10-01,1392.00,480399761232.00,48039.98,2.00,345114771,Listed
MGEL.NS,MANGALAM GLOBAL ENT LTD,EQ,2026-10-01,15.35,5055382904.00,505.54,1.00,329555600,Listed
MGL.NS,MAHANAGAR GAS LTD.,EQ,2026-10-01,1045.40,103262289121.20,10326.23,10.00,98777778,Listed
MGSL.NS,MATRIX GEO SOLUTIONS LTD,SM,2026-10-01,57.45,837726248.40,83.77,10.00,14581832,Listed
MHLXMIRU.NS,MAHALAXMI RUBTECH LIMITED,BE,2026-10-01,175.00,1858548125.00,185.85,10.00,10620275,Listed
MHRIL.NS,MAHINDRA HOLIDAYS LTD,EQ,2026-10-01,194.85,39373081713.45,3937.31,10.00,202068677,Listed
MICEL.NS,MIC ELECTRONICS LTD,BE,2026-10-01,36.00,8676416160.00,867.64,2.00,241011560,Listed
MID150.NS,,,2026-10-01,,,,,,
MID150BEES.NS,,,2026-10-01,,,,,,
MID150CASE.NS,,,2026-10-01,,,,,,
MIDBANKADD.NS,,,2026-10-01,,,,,,
MIDCAP.NS,,,2026-10-01,,,,,,
MIDCAPADD.NS,,,2026-10-01,,,,,,
MIDCAPBETA.NS,,,2026-10-01,,,,,,
MIDCAPETF.NS,,,2026-10-01,,,,,,
MIDCAPIETF.NS,,,2026-10-01,,,,,,
MIDHANI.NS,MISHRA DHATU NIGAM LTD,EQ,2026-10-01,433.60,81230624000.00,8123.06,10.00,187340000,Listed
MIDQ50ADD.NS,,,2026-10-01,,,,,,
MIDSELIETF.NS,,,2026-10-01,,,,,,
MIDSMALL.NS,,,2026-10-01,,,,,,
MIDWESTLTD.NS,MIDWEST LIMITED,EQ,2026-10-01,904.15,32694801786.40,3269.48,5.00,36160816,Listed
MIEL.NS,MANGLAM INFRA & ENG LTD,SM,2026-10-01,13.10,230516770.00,23.05,10.00,17596700,Listed
MIIL.NS,MEGHNA INFRACON INFRA L,EQ,2026-10-01,677.05,14708064937.50,1470.81,10.00,21723750,Permitted
MILKYMIST.NS,MILKY MIST DAIRY FOOD L,BE,2026-10-01,308.45,237458200122.95,23745.82,2.00,769843411,Listed
MINALIND.NS,MINAL INDUSTRIES LTD.,BE,2026-10-01,4.35,830929814.50,83.09,2.00,191900650,Permitted
MINDACORP.NS,MINDA CORPORATION LTD,EQ,2026-10-01,667.35,159549656275.80,15954.97,2.00,239079428,Listed
MINDTECK.NS,MINDTECK (INDIA) LIMITED,EQ,2026-10-01,150.95,4822850575.55,482.29,10.00,31954221,Listed
MIRZAINT.NS,MIRZA INTERNATIONAL LIMIT,EQ,2026-10-01,27.65,3821282535.00,382.13,2.00,138201900,Listed
MITCON.NS,MITCON CON & ENG SER LTD,EQ,2026-10-01,80.35,1399395702.10,139.94,10.00,17418418,Listed
MITTAL.NS,MITTAL LIFE STYLE LIMITED,EQ,2026-10-01,0.70,156811704.00,15.68,1.00,224016720,Listed
MKEXIM.NS,M K EXIM (INDIA) LTD.,EQ,2026-10-01,66.50,2684825797.50,268.48,10.00,40367250,Permitted
MKPL.NS,M K PROTEINS LIMITED,EQ,2026-10-01,3.90,1463950800.00,146.40,1.00,375372000,Listed
MLKFOOD.NS,MILKFOOD LTD.,EQ,2026-10-01,84.15,2153406623.40,215.34,5.00,25596180,Permitted
MMEL.NS,MOVING MEDIA ENTER LTD,SM,2026-10-01,28.50,535980576.00,53.60,10.00,18806336,Listed
MMFL.NS,MM FORGINGS LTD,EQ,2026-10-01,571.95,27614661120.00,2761.47,10.00,48281600,Listed
MMP.NS,MMP INDUSTRIES LIMITED,EQ,2026-10-01,449.60,11421014804.80,1142.10,10.00,25402613,Listed
MMTC.NS,MMTC LIMITED,EQ,2026-10-01,56.30,84435000000.00,8443.50,1.00,1500000000,Listed
MMWL.NS,MEDIA MATRIX WORLDWIDE L,EQ,2026-10-01,15.55,17625468927.65,1762.55,1.00,1132742219,Permitted
MNC.NS,,,2026-10-01,,,,,,
MOALPHA50.NS,,,2026-10-01,,,,,,
MOBANK10.NS,,,2026-10-01,,,,,,
MOBIKWIK.NS,ONE MOBIKWIK SYSTEMS LTD,EQ,2026-10-01,196.25,15452507522.90,1545.25,2.00,78746917,Listed
MOCAPITAL.NS,,,2026-10-01,,,,,,
MODEFENCE.NS,,,2026-10-01,,,,,,
MODINATUR.NS,MODI NATURALS LIMITED,EQ,2026-10-01,324.45,4317260506.65,431.73,10.00,13306397,Listed
MODIRUBBER.NS,MODI RUBBER LTD,EQ,2026-10-01,119.70,2997852491.05,299.79,10.00,25040532,Listed
MODIS.NS,MODIS NAVNIRMAN LTD,EQ,2026-10-01,367.85,7206622920.00,720.66,10.00,19591200,Listed
MODISONLTD.NS,MODISON LIMITED,BE,2026-10-01,486.05,15772322500.00,1577.23,1.00,32450000,Listed
MODTHREAD.NS,MODERN THREADS INDIA LTD,EQ,2026-10-01,45.65,1587833805.60,158.78,10.00,34775160,Listed
MOENERGY.NS,,,2026-10-01,,,,,,
MOGOLD.NS,,,2026-10-01,,,,,,
MOGSEC.NS,,,2026-10-01,,,,,,
MOHEALTH.NS,,,2026-10-01,,,,,,
MOHITE.NS,MOHITE INDUSTRIES LTD.,EQ,2026-10-01,2.50,500482530.00,50.05,1.00,200997000,Permitted
MOHITIND.NS,MOHIT INDUSTRIES LTD,EQ,2026-10-01,22.80,322509558.50,32.25,10.00,14157575,Listed
MOIL.NS,MOIL LIMITED,EQ,2026-10-01,232.65,47342869191.25,4734.29,10.00,203485211,Listed
MOINFRA.NS,,,2026-10-01,,,,,,
MOIPO.NS,,,2026-10-01,,,,,,
MOKSH.NS,MOKSH ORNAMENTS LIMITED,EQ,2026-10-01,9.20,811008006.75,81.10,2.00,88248967,Listed
MOL.NS,MEGHMANI ORGANICS LIMITED,EQ,2026-10-01,55.15,14020342452.45,1402.03,1.00,254314211,Listed
MOLBIO.NS,MOLBIO DIAGNOSTICS LTD,EQ,2026-10-01,1513.10,174369637947.60,17436.96,1.00,115239996,Listed
MOLDTECH.NS,MOLD-TEK TECHNOLOGIES LTD,BE,2026-10-01,204.80,5898712064.05,589.87,2.00,28805118,Listed
MOLDTKPAC.NS,MOLD-TEK PACKAGING LTD,EQ,2026-10-01,658.85,21821533005.15,2182.15,5.00,33120639,Listed
MOLOWVOL.NS,,,2026-10-01,,,,,,
MOM100.NS,,,2026-10-01,,,,,,
MOM30IETF.NS,,,2026-10-01,,,,,,
MOM50.NS,,,2026-10-01,,,,,,
MOMENTUM.NS,,,2026-10-01,,,,,,
MOMENTUM30.NS,,,2026-10-01,,,,,,
MOMENTUM50.NS,,,2026-10-01,,,,,,
MOMETAL.NS,,,2026-10-01,,,,,,
MOMGF.NS,,,2026-10-01,,,,,,
MOMIDMTM.NS,,,2026-10-01,,,,,,
MOMMIDCAP.NS,,,2026-10-01,,,,,,
MOMNC.NS,,,2026-10-01,,,,,,
MOMOMENTUM.NS,,,2026-10-01,,,,,,
MOMSBELIEF.NS,RAYS OF BELIEF LIMITED,EQ,2026-10-01,226.90,4743009679.45,474.30,10.00,20901682,Listed
MON100.NS,,,2026-10-01,,,,,,
MON50EQUAL.NS,,,2026-10-01,,,,,,
MONARCH.NS,MONARCH NETWORTH CAP LTD,EQ,2026-10-01,342.70,25341769524.90,2534.18,10.00,73947387,Listed
MONEXT50.NS,,,2026-10-01,,,,,,
MONEYBOXX.NS,MONEYBOXX FINANCE LIMITED,BE,2026-10-01,54.00,3769696800.00,376.97,10.00,69809200,Listed
MONIFTY100.NS,,,2026-10-01,,,,,,
MONIFTY500.NS,,,2026-10-01,,,,,,
MONOLITH.NS,MONOLITHISCH INDIA LTD,SM,2026-10-01,1252.45,27223253200.00,2722.33,10.00,21736000,Listed
MONOPHARMA.NS,MONO PHARMACARE LIMITED,SM,2026-10-01,8.55,151066222.20,15.11,10.00,17668564,Listed
MONQ50.NS,,,2026-10-01,,,,,,
MONTECARLO.NS,MONTE CARLO FASHIONS LTD.,EQ,2026-10-01,522.85,10839759662.40,1083.98,10.00,20732064,Listed
MOOILGAS.NS,,,2026-10-01,,,,,,
MOPSE.NS,,,2026-10-01,,,,,,
MOQUALITY.NS,,,2026-10-01,,,,,,
MOREALTY.NS,,,2026-10-01,,,,,,
MOREPENLAB.NS,MOREPEN LAB. LTD,EQ,2026-10-01,133.70,73272368630.30,7327.24,2.00,547953699,Listed
MOS.NS,MOS UTILITY LIMITED,SM,2026-10-01,6.60,1699106706.00,169.91,2.00,257440410,Listed
MOSCHIP.NS,MOSCHIP TECHNOLOGIES LTD,EQ,2026-10-01,198.05,38625358608.50,3862.54,2.00,195048016,Listed
MOSERVICE.NS,,,2026-10-01,,,,,,
MOSILVER.NS,,,2026-10-01,,,,,,
MOSMALL250.NS,,,2026-10-01,,,,,,
MOTHERSON.NS,SAMVRDHNA MTHRSN INTL LTD,EQ,2026-10-01,157.05,1657364121635.05,165736.41,1.00,10554442601,Listed
MOTILALOFS.NS,MOTILAL OSWAL FIN LTD,EQ,2026-10-01,989.90,596887143148.70,59688.71,1.00,602977213,Listed
MOTISONS.NS,MOTISONS JEWELLERS LTD,EQ,2026-10-01,17.90,20338618008.00,2033.86,1.00,1137506600,Listed
MOTOGENFIN.NS,MOTOR & GENERAL FINANCE L,EQ,2026-10-01,25.10,971277925.20,97.13,5.00,38727190,Listed
MOTOUR.NS,,,2026-10-01,,,,,,
MOVALUE.NS,,,2026-10-01,,,,,,
MOXSH.NS,MOXSH OVERSEAS EDUCON LTD,SM,2026-10-01,93.30,886424640.00,88.64,10.00,9500800,Listed
MPDL.NS,MPDL LTD.,BE,2026-10-01,27.90,206735294.35,20.67,10.00,7412524,Permitted
MPEL.NS,MANAS POLYMER N ENERGIE L,SM,2026-10-01,25.15,586699200.00,58.67,10.00,23328000,Listed
MPHASIS.NS,MPHASIS LIMITED,EQ,2026-10-01,2250.20,429675786758.60,42967.58,10.00,190950043,Listed
MPIMANIPAL.NS,MANIPAL PAYMENT & IDE S L,EQ,2026-10-01,401.40,93046337539.20,9304.63,2.00,231804528,Listed
MPSLTD.NS,MPS LIMITED,EQ,2026-10-01,2628.40,44960926774.40,4496.09,10.00,17105816,Listed
MRF.NS,MRF LTD,EQ,2026-10-01,123715.00,524693006245.00,52469.30,10.00,4241143,Listed
MRIL.NS,MAHENDRA REALTO & INFRA L,ST,2026-10-01,76.00,1679896400.00,167.99,10.00,22103900,Listed
MRPL.NS,MRPL,EQ,2026-10-01,164.75,288758174498.50,28875.82,10.00,1752598777,Listed
MSCI360.NS,,,2026-10-01,,,,,,
MSCIADD.NS,,,2026-10-01,,,,,,
MSCIINDIA.NS,,,2026-10-01,,,,,,
MSL.NS,MANGALAM SEEDS LTD.,EQ,2026-10-01,145.00,1592013108.40,159.20,10.00,10980158,Permitted
MSPL.NS,MSP STEEL & POWER LTD.,EQ,2026-10-01,32.50,18432226895.40,1843.22,10.00,566796645,Listed
MSTCLTD.NS,MSTC LIMITED,EQ,2026-10-01,705.80,49688320000.00,4968.83,10.00,70400000,Listed
MSUMI.NS,MOTHERSON SUMI WRNG IND L,EQ,2026-10-01,33.55,222359623439.95,22235.96,1.00,6631661898,Listed
MTARTECH.NS,MTAR TECHNOLOGIES LIMITED,BE,2026-10-01,7797.00,239832531027.00,23983.25,10.00,30759591,Listed
MTEDUCARE.NS,MT EDUCARE LTD,BE,2026-10-01,1.65,120620850.20,12.06,10.00,72228054,Listed
MTNL.NS,MAHANAGAR TELEPHONE NIGAM,EQ,2026-10-01,24.65,15535800000.00,1553.58,10.00,630000000,Listed
MUFIN.NS,MUFIN GREEN FINANCE LTD,EQ,2026-10-01,130.60,25878000130.90,2587.80,1.00,198162188,Listed
MUFTI.NS,CREDO BRANDS MARKETING L,EQ,2026-10-01,70.25,4593281794.70,459.33,2.00,65394103,Listed
MUKANDLTD.NS,MUKAND LTD.,EQ,2026-10-01,172.65,24948603907.60,2494.86,10.00,144495563,Listed
MUKESHB.NS,MUKESH BABU FINANC SER L,EQ,2026-10-01,128.80,897851920.00,89.79,10.00,6970900,Permitted
MUKKA.NS,MUKKA PROTEINS LIMITED,BE,2026-10-01,25.70,7710000000.00,771.00,1.00,300000000,Listed
MUKTAARTS.NS,MUKTA ARTS LIMITED,EQ,2026-10-01,55.90,1262964384.00,126.30,5.00,22585200,Listed
MULTICAP.NS,,,2026-10-01,,,,,,
MUNISH.NS,MUNISH FORGE LIMITED,SM,2026-10-01,86.60,2084484775.80,208.45,10.00,24070263,Listed
MUNJALAU.NS,MUNJAL AUTO IND. LTD.,EQ,2026-10-01,104.05,10407000000.00,1040.70,2.00,100000000,Listed
MUNJALSHOW.NS,MUNJAL SHOWA LTD,EQ,2026-10-01,124.55,4980577350.00,498.06,2.00,39995000,Listed
MURUDCERA.NS,MURUDESHWAR CERAMICS LTD,EQ,2026-10-01,28.05,1698899995.60,169.89,10.00,60545260,Listed
MUTHOOTCAP.NS,MUTHOOT CAP SERV LTD,EQ,2026-10-01,218.10,3586877996.65,358.69,10.00,16447533,Listed
MUTHOOTFIN.NS,MUTHOOT FINANCE LIMITED,EQ,2026-10-01,2697.10,1082800626619.60,108280.06,10.00,401468476,Listed
MUTHOOTMF.NS,MUTHOOT MICROFIN LIMITED,EQ,2026-10-01,174.10,29680982919.85,2968.10,10.00,170492176,Listed
MVELECTRO.NS,MV ELECTROSYSTEMS LIMITED,EQ,2026-10-01,836.95,22834279199.60,2283.43,5.00,27282728,Listed
MVGJL.NS,MANOJ VAIBHAV GEM N JEW L,EQ,2026-10-01,206.70,10096277580.30,1009.63,10.00,48847441,Listed
MVKAGRO.NS,M.V.K. AGRO FOOD PROD LTD,SM,2026-10-01,240.35,12138612365.00,1213.86,10.00,50503900,Listed
MWL.NS,MANGALAM WORLDWIDE LTD,EQ,2026-10-01,43.15,12809900696.20,1280.99,1.00,297006740,Listed
MYMUDRA.NS,MY MUDRA FINCORP LIMITED,SM,2026-10-01,69.30,789451740.00,78.95,10.00,11391800,Listed
MYSORPETRO.NS,MYSORE PETRO CHEMICALS L,BE,2026-10-01,119.40,786068467.20,78.61,10.00,6583488,Permitted
NACLIND.NS,NACL INDUSTRIES LIMITED,EQ,2026-10-01,130.40,30547672665.30,3054.77,1.00,234243330,Listed
NAGREEKCAP.NS,NAGREEKA CAP & INFR.LTD,EQ,2026-10-01,25.35,319671702.00,31.97,5.00,12615300,Listed
NAGREEKEXP.NS,NAGREEKA EXPORTS LTD.,EQ,2026-10-01,21.30,665296532.50,66.53,5.00,31249250,Listed
NAHARCAP.NS,NAHAR CAP & FIN.,EQ,2026-10-01,237.30,3974032890.75,397.40,5.00,16746167,Listed
NAHARINDUS.NS,NAHAR INDS ENT LTD,EQ,2026-10-01,127.75,5519080916.95,551.91,10.00,43205581,Listed
NAHARPOLY.NS,NAHAR POLY FILMS LIMITED,EQ,2026-10-01,225.65,5548034289.25,554.80,5.00,24587991,Listed
NAHARSPING.NS,NAHAR SPINNING MILLS LTD.,EQ,2026-10-01,255.50,9214684916.50,921.47,5.00,36065303,Listed
NAM-INDIA.NS,NIPPON L I A M LTD,EQ,2026-10-01,1046.00,669483913172.00,66948.39,10.00,640041982,Listed
NAMAN.NS,NAMAN INDUSTRE PRXIMA LTD,ST,2026-10-01,48.20,629780236.00,62.98,10.00,13065980,Listed
NAMOEWASTE.NS,NAMO EWASTE MANAGEMENT L,SM,2026-10-01,310.70,7104936910.50,710.49,10.00,22867515,Listed
NARMADA.NS,NARMADA AGROBASE LIMITED,EQ,2026-10-01,12.30,933994143.40,93.40,5.00,75872798,Listed
NATCAPSUQ.NS,NATURAL CAPSULES LIMITED,BE,2026-10-01,162.15,1688272732.65,168.83,10.00,10411154,Listed
NATCOPHARM.NS,NATCO PHARMA LTD.,EQ,2026-10-01,821.30,161112739798.90,16111.27,2.00,196167953,Listed
NATHBIOGEN.NS,NATH BIO-GENES (I) LTD,EQ,2026-10-01,137.75,2617610960.00,261.76,10.00,19004000,Listed
NATIONALUM.NS,NATIONAL ALUMINIUM CO LTD,EQ,2026-10-01,334.90,615087985466.30,61508.80,5.00,1836631787,Listed
NATIONSTD.NS,NATIONAL STAND (INDIA) L,EQ,2026-10-01,114.90,2298200000.00,229.82,10.00,20000000,Permitted
NAUKRI.NS,INFO EDGE (I) LTD,EQ,2026-10-01,1200.00,778104720000.00,77810.47,2.00,648420600,Listed
NAVA.NS,NAVA LIMITED,EQ,2026-10-01,552.50,156530209842.50,15653.02,1.00,283312597,Listed
NAVINFLUOR.NS,NAVIN FLUORINE INT. LTD,EQ,2026-10-01,8136.50,417340401051.00,41734.04,2.00,51292374,Listed
NAVKARCORP.NS,NAVKAR CORPORATION LTD.,EQ,2026-10-01,85.05,12804666727.65,1280.47,10.00,150519181,Listed
NAVKARURB.NS,NAVKAR URBANSTRUCTURE LTD,EQ,2026-10-01,0.85,953776858.70,95.38,1.00,1122090422,Listed
NAVNETEDUL.NS,NAVNEET EDUCATION LTD,EQ,2026-10-01,123.85,27401676730.45,2740.17,2.00,221213181,Listed
NAZARA.NS,NAZARA TECHNOLOGIES LTD,EQ,2026-10-01,384.70,142517894732.80,14251.79,2.00,370465024,Listed
NBCC.NS,NBCC (INDIA) LIMITED,EQ,2026-10-01,77.40,208980000000.00,20898.00,1.00,2700000000,Listed
NBIFIN.NS,N.B.I. IND. FIN. CO. LTD,EQ,2026-10-01,1857.90,5489815815.00,548.98,5.00,2954850,Listed
NCC.NS,NCC LIMITED,EQ,2026-10-01,130.05,81657727235.30,8165.77,2.00,627846588,Listed
NCLIND.NS,NCL INDUSTRIES LIMITED,EQ,2026-10-01,170.05,7690931283.70,769.09,10.00,45232790,Listed
NDGL.NS,NAGA DHUNSERI GROUP LTD,EQ,2026-10-01,2411.00,2411000000.00,241.10,10.00,1000000,Listed
NDL.NS,NANDAN DENIM LIMITED,EQ,2026-10-01,2.55,3661338067.20,366.13,1.00,1441471680,Listed
NDLVENTURE.NS,NDL VENTURES LIMITED,EQ,2026-10-01,125.25,4217033814.05,421.70,10.00,33671621,Listed
NDRAUTO.NS,NDR AUTO COMPONENTS LTD,EQ,2026-10-01,715.85,17026709868.40,1702.67,10.00,23785304,Listed
NDTV.NS,NDTV LTD,EQ,2026-10-01,68.10,7681106733.35,768.11,4.00,112824717,Listed
NEAGI.NS,NEELAMALAI AGRO INDS. L,EQ,2026-10-01,3309.40,2058651982.80,205.87,10.00,622062,Permitted
NECCLTD.NS,NORTH EAST CARRY CORP LTD,BE,2026-10-01,18.40,1923845000.00,192.38,10.00,104500000,Listed
NECLIFE.NS,NECTAR LIFESCIENCES LTD.,EQ,2026-10-01,10.25,1987289723.10,198.73,1.00,194260970,Listed
NELCAST.NS,NELCAST LIMITED,EQ,2026-10-01,121.05,10529755236.00,1052.98,2.00,87001200,Listed
NELCO.NS,NELCO LTD,EQ,2026-10-01,889.20,20290121280.00,2029.01,10.00,22818400,Listed
NEOCHEM.NS,NEOCHEM BIO SOLUTIONS LTD,SM,2026-10-01,101.00,1729196053.00,172.92,10.00,17120753,Listed
NEOGEN.NS,NEOGEN CHEMICALS LIMITED,EQ,2026-10-01,2407.10,72315126031.70,7231.51,10.00,30042427,Listed
NEPHROCARE.NS,NEPHRO CARE INDIA LIMITED,SM,2026-10-01,89.65,1478005760.00,147.80,10.00,16486400,Listed
NEPHROPLUS.NS,NEPHROCARE HEALTH SERV L,EQ,2026-10-01,648.95,65257772135.30,6525.78,2.00,100559014,Listed
NEPTUNE.NS,NEPTUNE PETROCHEMICALS L,SM,2026-10-01,178.20,4036853700.00,403.69,10.00,22653500,Listed
NESCO.NS,NESCO LTD.,EQ,2026-10-01,1028.20,72446930872.00,7244.69,2.00,70459960,Listed
NESTLEIND.NS,NESTLE INDIA LIMITED,EQ,2026-10-01,1307.70,2521656636264.00,252165.66,1.00,1928314320,Listed
NETF.NS,,,2026-10-01,,,,,,
NETWEB.NS,NETWEB TECH INDIA LTD,EQ,2026-10-01,4520.30,268720764785.30,26872.08,2.00,59447551,Listed
NETWORK18.NS,NETWORK18 MEDIA & INV LTD,EQ,2026-10-01,25.45,39213060457.75,3921.31,5.00,1542000018,Listed
NEUEON.NS,NEUEON CORPORATION LTD,BE,2026-10-01,15.25,8628698635.20,862.87,1.00,565445520,Listed
NEULANDLAB.NS,NEULAND LAB LTD.,EQ,2026-10-01,21505.00,275906762945.00,27590.68,10.00,12829889,Listed
NEWGEN.NS,NEWGEN SOFTWARE TECH LTD,EQ,2026-10-01,456.35,65034439412.70,6503.44,10.00,142510002,Listed
NEWJAISA.NS,NEWJAISA TECHNOLOGIES LTD,ST,2026-10-01,17.10,611747267.40,61.17,5.00,35774694,Listed
NEXT30ADD.NS,,,2026-10-01,,,,,,
NEXT50.NS,,,2026-10-01,,,,,,
NEXT50ADD.NS,,,2026-10-01,,,,,,
NEXT50BETA.NS,,,2026-10-01,,,,,,
NEXT50ETF.NS,,,2026-10-01,,,,,,
NEXT50IETF.NS,,,2026-10-01,,,,,,
NEXTMEDIA.NS,NEXT MEDIAWORKS LIMITED,EQ,2026-10-01,3.60,239476610.65,23.95,10.00,66892908,Listed
NFL.NS,NATIONAL FERT. LTD,EQ,2026-10-01,63.85,31323430840.00,3132.34,10.00,490578400,Listed
NFPSAMPOOR.NS,NFP SAMPOORNA FOODS LTD,SM,2026-10-01,20.80,262789862.40,26.28,10.00,12634128,Listed
NGIL.NS,NAKODA GROUP OF IND. LTD,EQ,2026-10-01,38.45,673987338.35,67.40,10.00,17538052,Listed
NGLFINE.NS,NGL FINE CHEM LIMITED,EQ,2026-10-01,2924.00,18064542176.00,1806.45,5.00,6178024,Listed
NH.NS,NARAYANA HRUDAYALAYA LTD.,EQ,2026-10-01,1741.40,355873904085.60,35587.39,10.00,204360804,Listed
NHPC.NS,NHPC LTD,EQ,2026-10-01,71.75,720731247258.75,72073.12,10.00,10045034805,Listed
NIACL.NS,THE NEW INDIA ASSU CO LTD,EQ,2026-10-01,160.20,264026080000.00,26402.61,5.00,1648000000,Listed
NIBE.NS,NIBE LIMITED,EQ,2026-10-01,1234.50,19136938768.50,1913.69,10.00,15501773,Listed
NIBL.NS,NRB INDUS. BEARINGS LTD.,EQ,2026-10-01,31.30,758903958.00,75.89,2.00,24230650,Listed
NICCOPAR.NS,NICCO PARKS & RESORTS LTD,EQ,2026-10-01,79.50,3720600000.00,372.06,1.00,46800000,Permitted
NIF100BEES.NS,,,2026-10-01,,,,,,
NIF100IETF.NS,,,2026-10-01,,,,,,
NIF500BETA.NS,,,2026-10-01,,,,,,
NIFTY1.NS,,,2026-10-01,,,,,,
NIFTY100EW.NS,,,2026-10-01,,,,,,
NIFTYADD.NS,,,2026-10-01,,,,,,
NIFTYAXIS.NS,,,2026-10-01,,,,,,
NIFTYBEES.NS,,,2026-10-01,,,,,,
NIFTYBETA.NS,,,2026-10-01,,,,,,
NIFTYBETF.NS,,,2026-10-01,,,,,,
NIFTYCASE.NS,,,2026-10-01,,,,,,
NIFTYETF.NS,,,2026-10-01,,,,,,
NIFTYIETF.NS,,,2026-10-01,,,,,,
NIFTYJBLK.NS,,,2026-10-01,,,,,,
NIFTYQLITY.NS,,,2026-10-01,,,,,,
NIITLTD.NS,NIIT LIMITED,EQ,2026-10-01,84.95,11636248615.35,1163.62,2.00,136993744,Listed
NIITMTS.NS,NIIT LEARNING SYSTEMS LTD,EQ,2026-10-01,191.10,26369571775.65,2636.96,2.00,138002783,Listed
NILAINFRA.NS,NILA INFRASTRUCTURES LTD,EQ,2026-10-01,6.55,2587852044.00,258.79,1.00,393889200,Listed
NILASPACES.NS,NILA SPACES LIMITED,EQ,2026-10-01,11.20,4419436824.00,441.94,1.00,393889200,Listed
NILE.NS,NILE LTD.,EQ,2026-10-01,1243.20,3731962080.00,373.20,10.00,3001900,Permitted
NILKAMAL.NS,NILKAMAL LIMITED,EQ,2026-10-01,1871.80,27931982295.00,2793.20,10.00,14922525,Listed
NIMBSPROJ.NS,NIMBUS PROJECTS LIMITED,EQ,2026-10-01,189.45,3659934345.75,365.99,10.00,19318735,Listed
NINSYS.NS,NINTEC SYSTEMS LIMITED,EQ,2026-10-01,804.65,14947178400.00,1494.72,10.00,18576000,Listed
NIPPOBATRY.NS,INDO-NATIONAL LIMITED,EQ,2026-10-01,314.45,2358375000.00,235.84,5.00,7500000,Listed
NIRAJ.NS,NIRAJ CEMENT STRUC LTD,EQ,2026-10-01,27.75,1655920991.60,165.59,10.00,59694340,Listed
NIRAJISPAT.NS,NIRAJ ISPAT IND LTD,BE,2026-10-01,300.00,180000000.00,18.00,10.00,600000,Listed
NIRLON.NS,NIRLON LTD,EQ,2026-10-01,606.80,54683626672.00,5468.36,10.00,90118040,Permitted
NIRMAN.NS,NIRMAN AGRI GENTICS LTD,SM,2026-10-01,25.45,203846254.20,20.38,10.00,8009676,Listed
NITCO.NS,NITCO LIMITED,EQ,2026-10-01,84.20,20250854718.90,2025.09,10.00,240566105,Listed
NITINSPIN.NS,NITIN SPINNERS LIMITED,EQ,2026-10-01,594.60,33428412000.00,3342.84,10.00,56220000,Listed
NITIRAJ.NS,NITIRAJ ENGINEERS LTD,EQ,2026-10-01,200.90,2059425900.00,205.94,10.00,10251000,Listed
NITTAGELA.NS,NITTA GELATIN INDIA LTD.,EQ,2026-10-01,1664.30,15110445988.00,1511.04,10.00,9079160,Permitted
NIVABUPA.NS,NIVA BUPA HEALTH INS CO L,EQ,2026-10-01,73.00,134987070424.95,13498.71,10.00,1849644703,Listed
NKIND.NS,NK INDUSTRIES LTD,EQ,2026-10-01,59.95,360353604.00,36.04,10.00,6009900,Listed
NLCINDIA.NS,NLC INDIA LIMITED,EQ,2026-10-01,253.20,351096389398.80,35109.64,10.00,1386636609,Listed
NMDC.NS,NMDC LTD.,EQ,2026-10-01,74.65,656221261932.00,65622.13,1.00,8791817550,Listed
NOCIL.NS,NOCIL LIMITED,EQ,2026-10-01,168.85,28202159430.50,2820.22,10.00,167024930,Listed
NOIDATOLL.NS,NOIDA TOLL BRIDGE CO LTD,EQ,2026-10-01,3.55,662854207.10,66.29,10.00,186195002,Listed
NORBTEAEXP.NS,NORBEN TEA & EXPORTS LTD,EQ,2026-10-01,69.05,1073164664.00,107.32,10.00,15544100,Listed
NORTHARC.NS,NORTHERN ARC CAPITAL LTD,EQ,2026-10-01,288.70,46713933512.50,4671.39,10.00,161807875,Listed
NOVAAGRI.NS,NOVA AGRITECH LIMITED,EQ,2026-10-01,22.20,2055790244.85,205.58,2.00,92519813,Listed
NOVARTIND.NS,NOVARTIS INDIA LIMITED,EQ,2026-10-01,1965.00,48517416105.00,4851.74,5.00,24690797,Permitted
NPBET.NS,,,2026-10-01,,,,,,
NPST.NS,NETWORK PEOPLE SRV TECH L,EQ,2026-10-01,1766.50,36855372750.00,3685.54,10.00,20863500,Listed
NRAIL.NS,N R AGARWAL INDS LTD,EQ,2026-10-01,659.50,11224096450.00,1122.41,10.00,17019100,Listed
NRBBEARING.NS,NRB BEARING LIMITED,EQ,2026-10-01,542.60,52590202760.00,5259.02,2.00,96922600,Listed
NRL.NS,NUPUR RECYCLERS LIMITED,BE,2026-10-01,156.60,10816895306.95,1081.69,10.00,69068995,Listed
NSIL.NS,NALWA SONS INVESTMENT LTD,EQ,2026-10-01,5163.50,26520577650.50,2652.06,10.00,5136163,Listed
NSLNISP.NS,NMDC STEEL LIMITED,EQ,2026-10-01,40.95,120008309557.50,12000.83,10.00,2930605850,Listed
NTCIND.NS,N T C INDUSTRIES LTD.,EQ,2026-10-01,129.50,1880355690.00,188.04,10.00,14519000,Permitted
NTPC.NS,NTPC LTD,EQ,2026-10-01,315.10,3055419498823.40,305541.95,10.00,9696666134,Listed
NTPCGREEN.NS,NTPC GREEN ENERGY LIMITED,EQ,2026-10-01,91.10,767554369549.20,76755.44,10.00,8426329669,Listed
NUCLEUS.NS,NUCLEUS SOFTWARE EXPORTS,EQ,2026-10-01,646.95,17031156716.70,1703.12,10.00,26325306,Listed
NURECA.NS,NURECA LIMITED,BE,2026-10-01,349.85,3338240712.00,333.82,10.00,9541920,Listed
NUVAMA.NS,NUVAMA WEALTH MANAGE LTD,EQ,2026-10-01,1701.40,313934993264.60,31393.50,2.00,184515689,Listed
NUVOCO.NS,NUVOCO VISTAS CORP LTD,EQ,2026-10-01,322.10,115039996881.30,11504.00,10.00,357156153,Listed
NV20.NS,,,2026-10-01,,,,,,
NV20BEES.NS,,,2026-10-01,,,,,,
NV20IETF.NS,,,2026-10-01,,,,,,
NYKAA.NS,FSN E COMMERCE VENTURES,EQ,2026-10-01,324.95,930752599484.35,93075.26,1.00,2864294813,Listed
OAL.NS,ORIENTAL AROMATICS LTD,EQ,2026-10-01,532.20,17910433147.20,1791.04,5.00,33653576,Listed
OBCL.NS,OBCL LIMITED,EQ,2026-10-01,54.40,1146692948.10,114.67,10.00,21082790,Listed
OBEROIRLTY.NS,OBEROI REALTY LIMITED,EQ,2026-10-01,1754.60,637976485040.20,63797.65,10.00,363602237,Listed
OBSCP.NS,OBSC PERFECTION LIMITED,SM,2026-10-01,892.10,23056859760.00,2305.69,10.00,25845600,Listed
OCCLLTD.NS,OCCL LIMITED,BE,2026-10-01,193.50,9664914505.40,966.49,2.00,49950460,Listed
ODIGMA.NS,ODIGMA CONSULTANCY SOL L,EQ,2026-10-01,21.10,659865879.50,65.99,1.00,31258450,Listed
ODYCORP.NS,ODYSSEY CORPORATION LTD.,EQ,2026-10-01,6.90,618434538.25,61.84,5.00,89498486,Permitted
OFSS.NS,ORACLE FIN SERV SOFT LTD.,EQ,2026-10-01,10420.00,907406183340.00,90740.62,5.00,87083127,Listed
OIL.NS,OIL INDIA LTD,EQ,2026-10-01,444.00,722213859204.00,72221.39,10.00,1626607791,Listed
OILCOUNTUB.NS,OIL COUNTRY TUBULAR LTD.,BE,2026-10-01,78.15,4062461874.20,406.25,10.00,51989530,Listed
OILIETF.NS,,,2026-10-01,,,,,,
OLAELEC.NS,OLA ELECTRIC MOBILITY LTD,EQ,2026-10-01,37.10,171621380246.05,17162.14,10.00,4628408313,Listed
OLECTRA.NS,OLECTRA GREENTECH LIMITED,EQ,2026-10-01,1096.20,89976903899.40,8997.69,4.00,82080737,Listed
OLIL.NS,ONECLICK LOGISTICS IND L,SM,2026-10-01,454.50,3110926603.50,311.09,10.00,6844723,Listed
OMAXAUTO.NS,OMAX AUTOS LTD,EQ,2026-10-01,201.15,4298605782.80,429.86,10.00,21371213,Listed
OMAXE.NS,OMAXE LIMITED,EQ,2026-10-01,108.80,19895920741.20,1989.59,10.00,182900540,Listed
OMFREIGHT.NS,OM FREIGHT FORWARDERS LTD,BE,2026-10-01,97.50,3283355595.00,328.34,10.00,33675442,Listed
OMFURN.NS,OMFURN INDIA LIMITED,SM,2026-10-01,51.00,600494400.00,60.05,10.00,11774400,Listed
OMINFRAL.NS,OM INFRA LIMITED,EQ,2026-10-01,76.10,7326793788.70,732.68,1.00,96303809,Listed
OMNI.NS,OMNITECH ENGINEERING LTD,EQ,2026-10-01,608.65,75269323073.00,7526.93,5.00,123666020,Listed
OMPOWER.NS,OM POWER TRANSMISSION LTD,EQ,2026-10-01,157.75,5401806300.00,540.18,10.00,34245000,Listed
ONDOOR.NS,ON DOOR CONCEPTS LIMITED,SM,2026-10-01,262.25,1835884272.00,183.59,10.00,7000512,Listed
ONEGLOBAL.NS,ONE GLOBAL SERVICE PROV L,EQ,2026-10-01,525.40,10267893776.20,1026.79,10.00,19543003,Permitted
ONELIFECAP.NS,ONELIFE CAP ADVISORS LTD,BE,2026-10-01,41.55,1553055200.00,155.31,10.00,37360000,Listed
ONEPOINT.NS,ONE POINT ONE SOL LTD,EQ,2026-10-01,74.35,19554608031.10,1955.46,2.00,262936776,Listed
ONESOURCE.NS,ONESOURCE SPECL PHARMA L,EQ,2026-10-01,1508.00,172926719628.00,17292.67,1.00,114672891,Listed
ONGC.NS,OIL AND NATURAL GAS CORP.,EQ,2026-10-01,222.35,2797476687038.20,279747.67,5.00,12580279206,Listed
ONIDA.NS,ONIDA ELECTRONICS LIMITED,EQ,2026-10-01,31.35,11576756687.75,1157.68,1.00,369392364,Listed
ONIXSOLAR.NS,ONIX SOLAR ENERGY LTD.,EQ,2026-10-01,339.70,12524034462.20,1252.40,10.00,36867926,Permitted
ONMOBILE.NS,ONMOBILE GLOBAL LTD.,BE,2026-10-01,48.80,5187981583.10,518.80,10.00,106354686,Listed
ONWARDTEC.NS,ONWARD TECHNOLOGIES LTD,EQ,2026-10-01,291.30,6481247307.00,648.12,10.00,22249390,Listed
ONYX.NS,ONYX BIOTEC LIMITED,ST,2026-10-01,37.55,680864110.00,68.09,10.00,18132200,Listed
OPTIEMUS.NS,OPTIEMUS INFRACOM LTD,EQ,2026-10-01,803.70,71739161340.30,7173.92,10.00,89261119,Listed
OPTIFIN.NS,OPTIMUS FINANCE LTD.,EQ,2026-10-01,14.45,1081241810.00,108.12,1.00,74723000,Permitted
OPTIMYSTIX.NS,OPTIMYSTIX ENT INDIA LTD,SM,2026-10-01,132.00,3071494800.00,307.15,10.00,23268900,Listed
OPTIVALUE.NS,OPTIVALUE TEK CONSULT LTD,ST,2026-10-01,214.00,5010039600.00,501.00,10.00,23411400,Listed
ORBTEXP.NS,ORBIT EXPORTS LIMITED,EQ,2026-10-01,243.65,6251895754.50,625.19,10.00,25659330,Listed
ORCHASP.NS,ORCHASP LIMITED,EQ,2026-10-01,1.30,443424468.50,44.34,2.00,346425366,Listed
ORCHPHARMA.NS,ORCHID PHARMA LIMITED,EQ,2026-10-01,990.00,59286348000.00,5928.63,10.00,59885200,Listed
ORIANA.NS,ORIANA POWER LIMITED,SM,2026-10-01,303.45,30829230337.50,3082.92,2.00,101595750,Listed
ORICONENT.NS,ORICON ENTERPRISES LTD,EQ,2026-10-01,50.00,7849244795.70,784.92,2.00,157047715,Listed
ORIENTALTL.NS,ORIENTAL TRIMEX LTD,EQ,2026-10-01,4.80,353569944.65,35.36,10.00,73507265,Listed
ORIENTBELL.NS,ORIENT BELL LIMITED,EQ,2026-10-01,398.55,5878802209.80,587.88,10.00,14750476,Listed
ORIENTCEM.NS,ORIENT CEMENT LTD.,EQ,2026-10-01,115.90,23814853879.45,2381.49,1.00,205459873,Listed
ORIENTCER.NS,ORIENT CERATECH LIMITED,EQ,2026-10-01,44.10,5278481504.00,527.85,1.00,119639200,Listed
ORIENTELEC.NS,ORIENT ELECTRIC LIMITED,EQ,2026-10-01,154.45,32956496759.55,3295.65,1.00,213365899,Listed
ORIENTHOT.NS,ORIENT HOTELS LTD,EQ,2026-10-01,140.00,25003885200.00,2500.39,1.00,178599180,Listed
ORIENTLTD.NS,ORIENT PRESS LIMITED,BE,2026-10-01,77.90,779200000.00,77.92,10.00,10000000,Listed
ORIENTPPR.NS,ORIENT PAPER AND INDS LTD,EQ,2026-10-01,16.25,3443775891.05,344.38,1.00,212185822,Listed
ORIENTTECH.NS,ORIENT TECHNOLOGIES LTD,EQ,2026-10-01,229.25,10501006243.00,1050.10,10.00,45805916,Listed
ORIRAIL.NS,ORIENTAL RAIL INFRA L,EQ,2026-10-01,124.15,8325374850.00,832.54,1.00,67059000,Permitted
ORISSAMINE.NS,ORISSA MIN DEV CO LTD,EQ,2026-10-01,3538.60,21231600000.00,2123.16,1.00,6000000,Listed
ORKLAINDIA.NS,ORKLA INDIA LIMITED,EQ,2026-10-01,537.20,73590614356.00,7359.06,1.00,136989230,Listed
ORTINGLOBE.NS,ORTIN GLOBAL LIMITED,EQ,2026-10-01,14.50,118067811.85,11.81,10.00,8131392,Listed
OSELDEVICE.NS,OSEL DEVICES LIMITED,SM,2026-10-01,368.55,6558199830.00,655.82,10.00,17794600,Listed
OSIAHYPER.NS,OSIA HYPER RETAIL LIMITED,BE,2026-10-01,2.20,389309580.00,38.93,1.00,176958900,Listed
OSWALAGRO.NS,OSWAL AGRO MILLS LTD,EQ,2026-10-01,33.10,4444513433.35,444.45,10.00,134234776,Listed
OSWALGREEN.NS,OSWAL GREENTECH LIMITED,EQ,2026-10-01,19.30,4951280585.50,495.13,10.00,256809159,Listed
OSWALPUMPS.NS,OSWAL PUMPS LIMITED,EQ,2026-10-01,264.25,30125794032.25,3012.58,1.00,114004897,Listed
OSWALSEEDS.NS,SHREEOSWAL S AND CHE LTD,EQ,2026-10-01,12.40,1133313300.00,113.33,2.00,91470000,Listed
OWAIS.NS,OWAIS METAL & MINERAL,ST,2026-10-01,67.10,1220038905.80,122.00,10.00,18182398,Listed
PACEDIGITK.NS,PACE DIGITEK LIMITED,EQ,2026-10-01,167.35,36122719573.45,3612.27,2.00,215851327,Listed
PACIFICI.NS,PACIFIC INDUSTRIES LTD.,EQ,2026-10-01,136.00,937331473.50,93.73,10.00,6892650,Permitted
PAGEIND.NS,PAGE INDUSTRIES LTD,EQ,2026-10-01,36660.00,408901020840.00,40890.10,10.00,11153874,Listed
PAISALO.NS,PAISALO DIGITAL LIMITED,EQ,2026-10-01,79.90,73040514208.60,7304.05,1.00,914149114,Listed
PAKKA.NS,PAKKA LIMITED,EQ,2026-10-01,72.25,3444496906.00,344.45,10.00,47668100,Listed
PALASHSECU.NS,PALASH SECURITIES LTD,EQ,2026-10-01,84.50,845262119.00,84.53,10.00,10003102,Listed
PALREDTEC.NS,PALRED TECHNOLOGIES LTD,EQ,2026-10-01,41.75,510954281.80,51.10,10.00,12232566,Listed
PANACEABIO.NS,PANACEA BIOTEC LTD,EQ,2026-10-01,359.05,21992080351.30,2199.21,1.00,61250746,Listed
PANACHE.NS,PANACHE DIGILIFE LIMITED,BE,2026-10-01,516.15,8265626100.00,826.56,10.00,16014000,Listed
PANAMAPET.NS,PANAMA PETROCHEM LTD,EQ,2026-10-01,487.10,29466431585.80,2946.64,2.00,60493598,Listed
PANCHMAHQ.NS,PANCHMAHAL STEEL LTD.,EQ,2026-10-01,287.50,5485019587.50,548.50,10.00,19078329,Permitted
PANORAMA.NS,PANORAMA STUDIOS INTL. L,EQ,2026-10-01,60.90,15869224918.75,1586.92,2.00,260535625,Permitted
PANSARI.NS,PANSARI DEVELOPERS LTD,EQ,2026-10-01,260.00,4536168000.00,453.62,10.00,17446800,Listed
PAR.NS,PAR DRUGS AND CHEM LTD,BE,2026-10-01,123.95,1525159632.20,152.52,10.00,12304636,Listed
PARACABLES.NS,PARAMOUNT COMM LTD,EQ,2026-10-01,56.50,18492302619.25,1849.23,2.00,327239473,Listed
PARADEEP.NS,PARADEEP PHOSPHATES LTD,EQ,2026-10-01,151.20,157045032205.00,15704.50,10.00,1038520250,Listed
PARAGMILK.NS,PARAG MILK FOODS LTD.,EQ,2026-10-01,264.00,33160922256.00,3316.09,10.00,125609554,Listed
PARAGON.NS,PARAGON FINE S.C. LTD.,SM,2026-10-01,49.05,959712300.00,95.97,10.00,19566000,Listed
PARAMATRIX.NS,PARAMATRIX TECHNOLOGIES L,SM,2026-10-01,56.00,618688000.00,61.87,10.00,11048000,Listed
PARAS.NS,PARAS DEF AND SPCE TECH L,EQ,2026-10-01,1276.00,102829433080.00,10282.94,5.00,80587330,Listed
PARASPETRO.NS,PARAS PETROFILS LTD.,EQ,2026-10-01,2.00,675126420.00,67.51,1.00,334221000,Listed
PARIN.NS,PARIN ENTERPRISES LIMITED,EQ,2026-10-01,703.85,7825404300.00,782.54,10.00,11118000,Listed
PARKHOSPS.NS,PARK MEDI WORLD LIMITED,EQ,2026-10-01,270.80,116966877971.20,11696.69,2.00,431930864,Listed
PARKHOTELS.NS,PARKHOTELS,EQ,2026-10-01,103.55,22094903173.30,2209.49,1.00,213374246,Listed
PARNAXLAB.NS,PARNAX LAB LTD.,EQ,2026-10-01,113.15,1299482594.25,129.95,10.00,11485616,Permitted
PARSVNATH.NS,PARSVNATH DEVELOPER LTD,BE,2026-10-01,2.15,926935892.10,92.69,5.00,435181170,Listed
PARTH.NS,PARTH ELEC & ENG LTD,SM,2026-10-01,510.75,7134133016.25,713.41,10.00,13967955,Listed
PARTYCRUS.NS,PARTY CRUISERS LIMITED,SM,2026-10-01,98.00,1175011474.00,117.50,10.00,11989913,Listed
PASHUPATI.NS,PASHUPATI COTSPIN LIMITED,EQ,2026-10-01,79.00,12467781600.00,1246.78,1.00,157840000,Listed
PASUPTAC.NS,PASUPATI ACRYLON LIMITED,EQ,2026-10-01,69.65,6207230546.45,620.72,10.00,89133121,Listed
PATANJALI.NS,PATANJALI FOODS LIMITED,EQ,2026-10-01,355.15,386441767514.25,38644.18,2.00,1088108595,Listed
PATELENG.NS,PATEL ENGINEERING LTD.,EQ,2026-10-01,25.90,25716319007.05,2571.63,1.00,992141937,Listed
PATELRMART.NS,PATEL RETAIL LIMITED,EQ,2026-10-01,211.00,7047511408.00,704.75,10.00,33400528,Listed
PATILAUTOM.NS,PATIL AUTOMATION LIMITED,ST,2026-10-01,325.55,7103761440.00,710.38,10.00,21820800,Listed
PATINTLOG.NS,PATEL INT. LOG. LTD,EQ,2026-10-01,13.25,849177419.60,84.92,10.00,64185746,Listed
PAUSHAKLTD.NS,PAUSHAK LIMITED,EQ,2026-10-01,650.30,16034389873.60,1603.44,5.00,24656912,Listed
PAVNAIND.NS,PAVNA INDUSTRIES LIMITED,EQ,2026-10-01,15.35,2143180800.00,214.32,1.00,139530000,Listed
PAYTM.NS,ONE 97 COMMUNICATIONS LTD,EQ,2026-10-01,1656.00,1062502556544.00,106250.26,1.00,641607824,Listed
PBMPOLY.NS,P B M POLYTEX LTD.,EQ,2026-10-01,58.85,404830327.00,40.48,10.00,6879020,Permitted
PCBL.NS,PCBL CHEMICAL LIMITED,EQ,2026-10-01,321.50,126498227186.00,12649.82,1.00,393462604,Listed
PCCL.NS,PETRO CARBON AND CHEMI L,SM,2026-10-01,406.00,10028200000.00,1002.82,10.00,24700000,Listed
PCJEWELLER.NS,PC JEWELLER LTD,EQ,2026-10-01,12.80,125022368841.10,12502.24,1.00,9752134855,Listed
PDMJEPAPER.NS,PUDUMJEE PAPER PRO. LTD,EQ,2026-10-01,95.55,9073422000.00,907.34,1.00,94950000,Listed
PDSL.NS,PDS LIMITED,EQ,2026-10-01,347.55,49164573489.15,4916.46,2.00,141460433,Listed
PEARLPOLY.NS,PEARL POLYMERS LTD,EQ,2026-10-01,17.10,287708987.90,28.77,10.00,16834932,Listed
PELATRO.NS,PELATRO LIMITED,SM,2026-10-01,359.90,3814003900.10,381.40,10.00,10597399,Listed
PENIND.NS,PENNAR INDUSTRIES LTD,EQ,2026-10-01,173.60,23524855626.20,2352.49,5.00,135496231,Listed
PENINLAND.NS,PENINSULA LAND LIMITED,EQ,2026-10-01,14.60,4849866576.40,484.99,2.00,331728220,Listed
PENTAGON.NS,PENTAGON RUBBER LIMITED,ST,2026-10-01,80.80,622968000.00,62.30,10.00,7710000,Listed
PERMAGN.NS,PERMANENT MAGNETS LTD.,EQ,2026-10-01,861.30,7405847568.90,740.58,10.00,8598453,Permitted
PERNIASPOP.NS,PURPLE STYLE LABS LIMITED,EQ,2026-10-01,544.70,43609273544.20,4360.93,10.00,80061086,Listed
PERSISTENT.NS,PERSISTENT SYSTEMS LTD,EQ,2026-10-01,5367.00,846644250000.00,84664.42,5.00,157750000,Listed
PETRONET.NS,PETRONET LNG LIMITED,EQ,2026-10-01,285.50,428250025124.00,42825.00,10.00,1500000088,Listed
PFC.NS,POWER FIN CORP LTD.,EQ,2026-10-01,318.00,1049432359680.00,104943.24,10.00,3300101760,Listed
PFIZER.NS,PFIZER LTD,EQ,2026-10-01,3858.90,176535923014.80,17653.59,10.00,45747732,Listed
PFOCUS.NS,PRIME FOCUS LIMITED,EQ,2026-10-01,301.55,234839263514.00,23483.93,1.00,778773880,Listed
PFS.NS,PTC INDIA FIN SERV LTD,EQ,2026-10-01,28.80,18504182881.35,1850.42,10.00,642283335,Listed
PGEL.NS,PG ELECTROPLAST LTD,EQ,2026-10-01,481.10,137958844658.80,13795.88,1.00,286757108,Listed
PGHH.NS,P&G HYGIENE & HEALTH CARE,EQ,2026-10-01,6639.00,215506826304.00,21550.68,10.00,32460736,Listed
PGHL.NS,PROCTER & GAMBLE HEALTH L,EQ,2026-10-01,5360.00,88972687520.00,8897.27,10.00,16599382,Listed
PGIL.NS,PEARL GLOBAL IND LIMITED,EQ,2026-10-01,1263.00,116677309092.00,11667.73,5.00,92381084,Listed
PHANTOMFX.NS,PHANTOM DIGITAL EFF LTD,SM,2026-10-01,86.20,1372545360.00,137.25,10.00,15922800,Listed
PHARMABEES.NS,,,2026-10-01,,,,,,
PHOENIXLTD.NS,THE PHOENIX MILLS LTD,EQ,2026-10-01,1930.00,690318265940.00,69031.83,2.00,357677858,Listed
PHOENXINTL.NS,PHOENIX INTERNATIONAL LTD,EQ,2026-10-01,28.15,472626114.00,47.26,10.00,16789560,Permitted
PHOGLOBAL.NS,PHOENIX OVERSEAS LIMITED,SM,2026-10-01,16.50,319209297.00,31.92,10.00,19346018,Listed
PICCADIL.NS,PICCADILY AGRO INDUSTRI L,EQ,2026-10-01,581.05,57275344271.20,5727.53,10.00,98572144,Listed
PIDILITIND.NS,PIDILITE INDUSTRIES LTD,EQ,2026-10-01,1464.00,1490175863232.00,149017.59,1.00,1017879688,Listed
PIGL.NS,POWER INSTRUMENT (G) LTD,EQ,2026-10-01,93.85,1969289343.00,196.93,10.00,20978900,Listed
PIIND.NS,PI INDUSTRIES LTD,EQ,2026-10-01,2236.00,339241711848.00,33924.17,1.00,151718118,Listed
PILANIINVS.NS,PILANI INV & IND COR LTD,EQ,2026-10-01,3892.30,43096518675.00,4309.65,10.00,11072250,Listed
PILITA.NS,PIL ITALICA LIFESTYLE LTD,EQ,2026-10-01,7.45,1750750000.00,175.08,1.00,235000000,Listed
PINELABS.NS,PINE LABS LIMITED,EQ,2026-10-01,167.60,193375077303.10,19337.51,1.00,1153858090,Listed
PIONEEREMB.NS,PIONEER EMBROIDERIES LTD,EQ,2026-10-01,20.05,618300343.45,61.83,10.00,30807192,Listed
PIRAMALFIN.NS,PIRAMAL FINANCE LIMITED,EQ,2026-10-01,2023.30,478774098129.80,47877.41,2.00,236630306,Listed
PITTIENG.NS,PITTI ENGINEERING LIMITED,EQ,2026-10-01,1123.80,42315102194.40,4231.51,5.00,37653588,Listed
PIXTRANS.NS,PIX TRANSMISSIONS LIMITED,EQ,2026-10-01,1809.30,24652074360.00,2465.21,10.00,13625200,Listed
PKTEA.NS,THE P K TEA PROD CO LTD,BE,2026-10-01,1037.70,3212593638.30,321.26,10.00,3095879,Listed
PLASTIBLEN.NS,PLASTIBLENDS INDIA LTD,EQ,2026-10-01,193.60,5032028904.00,503.20,5.00,25989200,Listed
PLATIND.NS,PLATINUM INDUSTRIES LTD,EQ,2026-10-01,202.00,11094824346.00,1109.48,10.00,54924873,Listed
PLAZACABLE.NS,PLAZA WIRES LIMITED,EQ,2026-10-01,57.10,2499118695.35,249.91,10.00,43752078,Listed
PML.NS,PAUL MERCHANTS LTD.,EQ,2026-10-01,472.65,1457652600.00,145.77,10.00,3084000,Permitted
PNB.NS,PUNJAB NATIONAL BANK,EQ,2026-10-01,109.55,1259281793874.75,125928.18,2.00,11492943268,Listed
PNBGILTS.NS,PNB GILTS LIMITED,EQ,2026-10-01,71.65,12894125898.40,1289.41,10.00,180010134,Listed
PNBHOUSING.NS,PNB HOUSING FIN LTD.,EQ,2026-10-01,1092.00,284797872996.00,28479.79,10.00,260803913,Listed
PNC.NS,PNC MEDIA AND ENT LTD,EQ,2026-10-01,18.10,261708030.00,26.17,10.00,14467000,Listed
PNCINFRA.NS,PNC INFRATECH LTD.,EQ,2026-10-01,138.15,35443451036.40,3544.35,2.00,256539165,Listed
PNGJL.NS,P N GADGIL JEWELLERS LTD,EQ,2026-10-01,581.95,85664544340.75,8566.45,10.00,147202585,Listed
PNGSREVA.NS,PNGS REVA DIAMOND JEWEL L,EQ,2026-10-01,504.40,15988672960.00,1598.87,10.00,31698400,Listed
POCL.NS,PONDY OXIDES & CHEM LTD,EQ,2026-10-01,437.00,33333572089.00,3333.36,2.00,76278197,Listed
PODDARMENT.NS,PODDAR PIGMENTS LIMITED,EQ,2026-10-01,253.65,2691226500.00,269.12,10.00,10610000,Listed
POEL.NS,P O C L ENTERPRISES LTD.,EQ,2026-10-01,136.45,4198032025.35,419.80,2.00,30766083,Permitted
POKARNA.NS,POKARNA LIMITED,EQ,2026-10-01,699.10,21674896400.00,2167.49,2.00,31004000,Listed
POLICYBZR.NS,PB FINTECH LIMITED,EQ,2026-10-01,980.00,453497699900.00,45349.77,2.00,462752755,Listed
POLYCAB.NS,POLYCAB INDIA LIMITED,EQ,2026-10-01,7990.00,1204025788120.00,120402.58,10.00,150691588,Listed
POLYMED.NS,POLY MEDICURE LIMITED,EQ,2026-10-01,1638.10,166040215816.50,16604.02,5.00,101361465,Listed
POLYPLEX.NS,POLYPLEX CORPORATION LTD,EQ,2026-10-01,1028.00,32271450936.00,3227.15,10.00,31392462,Listed
POLYSIL.NS,POLYSIL IRRIGATION SYST L,SM,2026-10-01,58.60,1553198274.00,155.32,10.00,26505090,Listed
POLYSPIN.NS,POLYSPIN EXPORTS LTD.,EQ,2026-10-01,29.50,295000000.00,29.50,5.00,10000000,Permitted
PONNIERODE.NS,PONNIE SUGARS (ERODE) LTD,EQ,2026-10-01,372.35,3201620942.30,320.16,10.00,8598418,Listed
POONAWALLA.NS,POONAWALLA FINCORP LTD,EQ,2026-10-01,433.40,381641491910.80,38164.15,2.00,880575662,Listed
POSITRON.NS,POSITRON ENERGY LIMITED,SM,2026-10-01,228.55,1737071420.00,173.71,10.00,7600400,Listed
POWERGRID.NS,POWER GRID CORP. LTD.,EQ,2026-10-01,254.55,2367468702126.45,236746.87,10.00,9300603819,Listed
POWERICA.NS,POWERICA LIMITED,EQ,2026-10-01,589.15,74558038334.55,7455.80,5.00,126551877,Listed
POWERINDIA.NS,HITACHI ENERGY INDIA LTD,EQ,2026-10-01,31290.00,1394669238270.00,139466.92,2.00,44572363,Listed
POWERMECH.NS,POWER MECH PROJECTS LTD.,EQ,2026-10-01,2476.20,78288262250.40,7828.83,10.00,31616292,Listed
PPAP.NS,PPAP AUTOMOTIVE LIMITED,BE,2026-10-01,228.50,3233815999.65,323.38,10.00,14152987,Listed
PPL.NS,PRAKASH PIPES LIMITED,BE,2026-10-01,243.55,5825315116.70,582.53,10.00,23918354,Listed
PPLPHARMA.NS,PIRAMAL PHARMA LIMITED,EQ,2026-10-01,197.95,263566989296.10,26356.70,10.00,1331348130,Listed
PRABHA.NS,PRABHA ENERGY LIMITED,EQ,2026-10-01,218.30,31964826636.55,3196.48,1.00,146419434,Listed
PRADPME.NS,PRADEEP METALS LTD.,BE,2026-10-01,449.25,7758547500.00,775.85,10.00,17270000,Permitted
PRAENG.NS,PRAJAY ENG. SYN. LTD.,EQ,2026-10-01,20.10,1405010041.20,140.50,10.00,69935791,Listed
PRAJIND.NS,PRAJ INDUSTRIES LTD,EQ,2026-10-01,303.25,55741318936.00,5574.13,2.00,183813088,Listed
PRAKASH.NS,PRAKASH INDUSTRIES LTD,EQ,2026-10-01,118.70,21255223470.90,2125.52,10.00,179081839,Listed
PRAKASHSTL.NS,PRAKASH STEELAGE LTD,EQ,2026-10-01,3.55,623001388.40,62.30,1.00,175000390,Listed
PRAMARA.NS,PRAMARA PROMOTIONS LTD,SM,2026-10-01,102.10,1423699552.80,142.37,10.00,13944168,Listed
PRANAV.NS,PRANAV CONSTRUCTIONS LTD,EQ,2026-10-01,97.20,10948060638.20,1094.81,10.00,112622782,Listed
PRANIK.NS,PRANIK LOGISTICS LIMITED,SM,2026-10-01,44.05,484997107.50,48.50,10.00,11010150,Listed
PRASOLCHEM.NS,PRASOL CHEMICALS LIMITED,EQ,2026-10-01,814.05,48178272005.55,4817.83,2.00,59183431,Listed
PRATHAM.NS,PRATHAM EPC PROJECTS LTD,SM,2026-10-01,127.50,2322092347.50,232.21,10.00,18212489,Listed
PRAVEG.NS,PRAVEG LTD.,EQ,2026-10-01,238.10,6224099479.50,622.41,10.00,26140695,Permitted
PRAXIS.NS,PRAXIS HOME RETAIL LTD,EQ,2026-10-01,4.40,815715601.90,81.57,5.00,185812210,Listed
PRECAM.NS,PRECISION CAMSHAFTS LTD.,EQ,2026-10-01,109.90,10438943266.50,1043.89,10.00,94985835,Listed
PRECISION.NS,PRECISION METALIKS LTD,ST,2026-10-01,6.80,156121648.80,15.61,10.00,22959066,Listed
PRECOT.NS,PRECOT LIMITED,EQ,2026-10-01,638.35,7660200000.00,766.02,10.00,12000000,Listed
PRECWIRE.NS,PRECISION WIRES INDIA LTD,EQ,2026-10-01,501.40,91659918665.00,9165.99,1.00,182807975,Listed
PREMCO.NS,PREMCO GLOBAL LTD.,EQ,2026-10-01,399.95,1321754760.00,132.18,10.00,3304800,Permitted
PREMEXPLN.NS,PREMIER EXPLOSIVES LTD,EQ,2026-10-01,682.05,36667823049.75,3666.78,2.00,53761195,Listed
PREMIER.NS,PREMIER LIMITED,BE,2026-10-01,2.60,78968682.00,7.90,10.00,30372570,Listed
PREMIERENE.NS,PREMIER ENERGIES LIMITED,EQ,2026-10-01,878.05,398592123355.50,39859.21,1.00,453951510,Listed
PREMIERPOL.NS,PREMIER POLYFILM LTD,EQ,2026-10-01,90.65,9493857934.00,949.39,1.00,104742475,Listed
PREMIUM.NS,PREMIUM PLAST LIMITED,SM,2026-10-01,44.90,857459790.00,85.75,10.00,19097100,Listed
PRESSTONIC.NS,PRESSTONIC ENGINEERING L,ST,2026-10-01,46.30,705662004.00,70.57,10.00,15241080,Listed
PRESTIGE.NS,PRESTIGE ESTATE LTD,EQ,2026-10-01,1486.10,640108197775.20,64010.82,10.00,430730232,Listed
PRICOLLTD.NS,PRICOL LIMITED,EQ,2026-10-01,734.50,89521960281.00,8952.20,1.00,121881498,Listed
PRIMECAB.NS,PRIME CABLE INDUSTRIES L,ST,2026-10-01,206.25,3779337375.00,377.93,5.00,18324060,Listed
PRIMESECU.NS,PRIME SECURITIES LIMITED,EQ,2026-10-01,301.50,10243560487.50,1024.36,5.00,33975325,Listed
PRIMO.NS,PRIMO CHEMICALS LIMITED,EQ,2026-10-01,25.40,6157941220.20,615.79,2.00,242343220,Listed
PRINCEPIPE.NS,PRINCE PIPES FITTINGS LTD,EQ,2026-10-01,246.90,27297530405.10,2729.75,10.00,110561079,Listed
PRIORITY.NS,PRIORITY JEWELS LIMITED,EQ,2026-10-01,290.45,5228100000.00,522.81,10.00,18000000,Listed
PRISMX.NS,PRISMX GLOBAL VENTURES L,EQ,2026-10-01,0.50,228330341.70,22.83,1.00,439096811,Permitted
PRITI.NS,PRITI INTERNATIONAL LTD,EQ,2026-10-01,32.80,437855625.10,43.79,10.00,13353328,Listed
PRITIKA.NS,PRITIKA ENG COMPO LTD,SM,2026-10-01,62.70,1653087381.00,165.31,5.00,26365030,Listed
PRITIKAUTO.NS,PRITIKA AUTO INDUS LTD,EQ,2026-10-01,16.10,2682519065.35,268.25,2.00,166512667,Listed
PRIVISCL.NS,PRIVI SPECIALITY CHE LTD,EQ,2026-10-01,3573.00,139571048538.00,13957.10,10.00,39062706,Listed
PRIZOR.NS,PRIZOR VIZTECH LIMITED,ST,2026-10-01,1194.00,12890666382.00,1289.07,10.00,10796203,Listed
PRLIND.NS,PREMIER ROADLINES LIMITED,SM,2026-10-01,44.00,1005952068.00,100.60,10.00,22862547,Listed
PROFX.NS,PRO FX TECH LIMITED,SM,2026-10-01,68.25,1194626569.50,119.46,10.00,17503686,Listed
PROLIFE.NS,PROLIFE INDUSTRIES LTD,SM,2026-10-01,76.00,311150080.00,31.12,10.00,4094080,Listed
PROSTARM.NS,PROSTARM INFO SYSTEMS LTD,EQ,2026-10-01,135.40,7972208502.70,797.22,10.00,58874592,Listed
PROTEAN.NS,PROTEAN EGOV TECHNO LTD,EQ,2026-10-01,639.75,26088470808.75,2608.85,10.00,40779165,Listed
PROV.NS,PROVENTUS AGROCOM LIMITED,SM,2026-10-01,1940.00,6699627040.00,669.96,10.00,3453416,Listed
PROZONER.NS,PROZONE REALTY LIMITED,EQ,2026-10-01,52.55,8016229444.00,801.62,2.00,152602883,Listed
PRSMJOHNSN.NS,PRISM JOHNSON LIMITED,EQ,2026-10-01,103.60,52152775253.80,5215.28,10.00,503356580,Listed
PRUDENT.NS,PRUDENT CORP ADV SER LTD,EQ,2026-10-01,3119.10,129151575588.00,12915.16,5.00,41406680,Listed
PRUDMOULI.NS,PRUDENTIAL SUGAR CORPORAT,EQ,2026-10-01,13.50,435079480.00,43.51,10.00,32252000,Listed
PSB.NS,PUNJAB & SIND BANK,EQ,2026-10-01,20.95,148723466211.20,14872.35,10.00,7095585220,Listed
PSFL.NS,PARAMOUNT SPECIALI FORG L,SM,2026-10-01,36.50,718393000.00,71.84,10.00,19682000,Listed
PSPPROJECT.NS,PSP PROJECTS LIMITED,EQ,2026-10-01,747.10,29616382056.10,2961.64,10.00,39641791,Listed
PSUBANK.NS,,,2026-10-01,,,,,,
PSUBANKADD.NS,,,2026-10-01,,,,,,
PSUBNKBEES.NS,,,2026-10-01,,,,,,
PSUBNKIETF.NS,,,2026-10-01,,,,,,
PTC.NS,PTC INDIA LIMITED,EQ,2026-10-01,154.80,45819128007.60,4581.91,10.00,296008321,Listed
PTCIL.NS,PTC INDUSTRIES LIMITED,EQ,2026-10-01,22025.00,330210891725.00,33021.09,10.00,14992549,Listed
PTL.NS,PTL ENTERPRISES LTD,EQ,2026-10-01,37.85,5013116990.00,501.31,1.00,132377000,Listed
PULZ.NS,PULZ ELECTRONICS LIMITED,SM,2026-10-01,21.65,472143200.00,47.21,10.00,21808000,Listed
PUNJABCHEM.NS,PUNJAB CHEM & CROP PROT L,EQ,2026-10-01,1040.90,12763708366.50,1276.37,10.00,12262185,Listed
PURPLEUTED.NS,PURPLE UNITED SALES LTD,SM,2026-10-01,449.80,4322488040.00,432.25,10.00,9609800,Listed
PURVA.NS,PURAVANKARA LIMITED,EQ,2026-10-01,204.65,48530311743.05,4853.03,5.00,237149686,Listed
PUSHPA.NS,PUSHPA JEWELLERS LIMITED,SM,2026-10-01,116.00,2809857792.00,280.99,10.00,24222912,Listed
PVP.NS,PVP VENTURES LIMITED,EQ,2026-10-01,50.45,13142573780.05,1314.26,10.00,260403681,Listed
PVRINOX.NS,PVR INOX LIMITED,EQ,2026-10-01,1215.30,119342413818.60,11934.24,10.00,98199962,Listed
PVSL.NS,POPULAR VEHICLES N SER L,EQ,2026-10-01,89.85,6397870072.30,639.79,2.00,71198198,Listed
PVTBANIETF.NS,,,2026-10-01,,,,,,
PVTBANK.NS,,,2026-10-01,,,,,,
PVTBANKADD.NS,,,2026-10-01,,,,,,
PVTBKGROWW.NS,,,2026-10-01,,,,,,
PWL.NS,PHYSICSWALLAH LIMITED,EQ,2026-10-01,120.15,349094911341.45,34909.49,1.00,2905008832,Listed
PYRAMID.NS,PYRAMID TECHNOPLAST LTD,EQ,2026-10-01,154.35,5677366032.00,567.74,10.00,36784800,Listed
QFIL.NS,QUALITY FOILS (INDIA) LTD,SM,2026-10-01,49.75,141986500.00,14.20,10.00,2854000,Listed
QGOLDHALF.NS,,,2026-10-01,,,,,,
QMSMEDI.NS,QMS MEDICAL ALLIED S LTD,BE,2026-10-01,195.65,3783757471.80,378.38,10.00,19337443,Listed
QNIFTY.NS,,,2026-10-01,,,,,,
QPOWER.NS,QUALITY POWER ELEC EQUP L,EQ,2026-10-01,1564.60,121169038860.00,12116.90,10.00,77444100,Listed
QUADFUTURE.NS,QUADRANT FUTURE TEK LTD,EQ,2026-10-01,531.40,21256000000.00,2125.60,10.00,40000000,Listed
QUADPRO.NS,QUADPRO ITES LIMITED,ST,2026-10-01,4.20,212310000.00,21.23,2.00,50550000,Listed
QUAL30IETF.NS,,,2026-10-01,,,,,,
QUALITY30.NS,,,2026-10-01,,,,,,
QUESS.NS,QUESS CORP LIMITED,EQ,2026-10-01,336.20,50223545631.60,5022.35,10.00,149385918,Listed
QUESTLAB.NS,QUEST LABORATORIES LTD,SM,2026-10-01,91.85,1505164320.00,150.52,10.00,16387200,Listed
QUICKHEAL.NS,QUICK HEAL TECH LTD,EQ,2026-10-01,138.15,7497895077.00,749.79,10.00,54273580,Listed
QUICKTOUCH.NS,QUICKTOUCH TECHNOLOGIES L,SM,2026-10-01,15.25,195443939.00,19.54,10.00,12815996,Listed
QUINT.NS,QUINT DIGITAL LTD.,BE,2026-10-01,68.75,3245078469.90,324.51,10.00,47208008,Permitted
QVCEL.NS,QVC EXPORTS LIMITED,SM,2026-10-01,24.00,250831008.00,25.08,10.00,10451292,Listed
RACE.NS,RACE ECO CHAIN LIMITED,EQ,2026-10-01,113.20,1953169896.00,195.32,10.00,17257200,Listed
RACLGEAR.NS,RACL GEARTECH LIMITED,EQ,2026-10-01,1538.20,18132424656.00,1813.24,10.00,11788080,Listed
RADAAN.NS,RADAAN MEDIAWORKS (I) LTD,EQ,2026-10-01,3.00,161401389.20,16.14,2.00,54161540,Listed
RADHIKAJWE.NS,RADHIKA JEWELTECH LIMITED,BE,2026-10-01,69.00,8139640000.00,813.96,2.00,118000000,Listed
RADIANTCMS.NS,RADIANT CASH MGMT SER LTD,EQ,2026-10-01,35.90,3829746746.35,382.97,1.00,106707906,Listed
RADICO.NS,RADICO KHAITAN LTD,EQ,2026-10-01,4237.00,567683420326.00,56768.34,2.00,133982398,Listed
RADIOCITY.NS,MUSIC BROADCAST LIMITED,EQ,2026-10-01,5.90,2032631475.00,203.26,2.00,345685625,Listed
RADIOWALLA.NS,RADIOWALLA NETWORK LTD,ST,2026-10-01,28.60,201579549.60,20.16,10.00,7048236,Listed
RAILTEL.NS,RAILTEL CORP OF IND LTD,EQ,2026-10-01,257.20,82545358280.40,8254.54,10.00,320938407,Listed
RAIN.NS,RAIN INDUSTRIES LIMITED,EQ,2026-10-01,208.50,70134800985.10,7013.48,2.00,336345679,Listed
RAINBOW.NS,RAINBOW CHILDRENS MED LTD,EQ,2026-10-01,1279.80,129984984592.20,12998.50,10.00,101566639,Listed
RAJESHEXPO.NS,RAJESH EXPORTS LTD,BZ,2026-10-01,64.05,18905495174.75,1890.55,1.00,295259959,Listed
RAJINDLTD.NS,RAJPUTANA INDUSTRIES LTD,SM,2026-10-01,64.50,1432867500.00,143.29,10.00,22215000,Listed
RAJMET.NS,RAJNANDINI METAL LIMITED,EQ,2026-10-01,3.10,851558400.00,85.16,1.00,276480000,Listed
RAJOOENG.NS,RAJOO ENGINEERS LIMITED,BE,2026-10-01,53.20,9507312340.55,950.73,1.00,178675293,Listed
RAJPALAYAM.NS,RAJAPALAYAM MILLS LTD.,EQ,2026-10-01,738.00,6804507600.00,680.45,10.00,9220200,Permitted
RAJPUTANA.NS,RAJPUTANA BIODIESEL LTD,SM,2026-10-01,199.75,1404941625.00,140.49,10.00,7033500,Listed
RAJRATAN.NS,RAJRATAN GLOBAL WIRE LTD,EQ,2026-10-01,453.55,23027187050.00,2302.72,2.00,50771000,Listed
RAJRILTD.NS,RAJ RAYON INDUSTRIES LTD,BE,2026-10-01,20.00,11121649900.00,1112.16,1.00,556082495,Listed
RAJSREESUG.NS,RAJSHREE SUGAR & CHEMICAL,EQ,2026-10-01,27.75,918850354.40,91.89,10.00,33135606,Listed
RAJTV.NS,RAJ TV NETWORK LTD,BE,2026-10-01,10.80,560664115.20,56.07,5.00,51913344,Listed
RALLIS.NS,RALLIS INDIA LTD,EQ,2026-10-01,199.70,38833492644.10,3883.35,1.00,194468890,Listed
RAMANEWS.NS,SHREE RAMA NEWSPRINT LTD,EQ,2026-10-01,29.40,4334197300.15,433.42,10.00,147522032,Listed
RAMAPHO.NS,RAMA PHOSPHATES LIMITED,EQ,2026-10-01,120.05,4248140441.30,424.81,5.00,35386426,Listed
RAMASTEEL.NS,RAMA STEEL TUBES LIMITED,BE,2026-10-01,4.45,7313103176.15,731.31,1.00,1636040979,Listed
RAMBHAJO.NS,ADVIT JEWELS LIMITED,EQ,2026-10-01,288.75,13227637500.00,1322.76,10.00,45810000,Listed
RAMCOCEM.NS,THE RAMCO CEMENTS LIMITED,EQ,2026-10-01,830.85,196323523923.00,19632.35,1.00,236292380,Listed
RAMCOIND.NS,RAMCO INDUSTRIES LIMITED,EQ,2026-10-01,302.30,26252203588.00,2625.22,1.00,86841560,Listed
RAMCOSYS.NS,RAMCO SYSTEMS LTD.,EQ,2026-10-01,546.25,20537177710.00,2053.72,10.00,37596664,Listed
RAMKY.NS,RAMKY INFRA LTD,EQ,2026-10-01,274.60,19001713408.60,1900.17,10.00,69197791,Listed
RAMRAT.NS,RAM RATNA WIRES LIMITED,EQ,2026-10-01,616.55,57554370341.60,5755.44,5.00,93349072,Listed
RANASUG.NS,RANA SUGARS LTD.,EQ,2026-10-01,13.10,2008667085.60,200.87,10.00,153567820,Listed
RANEHOLDIN.NS,RANE HOLDINGS LIMITED,EQ,2026-10-01,1518.70,21683708528.30,2168.37,10.00,14277809,Listed
RAPIDFLEET.NS,RAPID FLEET MGT SERVICE L,SM,2026-10-01,199.40,1482499120.00,148.25,10.00,7434800,Listed
RAPPID.NS,RAPPID VALVES (INDIA) LTD,SM,2026-10-01,347.00,1801618448.00,180.16,10.00,5191984,Listed
RATEGAIN.NS,RATEGAIN TRAVEL TECHN LTD,EQ,2026-10-01,840.65,99644667253.30,9964.47,1.00,118532882,Listed
RATNAMANI.NS,RATNAMANI MET & TUB LTD.,EQ,2026-10-01,2619.40,183598984800.00,18359.90,2.00,70092000,Listed
RATNAVEER.NS,RATNAVEER PRECISION ENG L,EQ,2026-10-01,345.45,28992357607.50,2899.24,10.00,83926350,Listed
RAYMOND.NS,RAYMOND LTD,EQ,2026-10-01,1197.20,79702070753.20,7970.21,10.00,66573731,Listed
RAYMONDLSL.NS,RAYMOND LIFESTYLE LIMITED,EQ,2026-10-01,627.70,38241761923.30,3824.18,2.00,60923629,Listed
RAYMONDREL.NS,RAYMOND REALTY LIMITED,EQ,2026-10-01,648.45,43169735866.95,4316.97,10.00,66573731,Listed
RBA.NS,RESTAURANT BRAND ASIA LTD,EQ,2026-10-01,92.20,65667863592.60,6566.79,10.00,712078330,Listed
RBLBANK.NS,RBL BANK LIMITED,EQ,2026-10-01,411.40,638345716683.40,63834.57,10.00,1551642481,Listed
RBMINFRA.NS,RBM INFRACON LIMITED,SM,2026-10-01,242.00,2573186000.00,257.32,10.00,10633000,Listed
RBZJEWEL.NS,RBZ JEWELLERS LIMITED,BE,2026-10-01,196.85,7874800000.00,787.48,10.00,40000000,Listed
RCDL.NS,RAJGOR CASTOR DERIVATI L,SM,2026-10-01,17.00,813138968.00,81.31,10.00,47831704,Listed
RCF.NS,RASHTRIYA CHEMICALS & FER,EQ,2026-10-01,106.80,58920289080.00,5892.03,10.00,551688100,Listed
RCOM.NS,RELIANCE COMMUNICATIONS L,BE,2026-10-01,0.85,2378358423.00,237.84,5.00,2765533050,Listed
READYMIX.NS,READYMIX CONSTRU MACHI L,SM,2026-10-01,59.55,652578675.00,65.26,10.00,10958500,Listed
RECLTD.NS,REC LIMITED,EQ,2026-10-01,287.75,757710206000.00,75771.02,10.00,2633224000,Listed
REDINGTON.NS,REDINGTON LIMITED,EQ,2026-10-01,397.95,311107134816.45,31110.71,2.00,781774431,Listed
REDTAPE.NS,REDTAPE LIMITED,EQ,2026-10-01,115.30,63733188204.00,6373.32,2.00,552807600,Listed
REFEX.NS,REFEX INDUSTRIES LIMITED,EQ,2026-10-01,271.30,37230105072.40,3723.01,2.00,137228548,Listed
REFRACTORY.NS,REFRACTORY SHAPES LIMITED,SM,2026-10-01,38.65,842570000.00,84.26,10.00,21800000,Listed
REGAAL.NS,REGAAL RESOURCES LIMITED,EQ,2026-10-01,86.00,8856442021.40,885.64,5.00,102993860,Listed
REGENCERAM.NS,REGENCY CERAMICS LTD.,EQ,2026-10-01,32.00,845601920.30,84.56,10.00,26441586,Listed
RELAXO.NS,RELAXO FOOT LTD.,EQ,2026-10-01,285.35,71034625515.10,7103.46,1.00,248938586,Listed
RELCHEMQ.NS,RELIANCE CHEMOTEX IND LTD,EQ,2026-10-01,114.35,862681864.70,86.27,10.00,7543563,Listed
RELIABLE.NS,RELIABLE DATA SERVICE LTD,EQ,2026-10-01,140.75,1452333600.00,145.23,10.00,10320000,Listed
RELIANCE.NS,RELIANCE INDUSTRIES LTD,EQ,2026-10-01,1167.70,15801945465679.40,1580194.55,10.00,13532538722,Listed
RELIGARE.NS,RELIGARE ENTER. LTD.,EQ,2026-10-01,224.60,76637686115.80,7663.77,10.00,341233742,Listed
RELINFRA.NS,RELIANCE INFRASTRUCTU LTD,BE,2026-10-01,46.50,18993177897.10,1899.32,10.00,408631194,Listed
RELTD.NS,RAVINDRA ENERGY LIMITED,EQ,2026-10-01,147.00,29182791399.90,2918.28,10.00,198549404,Listed
REMSONSIND.NS,REMSONS INDUSTRIES LTD,EQ,2026-10-01,112.55,3925607251.75,392.56,2.00,34878785,Listed
REMUS.NS,REMUS PHARMACEUTICALS L,SM,2026-10-01,861.85,10156040400.00,1015.60,10.00,11784000,Listed
RENTOMOJO.NS,RENTOMOJO LIMITED,EQ,2026-10-01,524.60,54618636670.40,5461.86,1.00,104114824,Listed
RENUKA.NS,SHREE RENUKA SUGARS LTD,EQ,2026-10-01,21.35,45421971755.80,4542.20,1.00,2128489773,Listed
REPCOHOME.NS,REPCO HOME FINANCE LTD,EQ,2026-10-01,337.75,21130100015.50,2113.01,10.00,62561362,Listed
REPL.NS,RUDRABHISHEK ENTERP LTD,EQ,2026-10-01,58.00,1050923775.00,105.09,10.00,18122500,Listed
REPRO.NS,REPRO INDIA LIMITED,EQ,2026-10-01,303.90,4359548218.20,435.95,10.00,14345338,Listed
RESPONIND.NS,RESPONSIVE INDUSTRIES LTD,EQ,2026-10-01,162.60,43347883168.95,4334.79,1.00,266608544,Listed
RETAIL.NS,JHS SVENDGAARD RETAIL V L,EQ,2026-10-01,34.95,286586678.00,28.66,10.00,8204600,Listed
REXPRO.NS,REXPRO ENTERPRISES LTD,SM,2026-10-01,33.50,375416410.00,37.54,10.00,11206460,Listed
RGL.NS,RENAISSANCE GLOBAL LTD,EQ,2026-10-01,162.50,17453145287.50,1745.31,2.00,107403971,Listed
RHETAN.NS,RHETAN TMT LIMITED,EQ,2026-10-01,16.65,13260000000.00,1326.00,1.00,796875000,Listed
RHFL.NS,RELIANCE HOME FINANCE LTD,BZ,2026-10-01,1.60,770443535.95,77.04,10.00,484555683,Listed
RHIM.NS,RHI MAGNESITA INDIA LTD,EQ,2026-10-01,384.85,79472073796.10,7947.21,1.00,206501426,Listed
RHL.NS,ROBUST HOTELS LIMITED,EQ,2026-10-01,162.90,2817163112.30,281.72,10.00,17291696,Listed
RICOAUTO.NS,RICO AUTO INDUSTRIES LTD,EQ,2026-10-01,121.65,16454714550.00,1645.47,1.00,135285000,Listed
RIIL.NS,RELIANCE INDUSTRIAL INFRA,EQ,2026-10-01,666.85,10069435000.00,1006.94,10.00,15100000,Listed
RILINFRA.NS,RACHANA INFRA LTD,SM,2026-10-01,31.80,591639000.00,59.16,10.00,18605000,Listed
RIR.NS,RIR POWER ELECTRONICS L,EQ,2026-10-01,176.95,14081927628.00,1408.19,2.00,79572400,Listed
RISHABH.NS,RISHABH INSTRUMENTS LTD,EQ,2026-10-01,698.80,27041444033.60,2704.14,10.00,38696972,Listed
RITCO.NS,RITCO LOGISTICS LIMITED,EQ,2026-10-01,276.70,7919916861.90,791.99,10.00,28622757,Listed
RITES.NS,RITES LIMITED,EQ,2026-10-01,209.50,100676878577.50,10067.69,10.00,480603774,Listed
RKDL.NS,RAVI KUMAR DIST. LTD.,EQ,2026-10-01,17.25,413760000.00,41.38,10.00,24000000,Listed
RKEC.NS,RKEC PROJECTS LIMITED,BE,2026-10-01,21.95,566503964.00,56.65,10.00,25820600,Listed
RKFORGE.NS,RAMKRISHNA FORGINGS LTD,EQ,2026-10-01,695.45,126690138322.65,12669.01,2.00,182170017,Listed
RKSWAMY.NS,R K SWAMY LIMITED,EQ,2026-10-01,86.45,4364262256.85,436.43,5.00,50477241,Listed
RMC.NS,RMC SWITCHGEARS LIMITED,EQ,2026-10-01,202.55,2143569405.90,214.36,10.00,10581870,Listed
RMDRIP.NS,R M DRIP & SPRINK SYS LTD,BE,2026-10-01,23.50,10059089132.80,1005.91,1.00,428228571,Listed
RML.NS,RANE (MADRAS) LIMITED,EQ,2026-10-01,1343.20,37122202418.40,3712.22,10.00,27637137,Listed
RNBDENIMS.NS,R&B DENIMS LIMITED,BE,2026-10-01,9.05,2437380489.60,243.74,1.00,269920320,Listed
RNFI.NS,RNFI SERVICES LIMITED,SM,2026-10-01,303.35,7703252609.05,770.33,10.00,25393943,Listed
RNPL.NS,RENOL POLYCHEM LIMITED,SM,2026-10-01,68.95,833223654.90,83.32,10.00,12084462,Listed
ROCKINGDCE.NS,ROCKINGDEALS CIRCU ECO L,SM,2026-10-01,219.20,1240452800.00,124.05,10.00,5659000,Listed
ROHLTD.NS,ROYAL ORCHID HOTELS LTD,EQ,2026-10-01,298.65,8190540459.75,819.05,10.00,27425215,Listed
ROLEXRINGS.NS,ROLEX RINGS LIMITED,EQ,2026-10-01,196.35,51511731443.20,5151.17,1.00,262333120,Listed
ROLLT.NS,ROLLATAINERS LIMITED,BE,2026-10-01,4.75,1185616200.00,118.56,1.00,250130000,Listed
ROML.NS,RAJ OIL MILLS LIMITED,EQ,2026-10-01,43.35,649609564.55,64.96,10.00,14988684,Listed
ROSSARI.NS,ROSSARI BIOTECH LIMITED,EQ,2026-10-01,427.55,23683754295.80,2368.38,2.00,55394116,Listed
ROSSELLIND.NS,ROSSELL INDIA LIMITED,EQ,2026-10-01,50.20,3135147719.40,313.51,2.00,62428270,Listed
ROSSTECH.NS,ROSSELL TECHSYS LIMITED,EQ,2026-10-01,1522.30,57385343892.50,5738.53,2.00,37696475,Listed
ROTO.NS,ROTO PUMPS LIMITED,EQ,2026-10-01,62.65,11808005055.60,1180.80,1.00,188445660,Listed
ROUTE.NS,ROUTE MOBILE LIMITED,EQ,2026-10-01,436.40,27494544984.80,2749.45,10.00,63003082,Listed
ROXHITECH.NS,ROX HI TECH LIMITED,SM,2026-10-01,52.05,1247566358.70,124.76,10.00,23968614,Listed
RPEL.NS,RAGHAV PRODUCTIVITY ENH L,EQ,2026-10-01,1818.90,83527434855.00,8352.74,10.00,45921950,Listed
RPGLIFE.NS,RPG LIFE SCIENCES LTD,EQ,2026-10-01,2930.70,48470891260.50,4847.09,8.00,16539015,Listed
RPOWER.NS,RELIANCE POWER LTD.,EQ,2026-10-01,19.40,80275314450.05,8027.53,10.00,4135770966,Listed
RPPINFRA.NS,R.P.P INFRA PROJECTS LTD,EQ,2026-10-01,52.60,2608219286.80,260.82,10.00,49585918,Listed
RPPL.NS,RAJSHREE POLYPACK LTD,BE,2026-10-01,19.60,1455182400.00,145.52,5.00,74244000,Listed
RPSGVENT.NS,RPSG VENTURES LIMITED,EQ,2026-10-01,829.85,27456756508.65,2745.68,10.00,33086409,Listed
RPTECH.NS,RASHI PERIPHERALS LIMITED,EQ,2026-10-01,953.15,63294636799.90,6329.46,5.00,66405746,Listed
RRECL.NS,RDB REAL ESTATE CONS L,EQ,2026-10-01,131.45,3458502264.00,345.85,10.00,26308400,Permitted
RRIL.NS,R R I L LTD.,EQ,2026-10-01,15.10,1831547921.90,183.15,5.00,121214290,Permitted
RRKABEL.NS,R R KABEL LIMITED,EQ,2026-10-01,2518.20,284822282691.00,28482.23,5.00,113105505,Listed
RSDFIN.NS,R S D FINANCE LTD.,BE,2026-10-01,91.35,1182660948.00,118.27,5.00,12946480,Permitted
RSL.NS,RAJPUTANA STAINLESS LTD,EQ,2026-10-01,174.45,14576706584.95,1457.67,10.00,83567658,Listed
RSSOFTWARE.NS,R. S. SOFTWARE (INDIA) LI,EQ,2026-10-01,30.05,775969578.45,77.60,5.00,25831211,Listed
RSWM.NS,RSWM LIMITED,EQ,2026-10-01,202.20,9524431521.65,952.44,10.00,47101684,Listed
RSYSTEMS.NS,R SYS INTERNATIONAL LTD,EQ,2026-10-01,263.60,31235534528.80,3123.55,1.00,118495958,Listed
RTNINDIA.NS,RATTANINDIA ENT LIMITED,EQ,2026-10-01,25.30,34999066069.45,3499.91,2.00,1382269592,Listed
RTNPOWER.NS,RATTANINDIA POWER LIMITED,EQ,2026-10-01,6.75,36194513496.40,3619.45,10.00,5370105860,Listed
RTSPOWR.NS,R T S POWER CORPN. LTD.,EQ,2026-10-01,114.10,1046125850.00,104.61,10.00,9168500,Permitted
RUBFILA.NS,RUBFILA INTERNATIONAL LTD,EQ,2026-10-01,63.25,3432421209.25,343.24,5.00,54267529,Listed
RUBICON.NS,RUBICON RESEARCH LIMITED,EQ,2026-10-01,1630.90,269965988757.20,26996.60,1.00,165531908,Listed
RUBYMILLS.NS,THE RUBY MILLS LTD,EQ,2026-10-01,499.65,16708296000.00,1670.83,5.00,33440000,Listed
RUCHINFRA.NS,RUCHI INFRASTRUCTURE LTD,EQ,2026-10-01,4.85,1142360719.30,114.24,1.00,236024942,Listed
RUCHIRA.NS,RUCHIRA PAPERS LIMITED,EQ,2026-10-01,101.30,3023595430.35,302.36,10.00,29844985,Listed
RUDRA.NS,RUDRA GLOBAL INFRA PROD L,EQ,2026-10-01,18.25,1829267984.45,182.93,5.00,100343828,Listed
RULKA.NS,RULKA ELECTRICALS LIMITED,SM,2026-10-01,107.30,526671320.00,52.67,10.00,4908400,Listed
RUPA.NS,RUPA & COMPANY LTD,EQ,2026-10-01,130.60,10384317044.80,1038.43,1.00,79524560,Listed
RUSHIL.NS,RUSHIL DECOR LIMITED,EQ,2026-10-01,15.90,4665327438.00,466.53,1.00,293416820,Listed
RUSTOMJEE.NS,KEYSTONE REALTORS LIMITED,EQ,2026-10-01,361.25,45608090301.25,4560.81,10.00,126250769,Listed
RVHL.NS,RAVINDER HEIGHTS LIMITED,EQ,2026-10-01,37.25,2283157523.60,228.32,1.00,61325746,Listed
RVNL.NS,RAIL VIKAS NIGAM LIMITED,EQ,2026-10-01,197.00,410748959700.00,41074.90,10.00,2085020100,Listed
RVTH.NS,REVATHI EQUIPMENT INDIA L,EQ,2026-10-01,776.70,2382094628.10,238.21,10.00,3066943,Listed
S&SPOWER.NS,S&S POWER SWITCHGEARS LTD,EQ,2026-10-01,294.10,3629649855.00,362.96,10.00,12341550,Listed
SAAKSHI.NS,SAAKSHI MEDTEC N PANELS L,ST,2026-10-01,365.00,7178184535.00,717.82,10.00,19666259,Listed
SAATVIKGL.NS,SAATVIK GREEN ENERGY LTD,EQ,2026-10-01,405.55,51547434372.20,5154.74,2.00,127105004,Listed
SAB.NS,S A B INDUSTRIES LTD.,EQ,2026-10-01,170.00,2585713260.00,258.57,10.00,15210078,Permitted
SACHEEROME.NS,SACHEEROME LIMITED,SM,2026-10-01,499.65,11178569520.00,1117.86,10.00,22372800,Listed
SADBHAV.NS,SADBHAV ENGINEERING LTD,EQ,2026-10-01,6.80,1166681440.00,116.67,1.00,171570800,Listed
SADBHIN.NS,SADBHAV INFRA PROJ LTD.,EQ,2026-10-01,2.60,922830065.90,92.28,10.00,352225216,Listed
SADHAV.NS,SADHAV SHIPPING LIMITED,SM,2026-10-01,117.15,1889985987.45,189.00,10.00,16133043,Listed
SADHNANIQ.NS,SADHANA NITROCHEM LIMITED,BE,2026-10-01,2.45,7489520130.95,748.95,1.00,3032194385,Listed
SAFARI.NS,SAFARI IND (INDIA) LTD,EQ,2026-10-01,1378.80,67557485512.80,6755.75,2.00,48997306,Listed
SAFEENTP.NS,SAFE ENTER RETAIL FIX LTD,SM,2026-10-01,247.25,11522957185.50,1152.30,5.00,46604478,Listed
SAGARDEEP.NS,SAGARDEEP ALLOYS LIMITED,EQ,2026-10-01,22.50,384132648.00,38.41,10.00,17057400,Listed
SAGCEM.NS,SAGAR CEMENTS LIMITED,EQ,2026-10-01,150.00,19607439275.50,1960.74,2.00,130707548,Listed
SAGILITY.NS,SAGILITY LIMITED,EQ,2026-10-01,43.15,202092947589.20,20209.29,10.00,4681328413,Listed
SAHAJSOLAR.NS,SAHAJ SOLAR LIMITED,SM,2026-10-01,86.55,1901678331.00,190.17,10.00,21972020,Listed
SAHANA.NS,SAHANA SYSTEM LIMITED,SM,2026-10-01,794.55,8425825338.75,842.58,10.00,10604525,Listed
SAHASRA.NS,SAHASRA ELECTRONIC SOLU L,SM,2026-10-01,477.05,11922797589.15,1192.28,10.00,24992763,Listed
SAHLIBHFI.NS,SHALIBHADRA FINANCE LTD,EQ,2026-10-01,78.75,2432152616.00,243.22,10.00,30888400,Listed
SAHYADRI.NS,SAHYADRI INDUSTRIES LTD,EQ,2026-10-01,355.65,3893051595.00,389.31,10.00,10946300,Listed
SAICAPI.NS,SAI CAPITAL LTD.,EQ,2026-10-01,155.00,446291500.00,44.63,10.00,2879300,Permitted
SAIFL.NS,SAMEERA AGRO AND INFRA L,SM,2026-10-01,4.10,110494180.00,11.05,10.00,26949800,Listed
SAIL.NS,STEEL AUTHORITY OF INDIA,EQ,2026-10-01,174.50,720776662930.50,72077.67,10.00,4130525289,Listed
SAILIFE.NS,SAI LIFE SCIENCES LIMITED,EQ,2026-10-01,1541.20,327341965699.20,32734.20,1.00,212394216,Listed
SAIPARENT.NS,SAI PARENTERALS LIMITED,EQ,2026-10-01,523.65,23134454313.15,2313.45,5.00,44179231,Listed
SAKAR.NS,SAKAR HEALTHCARE LIMITED,EQ,2026-10-01,1075.00,23918653250.00,2391.87,10.00,22249910,Listed
SAKHTISUG.NS,SAKTHI SUGARS LTD,EQ,2026-10-01,17.60,2089366052.90,208.94,10.00,118849036,Listed
SAKSOFT.NS,SAKSOFT LIMITED,EQ,2026-10-01,139.35,18468365662.50,1846.84,1.00,132551250,Listed
SAKUMA.NS,SAKUMA EXPORTS LIMITED,EQ,2026-10-01,1.55,2414286705.60,241.43,1.00,1567718640,Listed
SALASAR.NS,SALASAR TECHNO ENGG. LTD.,EQ,2026-10-01,4.15,7219034697.70,721.90,1.00,1747950290,Listed
SALONA.NS,SALONA COTSPIN LTD.,EQ,2026-10-01,254.35,1338491440.00,133.85,10.00,5262400,Listed
SALSTEEL.NS,S.A.L. STEEL LTD.,EQ,2026-10-01,98.90,14320321964.00,1432.03,10.00,144766700,Listed
SALZERELEC.NS,SALZER ELECTRONICS LTD,EQ,2026-10-01,530.90,9387765073.30,938.78,10.00,17682737,Listed
SAMAY.NS,SAMAY PROJECT SERVICES L,ST,2026-10-01,45.40,696859128.00,69.69,10.00,15349320,Listed
SAMBANDAM.NS,SAMBANDAM SPINNING MILL L,EQ,2026-10-01,107.10,456738660.00,45.67,10.00,4264600,Permitted
SAMBHAAV.NS,SAMBHAAV MEDIA LTD,EQ,2026-10-01,5.40,1035820752.80,103.58,1.00,191110840,Listed
SAMBHV.NS,SAMBHV STEEL TUBES LTD,EQ,2026-10-01,161.45,47574702212.05,4757.47,10.00,294671429,Listed
SAMHI.NS,SAMHI HOTELS LIMITED,EQ,2026-10-01,154.35,34325662566.65,3432.57,1.00,222359672,Listed
SAMMAANCAP.NS,SAMMAAN CAPITAL LIMITED,EQ,2026-10-01,132.50,153881259166.10,15388.13,2.00,1161543321,Listed
SAMPANN.NS,SAMPANN UTPADAN INDIA LTD,EQ,2026-10-01,24.00,1171928100.00,117.19,10.00,48810000,Listed
SANATHAN.NS,SANATHAN TEXTILES LIMITED,EQ,2026-10-01,504.35,42569187156.65,4256.92,10.00,84404059,Listed
SANDESH.NS,SANDESH LTD,EQ,2026-10-01,990.05,7494105261.05,749.41,10.00,7569421,Listed
SANDHAR.NS,SANDHAR TECHNOLOGIES LTD,EQ,2026-10-01,563.85,33938530705.80,3393.85,10.00,60190708,Listed
SANDUMA.NS,SANDUR MANG & IRON ORES L,EQ,2026-10-01,177.65,86366242303.40,8636.62,10.00,486104814,Listed
SANGAMIND.NS,SANGAM (INDIA) LTD,EQ,2026-10-01,634.55,31883954013.45,3188.40,10.00,50246559,Listed
SANGANI.NS,SANGANI HOSPITALS LIMITED,SM,2026-10-01,54.15,746024008.50,74.60,10.00,13776990,Listed
SANGHVIMOV.NS,SANGHVI MOVERS LTD,EQ,2026-10-01,429.50,37184392000.00,3718.44,1.00,86576000,Listed
SANGINITA.NS,,,2026-10-01,,,,,,
SANOFI.NS,SANOFI INDIA LIMITED,EQ,2026-10-01,3037.40,69953211262.80,6995.32,10.00,23030622,Listed
SANOFICONR.NS,SANOFI CONS HEALTHC IND L,EQ,2026-10-01,3787.20,87221571638.40,8722.16,10.00,23030622,Listed
SANSERA.NS,SANSERA ENGINEERING LTD,EQ,2026-10-01,4276.60,266875098908.80,26687.51,2.00,62403568,Listed
SANSTAR.NS,SANSTAR LIMITED,EQ,2026-10-01,103.00,20627645921.00,2062.76,2.00,200268407,Listed
SANWARIA.NS,SANWARIA CONSUMER LIMITED,BZ,2026-10-01,0.20,139859000.00,13.99,1.00,736100000,Listed
SAPPHIRE.NS,SAPPHIRE FOODS INDIA LTD,EQ,2026-10-01,209.80,67432561127.10,6743.26,2.00,321382905,Listed
SAPPL.NS,SHREE AJIT PULP & PAPER L,EQ,2026-10-01,308.50,2730454524.00,273.05,10.00,8850744,Permitted
SARDAEN.NS,SARDA ENERGY & MIN LTD,EQ,2026-10-01,494.75,174340633332.50,17434.06,1.00,352381270,Listed
SAREGAMA.NS,SAREGAMA INDIA LIMITED,EQ,2026-10-01,494.75,95392495177.50,9539.25,1.00,192809490,Listed
SARLAPOLY.NS,SARLA PERF. FIBERS LTD,EQ,2026-10-01,92.00,7315866060.00,731.59,1.00,79503000,Listed
SARTELE.NS,SAR TELEVENTURE LIMITED,SM,2026-10-01,96.85,4856785375.00,485.68,2.00,50147500,Listed
SARVESHWAR.NS,SARVESHWAR FOODS LIMITED,EQ,2026-10-01,3.45,4236795053.35,423.68,1.00,1231626469,Listed
SASKEN.NS,SASKEN TECHNOLOGIES LTD,EQ,2026-10-01,1720.50,26136960265.50,2613.70,10.00,15191491,Listed
SATECH.NS,S A TECH SOFTWARE INDIA L,SM,2026-10-01,35.00,457004835.00,45.70,10.00,13057281,Listed
SATIA.NS,SATIA INDUSTRIES LIMITED,EQ,2026-10-01,68.35,6834000000.00,683.40,1.00,100000000,Listed
SATIN.NS,SATIN CREDIT NET LTD,EQ,2026-10-01,227.45,25128830408.55,2512.88,10.00,110470965,Listed
SATIPOLY.NS,SATI POLY PLAST LIMITED,SM,2026-10-01,32.50,160777500.00,16.08,10.00,4947000,Listed
SATKARTAR.NS,SAT KARTAR LIFE LIMITED,SM,2026-10-01,184.10,2907910311.60,290.79,10.00,15795276,Listed
SATTVAENGG.NS,SATTVA ENGINEERING CSTN L,SM,2026-10-01,55.05,961647310.80,96.16,10.00,17468616,Listed
SAURASHCEM.NS,SAURASHTRA CEMENT LIMITED,EQ,2026-10-01,53.35,5939402133.60,593.94,10.00,111287280,Listed
SAVY.NS,SAVY INFRA AND LOGI LTD,SM,2026-10-01,134.85,2806023528.00,280.60,10.00,20808480,Listed
SAWALIYA.NS,SAWALIYA FOOD PRODUCTS L,SM,2026-10-01,178.00,1765443160.00,176.54,10.00,9918220,Listed
SAYAJIHOTL.NS,SAYAJI HOTELS LTD.,EQ,2026-10-01,304.00,5325465008.00,532.55,10.00,17517977,Permitted
SAYAJIIND.NS,SAYAJI INDUSTRIES LTD.,EQ,2026-10-01,119.50,3020960000.00,302.10,5.00,25280000,Permitted
SBC.NS,SBC EXPORTS LIMITED,EQ,2026-10-01,58.55,27876162600.00,2787.62,1.00,476190000,Listed
SBCL.NS,SHIVALIK BIMETAL CON. LTD,EQ,2026-10-01,1066.40,61429118880.00,6142.91,2.00,57604200,Listed
SBFC.NS,SBFC FINANCE LIMITED,EQ,2026-10-01,84.20,93368609915.75,9336.86,10.00,1109022567,Listed
SBGLP.NS,SURATWWALA BUS GROUP LTD,EQ,2026-10-01,22.75,3945224010.00,394.52,1.00,173416440,Listed
SBIBPB.NS,,,2026-10-01,,,,,,
SBICARD.NS,SBI CARDS & PAY SER LTD,EQ,2026-10-01,563.20,535965392793.60,53596.54,10.00,951643098,Listed
SBIETFCON.NS,,,2026-10-01,,,,,,
SBIETFIT.NS,,,2026-10-01,,,,,,
SBIETFPB.NS,,,2026-10-01,,,,,,
SBIETFQLTY.NS,,,2026-10-01,,,,,,
SBIFUNDS.NS,SBI FUNDS MANAGEMENT LTD,EQ,2026-10-01,500.35,1019126695664.20,101912.67,1.00,2036827612,Listed
SBILIFE.NS,SBI LIFE INSURANCE CO LTD,EQ,2026-10-01,1721.60,1727462173676.80,172746.22,10.00,1003405073,Listed
SBILIQETF.NS,,,2026-10-01,,,,,,
SBIMIDMOM.NS,,,2026-10-01,,,,,,
SBIN.NS,STATE BANK OF INDIA,EQ,2026-10-01,954.10,8807074590522.60,880707.46,1.00,9230766786,Listed
SBINEQWETF.NS,,,2026-10-01,,,,,,
SBINMID150.NS,,,2026-10-01,,,,,,
SBISILVER.NS,,,2026-10-01,,,,,,
SBISMLETF.NS,,,2026-10-01,,,,,,
SBIVALETF.NS,,,2026-10-01,,,,,,
SCANSTL.NS,SCAN STEELS LTD.,BE,2026-10-01,48.20,2824044596.05,282.40,10.00,58602295,Permitted
SCHAEFFLER.NS,SCHAEFFLER INDIA LIMITED,EQ,2026-10-01,3885.60,607333540152.00,60733.35,2.00,156303670,Listed
SCHAND.NS,S CHAND AND COMPANY LTD,EQ,2026-10-01,143.55,5064028605.45,506.40,5.00,35272192,Listed
SCHNEIDER.NS,SCHNEIDER ELECTRIC INFRA,EQ,2026-10-01,1275.40,304953286239.00,30495.33,2.00,239104035,Listed
SCI.NS,SHIPPING CORP OF INDIA LT,EQ,2026-10-01,267.05,124391625620.50,12439.16,10.00,465799010,Listed
SCILAL.NS,SHIPPING CORP OF ILA LTD,EQ,2026-10-01,36.65,17071533716.50,1707.15,10.00,465799010,Listed
SCML.NS,SHARP CHUCKS N MACHINES L,SM,2026-10-01,83.50,1210482132.00,121.05,10.00,14496792,Listed
SCODATUBES.NS,SCODA TUBES LIMITED,EQ,2026-10-01,123.00,7368794700.00,736.88,10.00,59908900,Listed
SCPL.NS,SHEETAL COOL PRODUCTS LTD,BE,2026-10-01,620.45,6514725000.00,651.47,10.00,10500000,Listed
SDBL.NS,SOM DIST & BREW LTD,EQ,2026-10-01,74.95,14612433094.10,1461.24,2.00,194988432,Listed
SDREAMS.NS,S D RETAIL LIMITED,SM,2026-10-01,81.00,1516513266.00,151.65,10.00,18722386,Listed
SEAMECLTD.NS,SEAMEC LIMITED,EQ,2026-10-01,1594.70,40545247500.00,4054.52,10.00,25425000,Listed
SECLEDBETA.NS,,,2026-10-01,,,,,,
SECMARK.NS,SECMARK CONSULTANCY LTD,EQ,2026-10-01,137.50,1436253560.00,143.63,10.00,10447000,Listed
SECURKLOUD.NS,SECUREKLOUD TECH LIMITED,EQ,2026-10-01,16.75,560295845.85,56.03,5.00,33410605,Listed
SEDEMAC.NS,SEDEMAC MECHATRONICS LTD,EQ,2026-10-01,3432.80,151628492400.00,15162.85,10.00,44170500,Listed
SEIL.NS,SHANTI EDU INITIATIVES L,EQ,2026-10-01,186.70,30055480000.00,3005.55,1.00,161000000,Permitted
SEJALLTD.NS,SEJAL GLASS LIMITED,EQ,2026-10-01,656.50,7484100000.00,748.41,10.00,11400000,Listed
SEKURITIND.NS,SAINT GOBAIN SEKUR IND L,EQ,2026-10-01,109.20,9947831383.00,994.78,10.00,91105700,Permitted
SEL.NS,SUNGARNER ENERGIES LTD,SM,2026-10-01,310.10,719044375.00,71.90,10.00,2318750,Listed
SELECTIPO.NS,,,2026-10-01,,,,,,
SELLOWRAP.NS,SELLOWRAP INDUSTRIES LTD,SM,2026-10-01,62.00,852141640.00,85.21,10.00,13744220,Listed
SEMAC.NS,SEMAC CONSTRUCTION LTD,EQ,2026-10-01,242.00,754357362.90,75.44,10.00,3117308,Listed
SENCO.NS,SENCO GOLD LIMITED,EQ,2026-10-01,317.40,52022164386.60,5202.22,5.00,163900959,Listed
SENORES.NS,SENORES PHARMACEUTICALS L,EQ,2026-10-01,1349.60,62153922364.80,6215.39,10.00,46053588,Listed
SENSEXADD.NS,,,2026-10-01,,,,,,
SENSEXAXIS.NS,,,2026-10-01,,,,,,
SENSEXBETA.NS,,,2026-10-01,,,,,,
SENSEXETF.NS,,,2026-10-01,,,,,,
SENSEXIETF.NS,,,2026-10-01,,,,,,
SEPC.NS,SEPC LIMITED,EQ,2026-10-01,5.10,9755498695.70,975.55,10.00,1920373759,Listed
SERVOTECH.NS,SERVOTECH REN POW SYS LTD,EQ,2026-10-01,69.20,15628498081.60,1562.85,1.00,225845348,Listed
SESHAPAPER.NS,SESHASAYEE PAPER & BOARDS,EQ,2026-10-01,236.35,14906154889.00,1490.62,2.00,63068140,Listed
SETCO.NS,SETCO AUTOMOTIVE LTD,BE,2026-10-01,18.15,2425200695.75,242.52,2.00,133767275,Listed
SETF10GILT.NS,,,2026-10-01,,,,,,
SETFGOLD.NS,,,2026-10-01,,,,,,
SETFNIF50.NS,,,2026-10-01,,,,,,
SETFNIFBK.NS,,,2026-10-01,,,,,,
SETFNN50.NS,,,2026-10-01,,,,,,
SETL.NS,STANDARD ENGNG TCNLGY LTD,EQ,2026-10-01,416.95,83178048470.90,8317.80,10.00,199491662,Listed
SETUINFRA.NS,SETUBANDHAN INFRA LTD,BZ,2026-10-01,0.50,64095912.60,6.41,1.00,125678260,Listed
SEYAIND.NS,SEYA INDUSTRIES LIMITED,BE,2026-10-01,13.20,350465422.60,35.05,10.00,26570540,Listed
SFL.NS,SHEELA FOAM LIMITED,EQ,2026-10-01,616.65,67340223578.10,6734.02,5.00,109203314,Listed
SFML.NS,SUPREME FACILITY MGMT LTD,SM,2026-10-01,19.50,484169400.00,48.42,10.00,24829200,Listed
SGFIN.NS,SG FINSERVE LIMITED,EQ,2026-10-01,631.85,41635755750.00,4163.58,10.00,65895000,Listed
SGIL.NS,SYNERGY GREEN IND. LTD,EQ,2026-10-01,613.85,9541070550.00,954.11,10.00,15543000,Listed
SGL.NS,STL GLOBAL LIMITED,EQ,2026-10-01,8.50,229422769.00,22.94,10.00,26990914,Listed
SGLRES.NS,SGL RESOURCES LIMITED,EQ,2026-10-01,2.25,568589146.00,56.86,2.00,250479800,Permitted
SGMART.NS,SG MART LIMITED,EQ,2026-10-01,742.20,93543325440.00,9354.33,1.00,126035200,Listed
SGRL.NS,SHREE GANESH REMEDIES LTD,EQ,2026-10-01,694.25,8910644598.50,891.06,10.00,12834922,Permitted
SHADOWFAX.NS,SHADOWFAX TECHNOLOGIES L,EQ,2026-10-01,273.15,160308424422.00,16030.84,10.00,586887880,Listed
SHAH.NS,SHAH METACORP LIMITED,EQ,2026-10-01,3.05,2976593910.85,297.66,1.00,982374228,Listed
SHAHALLOYS.NS,SHAH ALLOYS LIMITED,BE,2026-10-01,85.35,1690115989.80,169.01,10.00,19797540,Listed
SHAILY.NS,SHAILY ENG PLASTICS LTD,EQ,2026-10-01,3009.10,138404300756.80,13840.43,2.00,45995248,Listed
SHAKTIPUMP.NS,SHAKTI PUMPS (I) LTD,EQ,2026-10-01,454.10,56035015906.50,5603.50,10.00,123397965,Listed
SHALBY.NS,SHALBY LIMITED,EQ,2026-10-01,133.55,14424704783.50,1442.47,10.00,108009770,Listed
SHALPAINTS.NS,SHALIM PAINTS LTD,BE,2026-10-01,78.35,6557933684.50,655.79,2.00,83711178,Listed
SHANKARA.NS,SHANKARA BLDG PRODUCT LTD,EQ,2026-10-01,124.40,3016616154.40,301.66,10.00,24249326,Listed
SHANKESH.NS,SHANKESH JEWELLERS LTD,EQ,2026-10-01,87.95,12928472760.60,1292.85,5.00,147031420,Listed
SHANTI.NS,SHANTI OVERSEAS INDIA LTD,EQ,2026-10-01,5.50,61083000.00,6.11,10.00,11106000,Listed
SHANTIGEAR.NS,SHANTHI GEARS LTD,EQ,2026-10-01,573.65,44008049073.45,4400.80,1.00,76715853,Listed
SHANTIGOLD.NS,SHANTI GOLD INTERNATION L,EQ,2026-10-01,303.55,23294266422.05,2329.43,10.00,76739471,Listed
SHANTIINOR.NS,SHANTI INORGANICS LIMITED,SM,2026-10-01,172.95,2982937830.00,298.29,10.00,17247400,Listed
SHARDACROP.NS,SHARDA CROPCHEM LTD.,EQ,2026-10-01,709.20,63984375054.00,6398.44,10.00,90220495,Listed
SHARDAMOTR.NS,SHARDA MOTOR INDS LTD,EQ,2026-10-01,928.80,53320277332.80,5332.03,2.00,57407706,Listed
SHARDUL.NS,SHARDUL SECURITIES LTD.,BE,2026-10-01,58.00,5072795726.70,507.28,2.00,87492165,Permitted
SHAREINDIA.NS,SHARE IND. SECURITIES LTD,EQ,2026-10-01,205.10,44605444534.50,4460.54,2.00,217492050,Listed
SHARIABEES.NS,,,2026-10-01,,,,,,
SHBAJRG.NS,SHRI BAJRANG ALLIANCE L,EQ,2026-10-01,172.35,1550970000.00,155.10,10.00,9000000,Permitted
SHEETAL.NS,SHEETAL UNIVERSAL LIMITED,SM,2026-10-01,359.00,4206402641.00,420.64,10.00,11716999,Listed
SHEKHAWATI.NS,SHEKHAWATI INDUSTRIES LTD,BE,2026-10-01,30.10,1037547000.00,103.75,10.00,34470000,Listed
SHEMAROO.NS,SHEMAROO ENTER. LTD.,EQ,2026-10-01,115.20,3310017747.80,331.00,10.00,28730299,Listed
SHERA.NS,SHERA ENERGY LIMITED,SM,2026-10-01,190.00,4643475930.00,464.35,10.00,24439347,Listed
SHERVANI.NS,SHERVANI INDUSTRIAL SYN L,EQ,2026-10-01,335.00,861945955.00,86.19,10.00,2572973,Permitted
SHETHJI.NS,SHREEJI GLOBAL FMCG LTD,SM,2026-10-01,184.15,4191254000.00,419.13,10.00,22760000,Listed
SHIGAN.NS,SHIGAN QUANTUM TECH LTD,SM,2026-10-01,62.60,1272495240.00,127.25,10.00,20327400,Listed
SHILCTECH.NS,SHILCHAR TECHNOLOGIES LTD,EQ,2026-10-01,4033.00,46138326600.00,4613.83,10.00,11440200,Listed
SHILGRAVQ.NS,SHILP GRAVURES LTD.,EQ,2026-10-01,139.35,856974630.00,85.70,10.00,6149800,Permitted
SHILPAMED.NS,SHILPA MEDICARE LTD,EQ,2026-10-01,1064.10,208118610405.60,20811.86,1.00,195581816,Listed
SHINDL.NS,SHARAT INDUSTRIES LTD.,EQ,2026-10-01,159.10,6239803443.10,623.98,10.00,39214451,Permitted
SHIPROCKET.NS,SHIPROCKET LIMITED,EQ,2026-10-01,120.00,87294758888.25,8729.48,10.00,727577587,Listed
SHIVAAGRO.NS,SHIVA GLOBAL AGRO INDS. L,EQ,2026-10-01,39.20,391925460.00,39.19,10.00,9993000,Permitted
SHIVACEM.NS,SHIVA CEMENT LTD.,EQ,2026-10-01,13.35,3935300000.00,393.53,2.00,295000000,Permitted
SHIVALIK.NS,SHIVALIK RASAYAN LIMITED,EQ,2026-10-01,394.05,6206431328.25,620.64,5.00,15750365,Listed
SHIVAMAUTO.NS,SHIVAM AUTO.LTD,EQ,2026-10-01,17.05,2244623388.35,224.46,2.00,131495219,Listed
SHIVAMILLS.NS,SHIVA MILLS LIMITED,EQ,2026-10-01,56.60,489039914.70,48.90,10.00,8641808,Listed
SHIVASHRIT.NS,SHIVASHRIT FOODS LIMITED,SM,2026-10-01,113.75,2078098750.00,207.81,10.00,18269000,Listed
SHIVATEX.NS,SHIVA TEXYARN LIMITED,EQ,2026-10-01,172.60,2237364263.80,223.74,10.00,12962713,Listed
SHIVAUM.NS,SHIV AUM STEELS LIMITED,EQ,2026-10-01,554.60,7542781840.00,754.28,10.00,13600400,Listed
SHK.NS,S H KELKAR AND CO. LTD.,EQ,2026-10-01,137.85,19082691625.85,1908.27,10.00,138420801,Listed
SHKSIL.NS,SHRI HARE-KRI SPO IRON L,SM,2026-10-01,31.95,613154047.50,61.32,10.00,19191050,Listed
SHOPERSTOP.NS,SHOPPERS STOP LIMITED,EQ,2026-10-01,404.70,44600231411.40,4460.02,5.00,110205662,Listed
SHRADDHA.NS,SHRADDHA PRIME PROJECTS L,EQ,2026-10-01,155.10,6266195100.00,626.62,10.00,40401000,Permitted
SHRADHA.NS,SHRADHA REALTY LIMITED,EQ,2026-10-01,29.90,2421017307.50,242.10,2.00,80997568,Listed
SHREDIGCEM.NS,SHREE DIGVIJAY CEM CO LTD,EQ,2026-10-01,66.70,9864403199.80,986.44,10.00,147914278,Listed
SHREECEM.NS,SHREE CEMENT LIMITED,EQ,2026-10-01,21900.00,790168381200.00,79016.84,10.00,36080748,Listed
SHREEDHAR.NS,SHREEDHAR SPINNERS LTD,ST,2026-10-01,157.15,3368981700.00,336.90,10.00,21438000,Listed
SHREEJISPG.NS,SHREEJI SHIPPING GLOBAL L,EQ,2026-10-01,775.35,126318668238.90,12631.87,10.00,162918254,Listed
SHREEKARNI.NS,SHREE KARNI FABCOM LTD,SM,2026-10-01,378.00,2732467500.00,273.25,10.00,7228750,Listed
SHREEOSFM.NS,SHREE OSFM E-MOBILITY LTD,SM,2026-10-01,55.10,848727340.00,84.87,10.00,15403400,Listed
SHREEPUSHK.NS,SHRE PUSH CHEM & FERT LTD,EQ,2026-10-01,491.50,15893975126.50,1589.40,10.00,32337691,Listed
SHREERAMA.NS,SHREE RAMA MULTI TECH LTD,EQ,2026-10-01,43.15,5760479095.80,576.05,5.00,133468005,Listed
SHRENIK.NS,SHRENIK LIMITED,BZ,2026-10-01,0.30,171360000.00,17.14,1.00,612000000,Listed
SHREYANIND.NS,SHREYANS INDUSTRIES LTD,EQ,2026-10-01,126.30,1745959250.00,174.60,10.00,13825000,Listed
SHRIAHIMSA.NS,SHRI AHIMSA NATURALS LTD,SM,2026-10-01,422.50,10059091250.00,1005.91,10.00,23808500,Listed
SHRIKANHA.NS,SHRI KANHA STAINLESS LTD,SM,2026-10-01,21.95,342033680.00,34.20,10.00,15582400,Listed
SHRIKRISH.NS,SHRI KRISHNA DEVCON LTD.,EQ,2026-10-01,35.95,1006880000.00,100.69,10.00,28000000,Permitted
SHRINGARMS.NS,SHRINGAR HOU OF MANGALS L,EQ,2026-10-01,221.30,21341383624.80,2134.14,10.00,96432080,Listed
SHRIPISTON.NS,SPR AUTO TECHNOLOGIES LTD,EQ,2026-10-01,4490.50,208297554416.00,20829.76,10.00,46386272,Listed
SHRIRAMFIN.NS,SHRIRAM FINANCE LIMITED,EQ,2026-10-01,945.00,2223627557130.00,222362.76,2.00,2353045034,Listed
SHRIRAMPPS.NS,SHRIRAM PROPERTIES LTD,EQ,2026-10-01,67.35,11495279845.10,1149.53,10.00,170654392,Listed
SHRITECH.NS,SHRI TECHTEX LIMITED,SM,2026-10-01,58.80,1467060000.00,146.71,10.00,24950000,Listed
SHRJAGP.NS,SHRI JAGDAMBA POLYMERS L,EQ,2026-10-01,673.00,5894134000.00,589.41,1.00,8758000,Permitted
SHUBHLAXMI.NS,SHUBHLAXMI JEWEL ART LTD,SM,2026-10-01,17.25,182919000.00,18.29,10.00,10604000,Listed
SHUBHSHREE.NS,SHUBHSHREE BIOFUELS ENE L,SM,2026-10-01,334.00,1750828000.00,175.08,10.00,5242000,Listed
SHUKRAPHAR.NS,SHUKRA PHARMACEUTICALS L,EQ,2026-10-01,61.80,27168172392.00,2716.82,1.00,439614440,Listed
SHYAMCENT.NS,SHYAM CENTURY FERROUS LTD,BE,2026-10-01,5.00,1060864950.00,106.09,1.00,212172990,Listed
SHYAMDHANI.NS,SHYAM DHANI INDUSTRIES L,SM,2026-10-01,53.00,1094768000.00,109.48,10.00,20656000,Listed
SHYAMMETL.NS,SHYAM METALICS AND ENGY L,EQ,2026-10-01,1047.80,292474355573.40,29247.44,10.00,279131853,Listed
SHYAMTEL.NS,SHYAM TELECOM LIMITED,EQ,2026-10-01,10.30,116306400.00,11.63,10.00,11270000,Listed
SICAGEN.NS,SICAGEN INDIA LIMITED,EQ,2026-10-01,50.95,2016573016.65,201.66,10.00,39571684,Permitted
SICALLOG.NS,SICAL LOGISTICS LIMITED,BE,2026-10-01,87.10,6947666479.60,694.77,10.00,79784870,Listed
SIDDHICOTS.NS,SIDDHI COTSPIN LIMITED,SM,2026-10-01,26.00,634568766.00,63.46,10.00,24406491,Listed
SIEL.NS,SUPERIOR INDUSTRIAL ENT L,EQ,2026-10-01,30.45,421871000.00,42.19,10.00,13850000,Permitted
SIEMENS.NS,SIEMENS LTD,EQ,2026-10-01,3804.00,1354682401020.00,135468.24,2.00,356120505,Listed
SIGACHI.NS,SIGACHI INDUSTRIES LTD,EQ,2026-10-01,28.35,10829196063.40,1082.92,1.00,382117010,Listed
SIGIND.NS,SIGNET INDUSTRIES LIMITED,BE,2026-10-01,67.40,1984642540.00,198.46,10.00,29437000,Listed
SIGMA.NS,SIGMA SOLVE LIMITED,EQ,2026-10-01,44.90,4615624351.80,461.56,1.00,102774980,Listed
SIGMAADV.NS,SIGMA ADVANCED SYSTEM LTD,BE,2026-10-01,1076.90,204068430857.50,20406.84,10.00,189496175,Listed
SIGNATURE.NS,SIGNATUREGLOBAL INDIA LTD,EQ,2026-10-01,737.45,103748909873.70,10374.89,1.00,140686026,Listed
SIGNPOST.NS,SIGNPOST INDIA LIMITED,EQ,2026-10-01,259.40,13864930000.00,1386.49,2.00,53450000,Listed
SIKA.NS,SIKA INTERPLANT SYSTEMS L,EQ,2026-10-01,1018.20,21586730925.00,2158.67,2.00,21200875,Permitted
SIKKO.NS,SIKKO INDUSTRIES LIMITED,BE,2026-10-01,6.20,2716896000.00,271.69,1.00,436800000,Listed
SIL.NS,STANDARD INDUSTRIES LTD.,EQ,2026-10-01,15.85,1018327136.05,101.83,5.00,64328941,Listed
SILGO.NS,SILGO RETAIL LIMITED,EQ,2026-10-01,70.15,2756994667.25,275.70,10.00,39290219,Listed
SILINV.NS,SIL INVESTMENTS LIMITED,EQ,2026-10-01,424.55,4498472363.00,449.85,10.00,10595860,Listed
SILKFLEX.NS,SILKFLEX POLYMERS INDIA L,SM,2026-10-01,286.75,3328307250.00,332.83,10.00,11607000,Listed
SILKY.NS,SILKY OVERSEAS LIMITED,SM,2026-10-01,66.20,421536642.60,42.15,10.00,6367623,Listed
SILVER.NS,,,2026-10-01,,,,,,
SILVER001.NS,,,2026-10-01,,,,,,
SILVER1.NS,,,2026-10-01,,,,,,
SILVER360.NS,,,2026-10-01,,,,,,
SILVERADD.NS,,,2026-10-01,,,,,,
SILVERAG.NS,,,2026-10-01,,,,,,
SILVERAXIS.NS,,,2026-10-01,,,,,,
SILVERBEES.NS,,,2026-10-01,,,,,,
SILVERBETA.NS,,,2026-10-01,,,,,,
SILVERBND.NS,,,2026-10-01,,,,,,
SILVERCASE.NS,,,2026-10-01,,,,,,
SILVERIETF.NS,,,2026-10-01,,,,,,
SILVERTUC.NS,SILVER TOUCH TECHNO LTD,EQ,2026-10-01,138.70,17586010800.00,1758.60,2.00,126810000,Listed
SIMBHALS.NS,SIMBHAOLI SUGARS LTD.,BZ,2026-10-01,6.70,277395014.40,27.74,10.00,41279020,Listed
SIMCA.NS,SIMCA ADVERTISING LIMITED,ST,2026-10-01,290.05,3472362580.00,347.24,10.00,11971600,Listed
SIMPLEXINF.NS,SIMPLEX INFRASTRUCTURES L,EQ,2026-10-01,245.00,19379150723.45,1937.92,2.00,79095346,Listed
SIMPLXREA.NS,SIMPLEX REALTY LTD.,EQ,2026-10-01,123.50,369435677.00,36.94,10.00,2991382,Permitted
SINCLAIR.NS,SINCLAIRS HOTELS LIMITED,EQ,2026-10-01,76.70,3932154600.00,393.22,2.00,51260000,Listed
SINDHUTRAD.NS,SINDHU TRADE LINKS LTD,EQ,2026-10-01,22.25,34277076779.40,3427.71,1.00,1541928780,Listed
SINGERIND.NS,SINGER INDIA LIMITED,EQ,2026-10-01,74.65,4645279275.20,464.53,2.00,62219117,Listed
SINTERCOM.NS,SINTERCOM INDIA LIMITED,EQ,2026-10-01,75.85,2088535855.15,208.85,10.00,27527822,Listed
SIRCA.NS,SIRCA PAINT INDIA LIMITED,EQ,2026-10-01,401.55,22805148840.00,2280.51,10.00,56792800,Listed
SIS.NS,SIS LIMITED,EQ,2026-10-01,412.85,58354788165.55,5835.48,5.00,141346223,Listed
SITINET.NS,SITI NETWORKS LIMITED,BZ,2026-10-01,0.25,235454538.95,23.55,1.00,872053848,Listed
SIYSIL.NS,SIYARAM SILK MILLS LTD,EQ,2026-10-01,531.55,24116470276.40,2411.65,2.00,45370088,Listed
SJLOGISTIC.NS,S J LOGISTICS (INDIA) LTD,SM,2026-10-01,311.50,4928904995.00,492.89,10.00,15823130,Listed
SJS.NS,SJS ENTERPRISES LIMITED,EQ,2026-10-01,2159.80,69652532734.20,6965.25,10.00,32249529,Listed
SJVN.NS,SJVN LTD,EQ,2026-10-01,57.90,227574438584.25,22757.44,10.00,3929795175,Listed
SKFINDIA.NS,SKF INDIA LTD,EQ,2026-10-01,1450.20,71694933942.60,7169.49,10.00,49437963,Listed
SKFINDUS.NS,SKF IND (INDUSTRIAL) LTD,EQ,2026-10-01,2734.20,135173278434.60,13517.33,10.00,49437963,Listed
SKIPPER.NS,SKIPPER LIMITED,EQ,2026-10-01,541.20,61103663742.00,6110.37,1.00,112904035,Listed
SKMEGGPROD.NS,SKM EGG PROD EXPORT(I) LT,EQ,2026-10-01,205.30,10810571400.00,1081.06,5.00,52660000,Listed
SKP.NS,SKP BEARING INDUSTRI. LTD,SM,2026-10-01,163.00,2705800000.00,270.58,10.00,16600000,Listed
SKYGOLD.NS,SKY GOLD AND DIAMONDS LTD,EQ,2026-10-01,810.65,125548514064.60,12554.85,10.00,154873884,Listed
SKYTECH.NS,SKYTECH INFINITE PLATFM L,SM,2026-10-01,38.90,382021340.00,38.20,10.00,9820600,Listed
SKYWAYS.NS,SKYWAYS AIR SERVICES LTD,EQ,2026-10-01,110.30,16029939467.75,1602.99,10.00,145343544,Listed
SLONE.NS,SLONE INFOSYSTEMS LIMITED,ST,2026-10-01,161.00,848311093.00,84.83,10.00,5269013,Listed
SMALL250.NS,,,2026-10-01,,,,,,
SMALLADD.NS,,,2026-10-01,,,,,,
SMALLCAP.NS,,,2026-10-01,,,,,,
SMALLGROWW.NS,,,2026-10-01,,,,,,
SMALLIETF.NS,,,2026-10-01,,,,,,
SMARTEN.NS,SMARTEN POWER SYSTEMS LTD,SM,2026-10-01,57.95,1101096360.00,110.11,10.00,19000800,Listed
SMARTLINK.NS,SMARTLINK HOLDINGS LTD,BE,2026-10-01,212.10,2115697500.00,211.57,2.00,9975000,Listed
SMARTWORKS.NS,SMARTWORKS COWORKING SP L,EQ,2026-10-01,510.65,58408696459.40,5840.87,10.00,114381076,Listed
SMCGLOBAL.NS,SMC GLOBAL SECURITIES LTD,EQ,2026-10-01,99.05,20743164000.00,2074.32,2.00,209400000,Listed
SML100CASE.NS,,,2026-10-01,,,,,,
SMLMAH.NS,SML MAHINDRA LIMITED,EQ,2026-10-01,6251.00,90462259146.00,9046.23,10.00,14471646,Listed
SMLT.NS,SARTHAK METALS LIMITED,EQ,2026-10-01,74.20,1015505655.00,101.55,10.00,13689750,Listed
SMSPHARMA.NS,SMS PHARMACEUTICALS LTD.,EQ,2026-10-01,471.30,44138201739.00,4413.82,1.00,93652030,Listed
SMVD.NS,SMVD POLY PACK LIMITED,SM,2026-10-01,14.55,145938071.40,14.59,10.00,10030108,Listed
SNEHAA.NS,SNEHAA ORGANICS LIMITED,SM,2026-10-01,44.35,451438650.00,45.14,10.00,10179000,Listed
SNOWMAN.NS,SNOWMAN LOGISTICS LTD.,EQ,2026-10-01,34.10,5699371509.45,569.94,10.00,167087995,Listed
SNXT30BEES.NS,,,2026-10-01,,,,,,
SNXT50BETA.NS,,,2026-10-01,,,,,,
SOBHA.NS,SOBHA LIMITED,EQ,2026-10-01,1213.10,129720186958.60,12972.02,10.00,106932806,Listed
SOCL.NS,SUNDREX OIL COMPANY LTD,SM,2026-10-01,28.60,383055587.20,38.31,10.00,13393552,Listed
SOFTTECH.NS,SOFTTECH ENGINEERS LTD,EQ,2026-10-01,474.30,6565326053.40,656.53,10.00,13842138,Listed
SOLARA.NS,SOLARA ACTIVE PHA SCI LTD,EQ,2026-10-01,714.85,34363043232.25,3436.30,10.00,48070285,Listed
SOLARINDS.NS,SOLAR INDUSTRIES (I) LTD,EQ,2026-10-01,19400.00,1755507067000.00,175550.71,2.00,90490055,Listed
SOLARWORLD.NS,SOLARWORLD ENERGY SOL LTD,EQ,2026-10-01,125.55,10881751709.70,1088.18,5.00,86672654,Listed
SOLEX.NS,SOLEX ENERGY LIMITED,EQ,2026-10-01,670.95,7247929994.55,724.79,10.00,10802489,Listed
SOMANYCERA.NS,SOMANY CERAMICS LIMITED,EQ,2026-10-01,614.20,25190065445.20,2519.01,2.00,41012806,Listed
SOMATEX.NS,SOMA TEXTILES & INDUST LT,EQ,2026-10-01,75.75,2502580080.00,250.26,10.00,33033000,Listed
SOMICONVEY.NS,SOMI CONVEYOR BELT. LTD.,EQ,2026-10-01,83.75,986310596.90,98.63,10.00,11779656,Listed
SONACOMS.NS,SONA BLW PRECISION FRGS L,EQ,2026-10-01,805.00,502423381320.00,50242.34,10.00,624128424,Listed
SONAL.NS,SONAL MERCANTILE LTD.,EQ,2026-10-01,87.55,1290505249.00,129.05,10.00,14738525,Permitted
SONAMAC.NS,SONA MACHINERY LIMITED,SM,2026-10-01,29.85,409661400.00,40.97,10.00,13724000,Listed
SONAMLTD.NS,SONAM LIMITED,BE,2026-10-01,68.95,2760206400.00,276.02,5.00,40032000,Listed
SONATSOFTW.NS,SONATA SOFTWARE LTD,EQ,2026-10-01,254.05,71241924504.80,7124.19,1.00,280424816,Listed
SONUINFRA.NS,SONU INFRATECH LIMITED,SM,2026-10-01,41.60,489414182.40,48.94,10.00,11764764,Listed
SOTL.NS,SAVITA OIL TECHNOLO. LTD,EQ,2026-10-01,729.50,50014822742.50,5001.48,2.00,68560415,Listed
SOUTHBANK.NS,THE SOUTH INDIAN BANK LTD,EQ,2026-10-01,47.45,124259642665.90,12425.96,1.00,2619301068,Listed
SOUTHWEST.NS,SOUTH WEST PINNACLE LTD,EQ,2026-10-01,181.70,5420112998.70,542.01,10.00,29830011,Listed
SPAL.NS,S. P. APPARELS LIMITED,EQ,2026-10-01,935.60,23519938934.80,2351.99,10.00,25138883,Listed
SPANDANA.NS,SPANDANA SPHOORTY FIN LTD,EQ,2026-10-01,216.35,15426154852.95,1542.62,10.00,71305144,Listed
SPARC.NS,SUN PHARMA ADV.RES.CO.LTD,EQ,2026-10-01,194.15,62995099194.55,6299.51,1.00,324499558,Listed
SPCENET.NS,SPACENET ENTERS IND LTD,EQ,2026-10-01,3.25,1841422364.65,184.14,1.00,568340236,Listed
SPCL.NS,SHIVALIC POWER CONTROL L,SM,2026-10-01,61.95,1493970960.30,149.40,10.00,24115754,Listed
SPCON.NS,SRINIBAS PRADHAN CONST L,SM,2026-10-01,170.00,1336369490.00,133.64,10.00,7860997,Listed
SPECIALITY.NS,SPECIALITY REST LTD,BE,2026-10-01,153.50,7404173349.50,740.42,10.00,48235657,Listed
SPECTRUM.NS,SPECTRUM ELECTRIC IND LTD,BE,2026-10-01,3853.40,60551711056.00,6055.17,10.00,15713840,Listed
SPENCERS.NS,SPENCER S RETAIL LIMITED,EQ,2026-10-01,26.25,2365241823.35,236.52,5.00,90138789,Listed
SPIC.NS,SPIC LTD,EQ,2026-10-01,62.25,12672538109.30,1267.25,10.00,203640336,Listed
SPLIL.NS,SPL INDUSTRIES LIMITED,EQ,2026-10-01,28.50,826500114.00,82.65,10.00,29000004,Listed
SPLPETRO.NS,SUPREME PETROCHEM LIMITED,EQ,2026-10-01,780.45,146756865363.90,14675.69,2.00,188041342,Listed
SPMLINFRA.NS,SPML INFRA LIMITED,EQ,2026-10-01,159.30,13516485213.80,1351.65,2.00,84843922,Listed
SPORTKING.NS,SPORTKING INDIA LIMITED,EQ,2026-10-01,208.55,27709126880.00,2770.91,1.00,132872000,Listed
SPRL.NS,SP REFRACTORIES LIMITED,SM,2026-10-01,146.20,261624900.00,26.16,10.00,1789500,Listed
SPUNWEB.NS,SPUNWEB NONWOVEN LIMITED,SM,2026-10-01,97.00,2338030673.00,233.80,10.00,24103409,Listed
SRD.NS,SHANKAR LAL RAMPAL LTD,EQ,2026-10-01,38.10,2435854982.40,243.59,10.00,63966780,Listed
SREEL.NS,SREELEATHERS LIMITED,BE,2026-10-01,292.60,6775156511.20,677.52,10.00,23155012,Listed
SRF.NS,SRF LTD,EQ,2026-10-01,2486.20,736971399915.00,73697.14,10.00,296424825,Listed
SRGHFL.NS,SRG HOUSING FINANCE L,EQ,2026-10-01,135.75,2132619222.75,213.26,10.00,15707588,Listed
SRHHYPOLTD.NS,SREE RAYALSEEMA HHP LTD.,EQ,2026-10-01,543.60,9330796695.60,933.08,10.00,17164821,Listed
SRIKPRIND.NS,SRI KPR INDUSTRIES LTD.,BE,2026-10-01,27.50,553805155.55,55.38,10.00,20145695,Permitted
SRIVASAVI.NS,SRIVASAVI ADHESIVE TAPE L,ST,2026-10-01,73.80,1046053450.80,104.61,10.00,14174166,Listed
SRM.NS,SRM CONTRACTORS LIMITED,EQ,2026-10-01,398.75,9148999750.00,914.90,10.00,22944200,Listed
SRTL.NS,SHREE RAM TWISTEX LIMITED,EQ,2026-10-01,36.40,1455090000.00,145.51,10.00,39975000,Listed
SSDL.NS,SARASWATI SAREE DEPOT LTD,EQ,2026-10-01,69.40,2747830122.00,274.78,10.00,39599800,Listed
SSEGL.NS,SATHLOKHAR SYN E&C GLOB L,SM,2026-10-01,385.05,10003056849.60,1000.31,10.00,25978592,Listed
SSFL.NS,SRIVARI SPICES N FOODS L,ST,2026-10-01,284.95,2442135480.00,244.21,10.00,8570400,Listed
SSRETAIL.NS,SS RETAIL LIMITED,EQ,2026-10-01,714.35,53124477201.25,5312.45,10.00,74367575,Listed
SSWL.NS,STEEL STRIPS WHEELS LTD.,EQ,2026-10-01,390.80,61459203034.00,6145.92,1.00,157265105,Listed
STALLION.NS,STALLION IND FLUOROCHEM L,BE,2026-10-01,231.80,26909834693.95,2690.98,10.00,116085737,Listed
STANLEY.NS,STANLEY LIFESTYLES LTD,EQ,2026-10-01,136.20,7781657813.85,778.17,2.00,57125663,Listed
STAR.NS,STRIDES PHARMA SCI LTD,EQ,2026-10-01,1084.80,99988960147.20,9998.90,10.00,92172714,Listed
STARCEMENT.NS,STAR CEMENT LIMITED,EQ,2026-10-01,178.40,73573208774.85,7357.32,1.00,412428997,Listed
STARHEALTH.NS,STAR HEALTH & AL INS CO L,EQ,2026-10-01,537.70,316502919936.30,31650.29,10.00,588623619,Listed
STARPAPER.NS,STAR PAPER MILLS LTD,EQ,2026-10-01,151.80,2369503613.50,236.95,10.00,15608350,Listed
STARTECK.NS,STARTECK FINANCE LIMITED,EQ,2026-10-01,290.95,2883410513.50,288.34,10.00,9910330,Listed
STCINDIA.NS,THE STATE TRADING CORPN,EQ,2026-10-01,105.95,6357600000.00,635.76,10.00,60000000,Listed
STEAMHOUSE.NS,STEAMHOUSE INDIA LIMITED,EQ,2026-10-01,106.50,29440036184.60,2944.00,2.00,276406311,Listed
STEELCAS.NS,STEELCAST LIMITED,EQ,2026-10-01,356.45,36072740000.00,3607.27,1.00,101200000,Listed
STEELCITY.NS,STEEL CITY SECURITIES LTD,EQ,2026-10-01,80.10,1210229380.45,121.02,10.00,15107095,Listed
STEELXIND.NS,STEEL EXCHANGE INDIA LTD,EQ,2026-10-01,11.20,14311316582.65,1431.13,1.00,1275518412,Listed
STEL.NS,STEL HOLDINGS LIMITED,EQ,2026-10-01,574.15,10596170780.75,1059.62,10.00,18455405,Listed
STERTOOLS.NS,STERLING TOOLS LIMITED,EQ,2026-10-01,224.30,8151327863.30,815.13,2.00,36344426,Listed
STLNETWORK.NS,STL NETWORKS LIMITED,EQ,2026-10-01,47.20,23028959737.70,2302.90,2.00,488108515,Listed
STLSTRINF.NS,STEEL STRIPS INFRA L,EQ,2026-10-01,21.50,185997360.00,18.60,10.00,8643000,Permitted
STLTECH.NS,STERLITE TECHNOLOGIES LTD,BE,2026-10-01,955.35,491104768616.55,49110.48,2.00,514057433,Listed
STOVEKRAFT.NS,STOVE KRAFT LIMITED,EQ,2026-10-01,809.15,26788788787.15,2678.88,10.00,33107321,Listed
STRIDERS.NS,STRIDERS IMPEX LIMITED,SM,2026-10-01,49.95,929913156.00,92.99,10.00,18616880,Listed
STUDDS.NS,STUDDS ACCESSORIES LTD,EQ,2026-10-01,399.85,15735456990.00,1573.55,5.00,39353400,Listed
STUDIOLSD.NS,STUDIO LSD LIMITED,SM,2026-10-01,8.80,456647444.00,45.66,2.00,51891755,Listed
STYL.NS,SESHAASAI TECHNOLOGIES L,EQ,2026-10-01,366.00,59220932316.00,5922.09,10.00,161805826,Listed
STYLAMIND.NS,STYLAM INDUSTRIES LIMITED,EQ,2026-10-01,3219.90,54571058394.00,5457.11,5.00,16948060,Listed
STYLEBAAZA.NS,BAAZAR STYLE RETAIL LTD,EQ,2026-10-01,368.35,28037826977.55,2803.78,5.00,76117353,Listed
STYRENIX.NS,STYRENIX PERFORMANCE LTD,EQ,2026-10-01,2055.00,36138459375.00,3613.85,10.00,17585625,Listed
SUBAHOTELS.NS,SUBA HOTELS LIMITED,SM,2026-10-01,92.45,2241220604.20,224.12,10.00,24242516,Listed
SUBEXLTD.NS,SUBEX LTD,EQ,2026-10-01,19.35,10869136762.90,1086.91,5.00,562002935,Listed
SUBROS.NS,SUBROS LIMITED,EQ,2026-10-01,684.90,44679965175.00,4468.00,2.00,65235750,Listed
SUDARCOLOR.NS,SUDARSHAN COLORNT IND LTD,EQ,2026-10-01,368.10,8496409843.80,849.64,10.00,23081798,Listed
SUDARSCHEM.NS,SUDARSHAN CHEMICAL INDS L,EQ,2026-10-01,1241.50,98843707215.50,9884.37,2.00,79616357,Listed
SUDEEPPHRM.NS,SUDEEP PHARMA LIMITED,EQ,2026-10-01,1199.80,135515760275.00,13551.58,1.00,112948625,Listed
SUKHJITS.NS,SUKHJIT STARCH & CHEM LTD,EQ,2026-10-01,150.95,4715656920.00,471.57,5.00,31244000,Listed
SULA.NS,SULA VINEYARDS LIMITED,EQ,2026-10-01,130.95,11057520165.25,1105.75,2.00,84447229,Listed
SUMAX.NS,SUMAX ENGINEERING LIMITED,SM,2026-10-01,101.25,1926048375.00,192.60,10.00,19022700,Listed
SUMEDHA.NS,SUMEDHA FISCAL SERVICES L,EQ,2026-10-01,43.40,346683690.10,34.67,10.00,7984424,Permitted
SUMEETINDS.NS,SUMEET IND LIMITED,EQ,2026-10-01,10.40,7211503930.85,721.15,2.00,694749897,Listed
SUMICHEM.NS,SUMITOMO CHEM INDIA LTD,EQ,2026-10-01,417.60,208443259353.60,20844.33,10.00,499145736,Listed
SUMIT.NS,SUMIT WOODS LIMITED,EQ,2026-10-01,47.75,2285734043.30,228.57,10.00,47858753,Listed
SUMMITSEC.NS,SUMMIT SECURITIES LTD,EQ,2026-10-01,1315.50,14341292905.50,1434.13,10.00,10901781,Listed
SUNCLAY.NS,SUNDARAM CLAYTON LIMITED,EQ,2026-10-01,1183.00,26080609646.00,2608.06,5.00,22046162,Listed
SUNDARAM.NS,SUNDARAM MULTI PAP LTD,EQ,2026-10-01,1.10,511787994.85,51.18,1.00,473877773,Listed
SUNDARMFIN.NS,SUNDARAM FINANCE LTD,EQ,2026-10-01,4395.90,488401458174.00,48840.15,10.00,111103860,Listed
SUNDRMBRAK.NS,SUNDARAM BRAK LININGS LTD,EQ,2026-10-01,669.95,2635968521.25,263.60,10.00,3934575,Listed
SUNDRMFAST.NS,SUNDRAM FASTENERS LTD,EQ,2026-10-01,1123.60,236100236532.00,23610.02,1.00,210128370,Listed
SUNDROP.NS,SUNDROP BRANDS LIMITED,EQ,2026-10-01,753.15,28391384836.95,2839.14,10.00,37696853,Listed
SUNFLAG.NS,SUNFLAG IRON AND STEEL CO,EQ,2026-10-01,433.50,78125130708.00,7812.51,10.00,180219448,Listed
SUNLITE.NS,SUNLITE RECYCLING IND LTD,SM,2026-10-01,644.40,8896488451.20,889.65,10.00,13805848,Listed
SUNPHARMA.NS,SUN PHARMACEUTICAL IND L,EQ,2026-10-01,1801.00,4321202280970.00,432120.23,1.00,2399334970,Listed
SUNRAKSHAK.NS,SUNRAKSHAKK INDUS IND L,EQ,2026-10-01,358.90,11128322575.00,1112.83,2.00,31006750,Permitted
SUNREST.NS,SUNREST LIFESCIENCE LTD,SM,2026-10-01,35.50,609350400.00,60.94,10.00,17164800,Listed
SUNSHIEL.NS,SUNSHIELD CHEMICALS LTD.,EQ,2026-10-01,1059.00,9313731324.00,931.37,10.00,8794836,Permitted
SUNSHINE.NS,SUNSHINE PICTURES LIMITED,EQ,2026-10-01,453.00,14110399152.00,1411.04,10.00,31148784,Listed
SUNTECH.NS,SUNTECH INFRA SOLUTIONS L,SM,2026-10-01,36.75,711575550.00,71.16,10.00,19362600,Listed
SUNTECK.NS,SUNTECK REALTY LIMITED,EQ,2026-10-01,279.45,41035003886.25,4103.50,1.00,146842025,Listed
SUNTV.NS,SUN TV NETWORK LIMITED,EQ,2026-10-01,599.90,236411363538.00,23641.14,5.00,394084620,Listed
SUPERHOUSE.NS,SUPERHOUSE LIMITED,EQ,2026-10-01,154.65,1705126500.00,170.51,10.00,11025000,Listed
SUPERSPIN.NS,SUPER SPINNING MILLS LTD,BE,2026-10-01,7.50,413050000.00,41.30,1.00,55000000,Listed
SUPRAJIT.NS,SUPRAJIT ENGINEERING LTD,EQ,2026-10-01,481.05,65990124393.30,6599.01,1.00,137179346,Listed
SUPREME.NS,SUPREME HOLDIN N HOSP I L,EQ,2026-10-01,31.10,1201144191.25,120.11,10.00,38646853,Listed
SUPREMEENG.NS,SUPREME ENGINEERING LTD,BZ,2026-10-01,4.25,1059788000.00,105.98,1.00,249950000,Listed
SUPREMEIND.NS,SUPREME INDUSTRIES LTD,EQ,2026-10-01,3380.00,429350820600.00,42935.08,2.00,127026870,Listed
SUPREMEINF.NS,SUPREME INFRA. LTD.,EQ,2026-10-01,66.95,6526834754.40,652.68,10.00,97502760,Listed
SUPREMEPWR.NS,SUPREME POWER EQUIPMENT L,SM,2026-10-01,208.40,5208152534.00,520.82,10.00,24991135,Listed
SUPRIYA.NS,SUPRIYA LIFESCIENCE LTD,EQ,2026-10-01,931.00,74929486800.00,7492.95,2.00,80482800,Listed
SUPTANERY.NS,SUPER TANNERY LTD.,BE,2026-10-01,8.05,870265281.60,87.03,1.00,107973360,Permitted
SURAJEST.NS,SURAJ ESTATE DEVELOPERS L,EQ,2026-10-01,200.15,9561843608.20,956.18,5.00,47773388,Listed
SURAJLTD.NS,SURAJ LIMITED,EQ,2026-10-01,193.50,3553636991.00,355.36,10.00,18364100,Listed
SURAKSHA.NS,SURAKSHA DIAGNOSTIC LTD,EQ,2026-10-01,350.15,18236077413.70,1823.61,2.00,52080758,Listed
SURANASOL.NS,SURANA SOLAR LIMITED,EQ,2026-10-01,24.15,1188339390.00,118.83,5.00,49206600,Listed
SURANAT&P.NS,SURANA TELECOM AND POW LT,EQ,2026-10-01,16.00,2169444208.75,216.94,1.00,135759963,Listed
SURANI.NS,SURANI STEEL TUBES LTD.,SM,2026-10-01,100.05,1555581001.80,155.56,10.00,15548036,Listed
SURYALA.NS,SURYALATA SPINNING MILL L,EQ,2026-10-01,377.50,1610792500.00,161.08,10.00,4267000,Permitted
SURYALAXMI.NS,SURYALAKSHMI COT MIL LTD,EQ,2026-10-01,56.05,1054412610.30,105.44,10.00,18805290,Listed
SURYAROSNI.NS,SURYA ROSHNI LTD,EQ,2026-10-01,220.65,48025713170.30,4802.57,5.00,217635896,Listed
SURYODAY.NS,SURYODAY SMALL FIN BK LTD,EQ,2026-10-01,143.55,15257904235.20,1525.79,10.00,106289824,Listed
SUTLEJTEX.NS,SUTLEJ TEXT & INDUS LTD,BE,2026-10-01,36.25,5937149188.80,593.71,1.00,163828620,Listed
SUVEN.NS,SUVEN LIFE SCIENCES LTD,EQ,2026-10-01,308.30,87114076093.80,8711.41,1.00,282562686,Listed
SUVIDHAA.NS,SUVIDHAA INFOSERVE LTD,EQ,2026-10-01,2.05,434299848.30,43.43,1.00,209806690,Listed
SUYOG.NS,SUYOG TELEMATICS LIMITED,EQ,2026-10-01,689.90,8083641088.00,808.36,10.00,11717120,Listed
SUZLON.NS,SUZLON ENERGY LIMITED,EQ,2026-10-01,38.90,534840790636.90,53484.08,2.00,13745587012,Listed
SVGLOBAL.NS,S V GLOBAL MILL LTD.,EQ,2026-10-01,132.95,2403769202.10,240.38,5.00,18082970,Permitted
SVLL.NS,SHREE VASU LOGISTICS LTD,EQ,2026-10-01,786.75,9042668475.00,904.27,10.00,11493700,Listed
SVPGLOB.NS,SVP GLOBAL TEXTILES LTD,EQ,2026-10-01,3.10,392150000.00,39.22,1.00,126500000,Listed
SWANCORP.NS,SWAN CORP LIMITED,EQ,2026-10-01,272.80,85511038500.80,8551.10,1.00,313456886,Listed
SWANDEF.NS,SWAN DEFENCE N HEVY IND L,BE,2026-10-01,2718.20,143200620130.00,14320.06,10.00,52682150,Listed
SWARAJ.NS,SWARAJ SUITING LIMITED,BE,2026-10-01,377.55,9974214063.00,997.42,10.00,26418260,Listed
SWARAJENG.NS,SWARAJ ENGINES LTD,EQ,2026-10-01,3542.70,43043326735.50,4304.33,10.00,12149865,Listed
SWARNSAR.NS,SWARNSARITA JEWELS IND L,EQ,2026-10-01,38.45,802504192.00,80.25,10.00,20876800,Permitted
SWELECTES.NS,SWELECT ENERGY SYS LTD,EQ,2026-10-01,592.90,8987628804.00,898.76,10.00,15158760,Listed
SWIGGY.NS,SWIGGY LIMITED,EQ,2026-10-01,238.00,656954626090.00,65695.46,1.00,2760313555,Listed
SWISSMLTRY.NS,SWISS MILITARY CON GOOD L,BE,2026-10-01,13.95,3294129145.50,329.41,2.00,236138290,Permitted
SWSOLAR.NS,STRLNG & WIL REN ENE LTD,EQ,2026-10-01,164.80,38492292064.60,3849.23,1.00,233541391,Listed
SYMBIOTEC.NS,SYMBIOTEC PHARMALAB LTD,EQ,2026-10-01,1198.00,76978822176.00,7697.88,2.00,64256112,Listed
SYMPHONY.NS,SYMPHONY LIMITED,EQ,2026-10-01,571.70,39259439380.00,3925.94,2.00,68671400,Listed
SYNCOMF.NS,SYNCOM FORMU (I) LTD,EQ,2026-10-01,23.95,22522400000.00,2252.24,1.00,940000000,Listed
SYNGENE.NS,SYNGENE INTERNATIONAL LTD,EQ,2026-10-01,361.30,145845662811.10,14584.57,10.00,403669147,Listed
SYNOPTICS.NS,SYNOPTICS TECHNOLOGIES L,ST,2026-10-01,50.85,431208000.00,43.12,10.00,8480000,Listed
SYRMA.NS,SYRMA SGS TECHNOLOGY LTD,EQ,2026-10-01,1717.90,331263490181.50,33126.35,10.00,192830485,Listed
SYSTANGO.NS,SYSTANGO TECHNOLOGIES LTD,SM,2026-10-01,219.30,3216867840.00,321.69,10.00,14668800,Listed
SYSTMTXC.NS,SYSTEMATIX CORP SERVICE L,BE,2026-10-01,73.95,10098351219.60,1009.84,1.00,136538010,Listed
TAALTECH.NS,TAAL TECH LTD.,EQ,2026-10-01,944.00,14709134240.00,1470.91,2.00,15581710,Permitted
TAC.NS,TAC INFOSEC LIMITED,ST,2026-10-01,386.40,8124940992.00,812.49,10.00,21027280,Listed
TAINWALCHM.NS,TAINWALA CHEMICAL AND PLA,EQ,2026-10-01,203.30,1903579709.25,190.36,10.00,9363863,Listed
TAJGVK.NS,TAJ GVK HOTELS & RESORTS,EQ,2026-10-01,314.90,19744700775.50,1974.47,2.00,62701495,Listed
TAKE.NS,TAKE LIMITED,EQ,2026-10-01,12.65,1871365100.00,187.14,1.00,147934000,Listed
TALBROAUTO.NS,TALBROS AUTO. COMP. LTD,EQ,2026-10-01,419.70,25907304555.00,2590.73,2.00,61728150,Listed
TAMBOLIIN.NS,TAMBOLI INDUSTRIES LTD.,BE,2026-10-01,290.00,2876800000.00,287.68,10.00,9920000,Permitted
TANAA.NS,TANEJA AEROSPACE & AVIA L,EQ,2026-10-01,324.15,8265998744.40,826.60,5.00,25500536,Permitted
TANKUP.NS,TANKUP ENGINEERS LIMITED,ST,2026-10-01,1788.40,9469578000.00,946.96,10.00,5295000,Listed
TANLA.NS,TANLA PLATFORMS LIMITED,EQ,2026-10-01,487.75,64692245206.00,6469.22,1.00,132634024,Listed
TARACHAND.NS,TARA CHAND INFRA SOLN LTD,EQ,2026-10-01,46.35,3653534115.00,365.35,2.00,78824900,Listed
TARAPUR.NS,TARAPUR TRANSFORMERS LTD,EQ,2026-10-01,12.20,237900134.20,23.79,10.00,19500011,Listed
TARC.NS,TARC LIMITED,EQ,2026-10-01,125.60,37058197749.30,3705.82,2.00,295096335,Listed
TARIL.NS,TRANS & RECTI. LTD,EQ,2026-10-01,280.80,84286566187.20,8428.66,1.00,300165834,Listed
TARMAT.NS,TARMAT LIMITED,EQ,2026-10-01,57.25,1434427313.65,143.44,10.00,25064255,Listed
TARSONS.NS,TARSONS PRODUCTS LIMITED,EQ,2026-10-01,329.40,17526148961.40,1752.61,2.00,53206281,Listed
TASTYBITE.NS,TASTY BITE EATABLES LTD,EQ,2026-10-01,9453.50,24257681000.00,2425.77,10.00,2566000,Listed
TATACAP.NS,TATA CAPITAL LIMITED,EQ,2026-10-01,319.30,1355386683514.10,135538.67,10.00,4244869037,Listed
TATACHEM.NS,TATA CHEMICALS LTD,EQ,2026-10-01,607.80,154840865768.40,15484.09,10.00,254756278,Listed
TATACOMM.NS,TATA COMMUNICATIONS LTD,EQ,2026-10-01,1683.00,479799137169.00,47979.91,10.00,285085643,Listed
TATACONSUM.NS,TATA CONSUMER PRODUCT LTD,EQ,2026-10-01,957.00,947138282475.00,94713.83,1.00,989695175,Listed
TATAELXSI.NS,TATA ELXSI LIMITED,EQ,2026-10-01,3092.80,192699164836.80,19269.92,10.00,62305731,Listed
TATAGOLD.NS,,,2026-10-01,,,,,,
TATAINVEST.NS,TATA INVESTMENT CORP LTD,EQ,2026-10-01,615.05,311186368048.00,31118.64,1.00,505952960,Listed
TATAPOWER.NS,TATA POWER CO LTD,EQ,2026-10-01,350.15,1118848142382.05,111884.81,1.00,3195339547,Listed
TATASTEEL.NS,TATA STEEL LIMITED,EQ,2026-10-01,178.00,2222067836438.00,222206.78,1.00,12483527171,Listed
TATATECH.NS,TATA TECHNOLOGIES LIMITED,EQ,2026-10-01,698.80,283749018804.00,28374.90,2.00,406051830,Listed
TATSILV.NS,,,2026-10-01,,,,,,
TATVA.NS,TATVA CHIN PHARM CHEM LTD,EQ,2026-10-01,1743.20,40777030276.00,4077.70,10.00,23392055,Listed
TAURIAN.NS,TAURIAN MPS LIMITED,ST,2026-10-01,588.45,5227319040.00,522.73,10.00,8883200,Listed
TBI.NS,TBI CORN LIMITED,SM,2026-10-01,67.55,1226600257.75,122.66,10.00,18158405,Listed
TBOTEK.NS,TBO TEK LIMITED,EQ,2026-10-01,1671.50,181504485970.50,18150.45,1.00,108587787,Listed
TBZ.NS,TRIB BHIMJI ZAVERI LTD,BE,2026-10-01,623.45,41603205039.00,4160.32,10.00,66730620,Listed
TCC.NS,TCC CONCEPT LIMITED,EQ,2026-10-01,47.45,11280785278.35,1128.08,2.00,237640305,Listed
TCI.NS,TRANSPORT CORPN OF INDIA,EQ,2026-10-01,877.10,67388594648.20,6738.86,2.00,76831142,Listed
TCIEXP.NS,TCI EXPRESS LIMITED,EQ,2026-10-01,504.75,19404692283.75,1940.47,2.00,38444165,Listed
TCIFINANCE.NS,TCI FINANCE LTD,EQ,2026-10-01,14.70,189096922.15,18.91,10.00,12872493,Listed
TCL.NS,THAAI CASTING LIMITED,SM,2026-10-01,140.15,3411452395.55,341.15,10.00,24341437,Listed
TCPLPACK.NS,TCPL PACKAGING LIMITED,EQ,2026-10-01,3927.10,35736610000.00,3573.66,10.00,9100000,Listed
TCS.NS,TATA CONSULTANCY SERV LT,EQ,2026-10-01,2075.00,7507531599850.00,750753.16,1.00,3618087518,Listed
TDPOWERSYS.NS,TD POWER SYSTEMS LTD.,EQ,2026-10-01,792.15,247512701649.00,24751.27,1.00,312456860,Listed
TEAMGTY.NS,TEAM INDIA GUARANTY LTD,EQ,2026-10-01,235.10,2114289329.90,211.43,10.00,8993149,Listed
TEAMLEASE.NS,TEAMLEASE SERVICES LTD.,EQ,2026-10-01,1179.40,18022883160.00,1802.29,10.00,15281400,Listed
TEAMTECH.NS,TEAMTECH FORMWORK SOL LTD,ST,2026-10-01,145.95,4374997200.00,437.50,5.00,29976000,Listed
TECH.NS,,,2026-10-01,,,,,,
TECHD.NS,TECHD CYBERSECURITY LTD,SM,2026-10-01,531.95,3978843969.35,397.88,10.00,7479733,Listed
TECHERA.NS,TECHERA ENGINEER (IND) L,SM,2026-10-01,167.45,2766428891.25,276.64,10.00,16520925,Listed
TECHLABS.NS,TRIDENT TECHLABS LIMITED,SM,2026-10-01,110.45,1908693518.80,190.87,10.00,17281064,Listed
TECHM.NS,TECH MAHINDRA LIMITED,EQ,2026-10-01,1533.00,1502583877305.00,150258.39,5.00,980159085,Listed
TECHNOCRAF.NS,TECHNOCRAFT VENTURES LTD,EQ,2026-10-01,478.10,18935724220.00,1893.57,10.00,39606200,Listed
TECHNOE.NS,TECHNO ELEC & ENG CO. LTD,EQ,2026-10-01,998.60,116136754596.40,11613.68,2.00,116299574,Listed
TECHNVISN.NS,TECHNVISION VENTURES LTD.,EQ,2026-10-01,3763.50,23615962500.00,2361.60,10.00,6275000,Permitted
TECILCHEM.NS,TECIL CHEMICALS,EQ,2026-10-01,9.25,175414225.00,17.54,10.00,18963700,Listed
TEGA.NS,TEGA INDUSTRIES LIMITED,EQ,2026-10-01,2093.40,157272322993.20,15727.23,10.00,75127698,Listed
TEJA.NS,TEJA ENGINEERING IND L,SM,2026-10-01,213.90,1372660470.00,137.27,10.00,6417300,Listed
TEJASNET.NS,TEJAS NETWORKS LIMITED,EQ,2026-10-01,464.80,82779765874.40,8277.98,10.00,178097603,Listed
TEMBO.NS,TEMBO GLOBAL IND LTD,EQ,2026-10-01,57.15,10831933176.80,1083.19,1.00,189501980,Listed
TEMPSENS.NS,TEMPSENS INST (INDIA) LTD,EQ,2026-10-01,505.25,42356467127.75,4235.65,4.00,83832691,Listed
TENNIND.NS,TENNECO CLEAN AIR INDIA L,EQ,2026-10-01,495.40,199945574678.60,19994.56,10.00,403604309,Listed
TERAI.NS,TERAI TEA CO. LTD.,EQ,2026-10-01,116.75,803158275.00,80.32,10.00,6879300,Permitted
TERASOFT.NS,TERA SOFTWARE LIMITED,EQ,2026-10-01,207.90,2601343931.25,260.13,10.00,12511875,Listed
TEXINFRA.NS,TEXMACO INFRA & HOLDG LTD,EQ,2026-10-01,119.40,15213460580.10,1521.35,1.00,127426590,Listed
TEXMOPIPES.NS,TEXMO PIPE & PRODUCTS LTD,EQ,2026-10-01,53.70,1567771500.00,156.78,10.00,29195000,Listed
TEXRAIL.NS,TEXMACO RAIL & ENG. LTD.,EQ,2026-10-01,126.85,51614839603.90,5161.48,1.00,406864572,Listed
TFCILTD.NS,TOURISM FINANCE CORP. OF,EQ,2026-10-01,138.80,64256611139.60,6425.66,2.00,462977240,Listed
TFL.NS,TRANSWARRANTY FIN. LTD.,EQ,2026-10-01,11.80,651473413.10,65.15,10.00,55116194,Listed
TGBHOTELS.NS,TGB BANQUETS&HOTELS LTD,EQ,2026-10-01,9.40,275877888.00,27.59,10.00,29286400,Listed
TGL.NS,TEERTH GOPICON LIMITED,ST,2026-10-01,13.20,158394720.00,15.84,10.00,11999600,Listed
TGVSL.NS,T G V SRAAC LTD.,EQ,2026-10-01,116.40,12463110924.00,1246.31,10.00,107089800,Permitted
THACKER.NS,THACKER & CO. LTD.,EQ,2026-10-01,935.00,1017017265.00,101.70,1.00,1087719,Permitted
THAKDEV.NS,THAKKERS DEVELOPERS LTD.,EQ,2026-10-01,128.75,1158660000.00,115.87,10.00,9000000,Permitted
THANGAMAYL.NS,THANGAMAYIL JEWELLERY LTD,EQ,2026-10-01,4861.00,151089704081.00,15108.97,10.00,31082021,Listed
THEINVEST.NS,THE INVEST TRUST OF IND L,EQ,2026-10-01,90.35,4719039461.60,471.90,10.00,52242217,Listed
THEJO.NS,THEJO ENGINEERING LIMITED,EQ,2026-10-01,2071.40,22470700483.60,2247.07,10.00,10848074,Listed
THELEELA.NS,LEELA PALACES HOTEL LTD,EQ,2026-10-01,568.95,190005334688.10,19000.53,10.00,333957878,Listed
THEMISMED.NS,THEMIS MEDICARE LTD.,EQ,2026-10-01,113.20,10424812582.80,1042.48,1.00,92100120,Listed
THERMAX.NS,THERMAX LTD,EQ,2026-10-01,3360.60,400436661780.00,40043.67,2.00,119156300,Listed
THESL.NS,THINKING HATS ENTER SOL L,ST,2026-10-01,15.55,194175182.50,19.42,10.00,12487150,Listed
THOMASCOOK.NS,THOMAS COOK (INDIA) LTD,EQ,2026-10-01,100.70,47367322593.40,4736.73,1.00,470380562,Listed
THOMASCOTT.NS,THOMAS SCOTT (INDIA) LTD,EQ,2026-10-01,300.20,4404048076.00,440.40,10.00,14670380,Listed
THYROCARE.NS,THYROCARE TECH LTD,EQ,2026-10-01,533.60,84930612084.00,8493.06,10.00,159165315,Listed
TI.NS,TILAKNAGAR INDUSTRIES LTD,EQ,2026-10-01,542.55,134497005645.00,13449.70,10.00,247897900,Listed
TICL.NS,TWAMEV CONS AND INFRA LTD,BE,2026-10-01,7.80,1207450000.00,120.74,1.00,155000000,Listed
TIGERLOGS.NS,TIGER LOGISTICS (INDIA) L,EQ,2026-10-01,25.70,2716075250.00,271.61,1.00,105725000,Listed
TIIL.NS,TECHNOCRAFT IND LTD,EQ,2026-10-01,2893.80,65610542852.40,6561.05,10.00,22672798,Listed
TIINDIA.NS,TUBE INVEST OF INDIA LTD,EQ,2026-10-01,2340.00,452959228800.00,45295.92,1.00,193572320,Listed
TIJARIA.NS,TIJARIA POLYPIPES LTD,BE,2026-10-01,6.45,184641434.55,18.46,10.00,28626579,Listed
TIL.NS,TIL LTD,BE,2026-10-01,250.05,20598742174.65,2059.87,10.00,82378493,Listed
TIMETECHNO.NS,TIME TECHNOPLAST LTD.,EQ,2026-10-01,179.70,88696404898.70,8869.64,1.00,493635379,Listed
TIMEX.NS,TIMEX GROUP INDIA LTD.,EQ,2026-10-01,729.50,73643025000.00,7364.30,1.00,100950000,Permitted
TIMKEN.NS,TIMKEN INDIA LTD.,EQ,2026-10-01,3098.80,233087812919.20,23308.78,10.00,75218734,Listed
TINNARUBR.NS,TINNA RUBBER AND INFR LTD,EQ,2026-10-01,938.85,16914093459.45,1691.41,10.00,18015757,Listed
TIPSFILMS.NS,TIPS FILMS LIMITED,EQ,2026-10-01,315.40,1363438244.40,136.34,10.00,4322886,Listed
TIPSMUSIC.NS,TIPS MUSIC LIMITED,EQ,2026-10-01,644.20,82732409278.00,8273.24,1.00,128426590,Listed
TIRUMALCHM.NS,THIRUMALAI CHEMICALS LTD,EQ,2026-10-01,146.25,17632048725.25,1763.20,1.00,120552774,Listed
TIRUPATI.NS,SHREE TIRUPATI BALAJEE,SM,2026-10-01,277.90,2815138116.00,281.51,10.00,10130040,Listed
TIRUPATIFL.NS,TIRUPATI FORGE LIMITED,BE,2026-10-01,75.15,9773806400.00,977.38,2.00,130040000,Listed
TITAGARH.NS,TITAGARH RAIL SYSTEMS LTD,EQ,2026-10-01,805.10,108425850616.80,10842.59,2.00,134673768,Listed
TITAN.NS,TITAN COMPANY LIMITED,EQ,2026-10-01,4515.70,4008975962712.00,400897.60,1.00,887786160,Listed
TMB.NS,TAMILNAD MERCA BANK LTD,EQ,2026-10-01,872.05,138090385460.70,13809.04,10.00,158351454,Listed
TMCV.NS,TATA MOTORS LIMITED,EQ,2026-10-01,415.50,1530198975756.00,153019.90,2.00,3682789352,Listed
TMPV.NS,TATA MOTORS PASS VEH LTD,EQ,2026-10-01,279.40,1029069191108.20,102906.92,2.00,3683139553,Listed
TNIDETF.NS,,,2026-10-01,,,,,,
TNPETRO.NS,TAMILNADU PETROPRODUCTS L,EQ,2026-10-01,123.20,11082686167.30,1108.27,10.00,89971474,Listed
TNPL.NS,TAMILNADU NEWSPRT & PAPER,EQ,2026-10-01,147.65,10217560878.00,1021.76,10.00,69210600,Listed
TNTELE.NS,TAMILNADU TELECOMMUNICATI,EQ,2026-10-01,11.55,527961384.00,52.80,10.00,45671400,Listed
TOKYOPLAST.NS,TOKYO PLAST INTL LTD,EQ,2026-10-01,71.00,674694414.00,67.47,10.00,9501400,Listed
TOLINS.NS,TOLINS TYRES LIMITED,EQ,2026-10-01,84.60,3342052014.30,334.21,5.00,39508831,Listed
TOP100CASE.NS,,,2026-10-01,,,,,,
TOP10ADD.NS,,,2026-10-01,,,,,,
TOP15IETF.NS,,,2026-10-01,,,,,,
TOP20.NS,,,2026-10-01,,,,,,
TORNTPHARM.NS,TORRENT PHARMACEUTICALS L,EQ,2026-10-01,4767.30,1813327679908.80,181332.77,5.00,380367856,Listed
TORNTPOWER.NS,TORRENT POWER LTD,EQ,2026-10-01,1242.90,626301713594.70,62630.17,10.00,503903543,Listed
TOTAL.NS,TOTAL TRANSPORT SYS LTD,BE,2026-10-01,70.25,1132758583.50,113.28,10.00,16126973,Listed
TOUCHWOOD.NS,TOUCHWOOD ENTERTAIN LTD.,EQ,2026-10-01,57.15,633182339.30,63.32,10.00,11081245,Listed
TOYAMSL.NS,TOYAM SPORTS LTD.,EQ,2026-10-01,0.70,398692350.00,39.87,1.00,577815000,Permitted
TPHQ.NS,TEAMO PRODUCTIONS HQ LTD,BE,2026-10-01,0.50,548109800.00,54.81,1.00,1096219600,Listed
TPLPLASTEH.NS,TPL PLASTECH LIMITED,EQ,2026-10-01,68.90,5373626670.00,537.36,2.00,78003000,Listed
TRACXN.NS,TRACXN TECHNOLOGIES LTD,EQ,2026-10-01,31.70,3391545555.10,339.15,1.00,106955079,Listed
TRANSCOR.NS,TRANSCORP INTERNATIONAL L,EQ,2026-10-01,24.20,774092329.90,77.41,2.00,32013744,Permitted
TRANSPEK.NS,TRANSPEK INDUSTRIES LTD,BE,2026-10-01,1349.00,7534932581.00,753.49,10.00,5585569,Permitted
TRANSRAILL.NS,TRANSRAIL LIGHTING LTD,EQ,2026-10-01,474.90,63758186272.50,6375.82,2.00,134256025,Listed
TRANSTEEL.NS,TRANSTEEL SEATING TECH L,SM,2026-10-01,79.40,1781736794.00,178.17,10.00,22440010,Listed
TRANSWORLD.NS,TRANSWORLD SHIP LINES LTD,BE,2026-10-01,159.00,3491247747.00,349.12,10.00,21957533,Listed
TRAVELFOOD.NS,TRAVEL FOOD SERVICES LTD,EQ,2026-10-01,1208.10,159119035839.30,15911.90,1.00,131710153,Listed
TREEHOUSE.NS,TREE HOUSE EDU LTD,EQ,2026-10-01,5.70,240324912.30,24.03,10.00,42310724,Listed
TREJHARA.NS,TREJHARA SOLUTIONS LTD,EQ,2026-10-01,131.65,3175211831.65,317.52,10.00,24116754,Listed
TREL.NS,TRANSINDIA REAL ESTATE L,EQ,2026-10-01,27.30,6705030849.95,670.50,2.00,245695524,Listed
TRENT.NS,TRENT LTD,EQ,2026-10-01,2580.00,1375790110980.00,137579.01,1.00,533251981,Listed
TRF.NS,TRF LIMITED,EQ,2026-10-01,192.35,2116478559.95,211.65,10.00,11004412,Listed
TRIDENT.NS,TRIDENT LIMITED,EQ,2026-10-01,22.15,112926377647.20,11292.64,1.00,5095955670,Listed
TRIDHYA.NS,TRIDHYA TECH LIMITED,SM,2026-10-01,6.80,158358400.00,15.84,10.00,23288000,Listed
TRIGYN.NS,TRIGYN TECHNOLOGIES LTD,EQ,2026-10-01,51.80,1594701124.80,159.47,10.00,30785736,Listed
TRITONV.NS,TRITON VALVES LTD.,EQ,2026-10-01,1078.00,5521632424.00,552.16,10.00,5122108,Permitted
TRITURBINE.NS,TRIVENI TURBINE LIMITED,EQ,2026-10-01,530.00,168486183270.00,16848.62,1.00,317898459,Listed
TRIVENI.NS,TRIVENI ENGG. & INDS. LTD,EQ,2026-10-01,230.90,50886227654.70,5088.62,1.00,220363016,Listed
TROM.NS,TROM INDUSTRIES LIMITED,SM,2026-10-01,54.70,502959170.20,50.30,10.00,9194866,Listed
TRU.NS,TRUCAP FINANCE LIMITED,EQ,2026-10-01,4.20,501597095.60,50.16,2.00,118861871,Listed
TRUALT.NS,TRUALT BIOENERGY LIMITED,EQ,2026-10-01,444.30,38099876181.30,3809.99,10.00,85752591,Listed
TRUST.NS,TRUST FINTECH LIMITED,SM,2026-10-01,27.10,645662920.00,64.57,10.00,23825200,Listed
TSC.NS,TSC INDIA LIMITED,ST,2026-10-01,50.25,729576383.25,72.96,10.00,14518933,Listed
TSFINV.NS,TSF INVESTMENTS LIMITED,EQ,2026-10-01,409.15,90873794319.00,9087.38,5.00,222103860,Listed
TTKHLTCARE.NS,TTK HEALTHCARE LIMITED,EQ,2026-10-01,1013.00,14314027329.00,1431.40,10.00,14130333,Listed
TTKPRESTIG.NS,TTK PRESTIGE LTD,EQ,2026-10-01,506.40,69359776857.60,6935.98,1.00,136966384,Listed
TTL.NS,T T LIMITED,EQ,2026-10-01,7.85,2027740910.40,202.77,1.00,258310944,Listed
TTML.NS,TATA TELESERV(MAHARASTRA),EQ,2026-10-01,34.80,68070583454.15,6807.06,10.00,1954927727,Listed
TUNWAL.NS,TUNWAL E-MOTORS LIMITED,SM,2026-10-01,25.90,1494232745.60,149.42,2.00,57692384,Listed
TURTLEMINT.NS,TURTLEMINT FINTECH SOLS L,EQ,2026-10-01,69.80,20551682849.75,2055.17,1.00,294478906,Listed
TUTIALKA.NS,TUTICORIN ALKAL CH & FE L,EQ,2026-10-01,54.00,6576698103.40,657.67,10.00,121835830,Permitted
TVSELECT.NS,TVS ELECTRONICS LTD,EQ,2026-10-01,397.40,7411636373.20,741.16,10.00,18650318,Listed
TVSHLTD.NS,TVS HOLDINGS LIMITED,EQ,2026-10-01,11886.00,240478788144.00,24047.88,5.00,20232104,Listed
TVSMOTOR.NS,TVS MOTOR COMPANY  LTD,EQ,2026-10-01,4021.00,1910325285394.00,191032.53,1.00,475087114,Listed
TVSSCS.NS,TVS SUPPLY CHAIN SOL L,EQ,2026-10-01,128.40,56661957442.35,5666.20,1.00,441223777,Listed
TVSSRICHAK.NS,TVS SRICHAKRA LIMITED,EQ,2026-10-01,4349.30,33302807565.00,3330.28,10.00,7657050,Listed
TVTODAY.NS,TV TODAY NETWORK LTD,EQ,2026-10-01,101.65,6065314714.75,606.53,5.00,59668615,Listed
TVVISION.NS,TV VISION LIMITED,BE,2026-10-01,2.55,98798475.00,9.88,10.00,38744500,Listed
TWCGOLDETF.NS,,,2026-10-01,,,,,,
UBL.NS,UNITED BREWERIES LTD,EQ,2026-10-01,1188.80,314324841131.20,31432.48,1.00,264405149,Listed
UCAL.NS,UCAL LIMITED,BE,2026-10-01,140.40,3104752950.00,310.48,10.00,22113625,Listed
UCL.NS,USHANTI COLOUR CHEM LTD,ST,2026-10-01,210.35,2921067345.00,292.11,10.00,13886700,Listed
UCOBANK.NS,UCO BANK,EQ,2026-10-01,22.95,287532087388.45,28753.21,10.00,12539558979,Listed
UDAYJEW.NS,UDAY JEWELLERY INDS. LTD.,EQ,2026-10-01,159.05,5416458250.50,541.65,10.00,34052925,Listed
UDS.NS,UPDATER SERVICES LIMITED,EQ,2026-10-01,208.55,13963098410.55,1396.31,10.00,66953241,Listed
UEL.NS,UJAAS ENERGY LIMITED,EQ,2026-10-01,183.65,61235190456.30,6123.52,1.00,333397890,Listed
UFBL.NS,UNITED FOODBRANDS LIMITED,BE,2026-10-01,692.75,27098759657.75,2709.88,5.00,39117661,Listed
UFLEX.NS,UFLEX LIMITED,EQ,2026-10-01,649.85,46926634177.10,4692.66,10.00,72211486,Listed
UFO.NS,UFO MOVIEZ INDIA LTD.,EQ,2026-10-01,56.50,2193210522.95,219.32,10.00,38824757,Listed
UGARSUGAR.NS,THE UGAR SUGAR WORKS LTD,BE,2026-10-01,56.05,6304500000.00,630.45,1.00,112500000,Listed
UGROCAP.NS,UGRO CAPITAL LIMITED,EQ,2026-10-01,82.35,12787993399.05,1278.80,10.00,155288323,Listed
UJJIVANSFB.NS,UJJIVAN SMALL FINANC BANK,EQ,2026-10-01,65.60,127989296035.20,12798.93,10.00,1951056342,Listed
ULTRACEMCO.NS,ULTRATECH CEMENT LIMITED,EQ,2026-10-01,10710.00,3156013921410.00,315601.39,10.00,294679171,Listed
ULTRAMAR.NS,ULTRAMARINE & PIGMENTS L,EQ,2026-10-01,406.15,11859580000.00,1185.96,2.00,29200000,Permitted
UMESLTD.NS,USHA MARTIN EDU & SOL LTD,EQ,2026-10-01,4.55,120720256.25,12.07,1.00,26415811,Listed
UMIYA-MRO.NS,UMIYA BUILDCON LIMITED,EQ,2026-10-01,91.75,1714499079.50,171.45,5.00,18684602,Listed
UNICHEMLAB.NS,UNICHEM LABORATORIES LTD,EQ,2026-10-01,535.05,37670596537.50,3767.06,2.00,70405750,Listed
UNIDT.NS,UNITED DRILLING TOOLS LTD,EQ,2026-10-01,239.65,4865644145.90,486.56,10.00,20303126,Listed
UNIECOM.NS,UNICOMMERCE ESOLUTIONS L,EQ,2026-10-01,82.60,9280272106.35,928.03,1.00,112379173,Listed
UNIENTER.NS,UNIPHOS ENTERPRISES LTD,EQ,2026-10-01,87.00,6051879780.00,605.19,2.00,69545849,Listed
UNIHEALTH.NS,UNIHEALTH HOSPITALS LTD,SM,2026-10-01,581.20,9241052102.40,924.11,10.00,15899952,Listed
UNIINFO.NS,UNIINFO TELECOM SERVI LTD,EQ,2026-10-01,10.85,116020352.00,11.60,10.00,10693120,Listed
UNILEX.NS,UNILEX COLOURS AND CHEM L,SM,2026-10-01,29.30,398978100.00,39.90,10.00,13617000,Listed
UNIMECH.NS,UNIMECH AEROSPACE N MFG L,EQ,2026-10-01,1773.00,90249240681.00,9024.92,5.00,50901997,Listed
UNIONBANK.NS,UNION BANK OF INDIA,EQ,2026-10-01,167.60,1279315963677.15,127931.60,10.00,7633605607,Listed
UNIONGOLD.NS,,,2026-10-01,,,,,,
UNIPARTS.NS,UNIPARTS INDIA LIMITED,EQ,2026-10-01,819.30,37000429421.10,3700.04,10.00,45161027,Listed
UNITDSPR.NS,UNITED SPIRITS LIMITED,EQ,2026-10-01,1335.10,971086123840.30,97108.61,2.00,727350853,Listed
UNITECH.NS,UNITECH LTD,EQ,2026-10-01,3.95,10282063114.70,1028.21,2.00,2616301047,Listed
UNITEDPOLY.NS,UNITED POLYFAB GUJ. LTD.,EQ,2026-10-01,47.05,10798704275.00,1079.87,1.00,229515500,Listed
UNITEDTEA.NS,UNITED NILGIRI TEA LTD,EQ,2026-10-01,416.95,2083318193.70,208.33,10.00,4996566,Listed
UNIVASTU.NS,UNIVASTU INDIA LIMITED,BE,2026-10-01,134.25,4831223872.50,483.12,10.00,35986770,Listed
UNIVCABLES.NS,UNIVERSAL CABLES LTD,EQ,2026-10-01,1451.30,46426837376.40,4642.68,10.00,31989828,Listed
UNIVPHOTO.NS,UNIVERSUS IMAGINGS LTD,BE,2026-10-01,490.00,5363835960.00,536.38,10.00,10946604,Listed
UNOMINDA.NS,UNO MINDA LIMITED,EQ,2026-10-01,1111.00,641667911236.00,64166.79,2.00,577558876,Listed
UPHOT.NS,U P HOTELS LTD.,EQ,2026-10-01,1530.00,8262000000.00,826.20,10.00,5400000,Permitted
UPL.NS,UPL LIMITED,EQ,2026-10-01,516.80,436266703542.40,43626.67,2.00,844169318,Listed
URAVIDEF.NS,URAVI DEFENCE &TECH LTD,BE,2026-10-01,103.00,1174200000.00,117.42,10.00,11400000,Listed
URBAN.NS,URBAN ENVIRO WASTE MGMT L,SM,2026-10-01,118.15,1023179000.00,102.32,10.00,8660000,Listed
URBANCO.NS,URBAN COMPANY LIMITED,EQ,2026-10-01,156.35,241104515473.00,24110.45,1.00,1542180603,Listed
URJA.NS,URJA GLOBAL LIMITED,EQ,2026-10-01,8.60,4524153575.95,452.42,1.00,525453377,Listed
USHAFIN.NS,USHA FINANCIAL SERVICES L,ST,2026-10-01,46.70,2030294735.40,203.03,10.00,43475262,Listed
USHAMART.NS,USHA MARTIN LTD.,EQ,2026-10-01,491.70,149841533226.00,14984.15,1.00,304741780,Listed
USK.NS,UDAYSHIVAKUMAR INFRA LTD,EQ,2026-10-01,18.40,1018017841.40,101.80,10.00,55357142,Listed
UTIAMC.NS,UTI ASSET MNGMT CO LTD,EQ,2026-10-01,883.70,113590994181.40,11359.10,10.00,128540222,Listed
UTKAL.NS,UTKAL SPEC INDUS INDIA L,ST,2026-10-01,48.00,937632000.00,93.76,10.00,19534000,Listed
UTKARSHBNK.NS,UTKARSH SMALL FIN BANK L,EQ,2026-10-01,13.45,23899003076.10,2389.90,10.00,1779523684,Listed
UTLSOLAR.NS,FUJIYAMA POWER SYSTEMS L,EQ,2026-10-01,401.65,123267092707.30,12326.71,1.00,306901762,Listed
UTSSAV.NS,UTSSAV CZ GOLD JEWELS LTD,SM,2026-10-01,766.80,18516686400.00,1851.67,10.00,24148000,Listed
UTTAMSUGAR.NS,UTTAM SUGAR MILLS LTD.,EQ,2026-10-01,276.10,10529934932.00,1052.99,10.00,38138120,Listed
UYFINCORP.NS,U. Y. FINCORP LIMITED,BE,2026-10-01,22.85,4348848200.95,434.88,5.00,190238329,Listed
V2RETAIL.NS,V2 RETAIL LIMITED,EQ,2026-10-01,201.40,73434356194.50,7343.44,1.00,364637550,Listed
VADILALIND.NS,VADILAL INDUSTRIES LTD,EQ,2026-10-01,7187.00,51658934210.00,5165.89,10.00,7187830,Listed
VADILENT.NS,VADILAL ENTERPRISES LTD.,EQ,2026-10-01,9910.00,8549039880.00,854.90,10.00,862668,Permitted
VAIBHAVGBL.NS,VAIBHAV GLOBAL LIMITED,EQ,2026-10-01,203.55,34146166226.90,3414.62,2.00,167769696,Listed
VAISHALI.NS,VAISHALI PHARMA LIMITED,EQ,2026-10-01,8.40,1131299958.10,113.13,2.00,134999995,Listed
VAKRANGEE.NS,VAKRANGEE LIMITED,EQ,2026-10-01,5.10,5545942051.85,554.59,1.00,1083191807,Listed
VAL30IETF.NS,,,2026-10-01,,,,,,
VALIANTLAB.NS,VALIANT LABORATORIES LTD,BE,2026-10-01,125.10,6793407500.00,679.34,10.00,54312500,Listed
VALIANTORG.NS,VALIANT ORGANICS LIMITED,EQ,2026-10-01,477.15,13376714161.50,1337.67,10.00,28034610,Listed
VALUE.NS,,,2026-10-01,,,,,,
VALUE360.NS,VALUE 360 COMMUNICATION L,SM,2026-10-01,54.85,882536938.80,88.25,10.00,16090008,Listed
VALUEAXIS.NS,,,2026-10-01,,,,,,
VAML.NS,VEDANTA ALUMINIUM METAL L,EQ,2026-10-01,402.75,1574908789956.75,157490.88,1.00,3910388057,Listed
VARDHACRLC.NS,VARDHAMAN ACRYLICS LTD,BE,2026-10-01,44.35,3563328497.65,356.33,10.00,80363746,Listed
VARDMNPOLY.NS,VARDHMAN POLYTEX LTD.,EQ,2026-10-01,5.70,2753208322.80,275.32,1.00,483019004,Listed
VARROC.NS,VARROC ENGINEERING LTD.,EQ,2026-10-01,830.60,126904383840.00,12690.44,1.00,152786400,Listed
VASCONEQ.NS,VASCON ENGINEERS LTD,EQ,2026-10-01,32.60,7548691876.40,754.87,10.00,231697111,Listed
VASUPRADA.NS,SHRI VASUPRADA PLANTATI L,EQ,2026-10-01,95.50,791326079.05,79.13,10.00,8284402,Permitted
VASWANI.NS,VASWANI IND LTD,EQ,2026-10-01,44.35,1461491347.10,146.15,10.00,32946153,Listed
VBL.NS,VARUN BEVERAGES LIMITED,EQ,2026-10-01,425.30,1438574972093.20,143857.50,2.00,3382494644,Listed
VCL.NS,VAXTEX COTFAB LIMITED,BE,2026-10-01,1.35,251740541.40,25.17,1.00,183752220,Listed
VDEAL.NS,VDEAL SYSTEM LIMITED,SM,2026-10-01,110.50,540395830.00,54.04,10.00,4890460,Listed
VEDAVAAG.NS,VEDAVAAG SYSTEMS LTD.,EQ,2026-10-01,22.15,519966672.00,52.00,10.00,23464200,Permitted
VEDL.NS,VEDANTA LIMITED,EQ,2026-10-01,252.05,985613309766.85,98561.33,1.00,3910388057,Listed
VEDPOWER.NS,VEDANTA POWER LIMITED,EQ,2026-10-01,32.75,128143416627.90,12814.34,10.00,3910388057,Listed
VEEDOL.NS,VEEDOL CORPORATION LTD,EQ,2026-10-01,1356.60,23637398400.00,2363.74,2.00,17424000,Listed
VEEGALAND.NS,VEEGALAND DEVELOPERS LTD,BE,2026-10-01,141.80,6912262500.00,691.23,10.00,48750000,Listed
VEEKAYEM.NS,VEEKAYEM FASH & APP LTD,SM,2026-10-01,104.00,611075920.00,61.11,10.00,5875730,Listed
VELJAN.NS,VELJAN DENISON LTD.,BE,2026-10-01,2296.10,10332450000.00,1033.24,10.00,4500000,Permitted
VENKEYS.NS,VENKY S (INDIA) LIMITED,EQ,2026-10-01,1613.00,22722871355.00,2272.29,10.00,14087335,Listed
VENTIVE.NS,VENTIVE HOSPITALITY LTD,EQ,2026-10-01,552.20,128961675937.60,12896.17,1.00,233541608,Listed
VENUSPIPES.NS,VENUS PIPES & TUBES LTD,EQ,2026-10-01,2204.90,45676950939.00,4567.70,10.00,20716110,Listed
VENUSREM.NS,VENUS REMEDIES LIMITED,EQ,2026-10-01,1796.70,24016467339.60,2401.65,10.00,13366988,Listed
VERANDA.NS,VERANDA LEARNING SOL LTD,EQ,2026-10-01,213.80,20599811088.60,2059.98,10.00,96350847,Listed
VERTOZ.NS,VERTOZ LIMITED,EQ,2026-10-01,35.65,3039301800.00,303.93,10.00,85230000,Listed
VESUVIUS.NS,VESUVIUS INDIA LTD,EQ,2026-10-01,404.10,82016459280.00,8201.65,1.00,202960800,Listed
VETO.NS,VETO SWITCHGEAR CABLE LTD,EQ,2026-10-01,136.80,2614734694.45,261.47,10.00,19114955,Listed
VGCL.NS,VIBRANT GLOBAL CAPITAL L,EQ,2026-10-01,47.90,1097034428.20,109.70,10.00,22907380,Permitted
VGINFOTECH.NS,VIRTUAL GALAXY INFOTECH L,SM,2026-10-01,139.00,3456740265.00,345.67,10.00,24868635,Listed
VGL.NS,VARVEE GLOBAL LIMITED,EQ,2026-10-01,63.10,3251974868.60,325.20,5.00,51528678,Listed
VGUARD.NS,V-GUARD IND LTD.,EQ,2026-10-01,294.55,128693303529.85,12869.33,1.00,436914967,Listed
VHL.NS,VARDHMAN HOLDINGS LIMITED,EQ,2026-10-01,3435.30,10937335622.40,1093.73,10.00,3183808,Listed
VHLTD.NS,VICEROY HOTELS LIMITED,BE,2026-10-01,127.70,9805055781.20,980.51,10.00,76781956,Listed
VIAZ.NS,VIAZ TYRES LIMITED,SM,2026-10-01,84.00,1264998000.00,126.50,10.00,15059500,Listed
VICTORYEV.NS,VICTORY ELEC VEHICL INT L,SM,2026-10-01,13.50,325215000.00,32.52,5.00,24090000,Listed
VIDHIING.NS,VIDHI SPCLTY F INGRDNTS L,EQ,2026-10-01,350.25,17493236250.00,1749.32,1.00,49945000,Listed
VIDYAWIRES.NS,VIDYA WIRES LIMITED,EQ,2026-10-01,90.95,19348619167.80,1934.86,1.00,212692307,Listed
VIESL.NS,VISION INFRA EQUIP SOL L,SM,2026-10-01,365.00,9067476000.00,906.75,10.00,24842400,Listed
VIGOR.NS,VIGOR PLAST INDIA LIMITED,SM,2026-10-01,80.00,828136000.00,82.81,10.00,10351700,Listed
VIJAYA.NS,VIJAYA DIAGNOSTIC CEN LTD,EQ,2026-10-01,1428.00,147080737020.00,14708.07,1.00,102997715,Listed
VIJAYPD.NS,VIJAYPD CEUTICAL LIMITED,SM,2026-10-01,80.05,1563271314.30,156.33,10.00,19528686,Listed
VIJIFIN.NS,VIJI FINANCE LIMITED,BE,2026-10-01,15.15,2903140000.00,290.31,1.00,191500000,Listed
VIJSOLX.NS,VIJAY SOLVEX LTD.,EQ,2026-10-01,623.30,1995347227.90,199.53,10.00,3201263,Permitted
VIKASECO.NS,VIKAS ECOTECH LIMITED,EQ,2026-10-01,1.00,1786393084.25,178.64,1.00,1768706024,Listed
VIKASLIFE.NS,VIKAS LIFECARE LIMITED,EQ,2026-10-01,1.20,2229202272.00,222.92,1.00,1857668560,Listed
VIKRAMSOLR.NS,VIKRAM SOLAR LIMITED,EQ,2026-10-01,154.35,55929398707.35,5592.94,10.00,362354381,Listed
VIKRAN.NS,VIKRAN ENGINEERING LTD,EQ,2026-10-01,58.25,15028475485.00,1502.85,1.00,257911026,Listed
VILAS.NS,VILAS TRANSCORE LIMITED,SM,2026-10-01,398.75,9761400000.00,976.14,10.00,24480000,Listed
VILINBIO.NS,VILIN BIO MED LIMITED,ST,2026-10-01,56.50,861625000.00,86.16,10.00,15250000,Listed
VIMTALABS.NS,VIMTA LABS LIMITED,EQ,2026-10-01,584.35,26120362606.65,2612.04,2.00,44699859,Listed
VINATIORGA.NS,VINATI ORGANICS LTD,EQ,2026-10-01,1208.10,125238450019.20,12523.85,1.00,103665632,Listed
VINCOFE.NS,VINTAGE COFFEE N BVRGS L,EQ,2026-10-01,178.95,26214100790.55,2621.41,10.00,146488409,Listed
VINDHYATEL.NS,VINDHYA TELELINKS LTD,EQ,2026-10-01,2617.00,31013708471.00,3101.37,10.00,11850863,Listed
VINEETLAB.NS,VINEET LABORATORIES LTD,EQ,2026-10-01,35.90,689697012.05,68.97,10.00,19206266,Listed
VINNY.NS,VINNY OVERSEAS LIMITED,EQ,2026-10-01,0.90,418721959.80,41.87,1.00,465246622,Listed
VINOD.NS,VINOD TEXWORLD LIMITED,SM,2026-10-01,50.85,821674980.00,82.17,10.00,16158800,Listed
VINSYS.NS,VINSYS IT SERVICES IND LT,ST,2026-10-01,579.50,8547542131.50,854.75,10.00,14749857,Listed
VINYAS.NS,VINYAS INNOVATIVE TECH L,SM,2026-10-01,1375.15,17305885958.90,1730.59,10.00,12584726,Listed
VINYLINDIA.NS,VINYL CHEMICALS (I) LTD.,EQ,2026-10-01,214.25,3928359289.55,392.84,1.00,18337111,Listed
VIPCLOTHNG.NS,VIP CLOTHING LIMITED,EQ,2026-10-01,20.10,1812504627.10,181.25,2.00,90129519,Listed
VIPIND.NS,VIP INDUSTRIES LTD,EQ,2026-10-01,280.75,39881575152.00,3988.16,2.00,142053696,Listed
VIPULLTD.NS,VIPUL LIMITED,BE,2026-10-01,10.60,1492760893.20,149.28,1.00,140959480,Listed
VIRAT.NS,VIRAT INDUSTRIES LTD.,EQ,2026-10-01,335.80,4876937236.20,487.69,10.00,14523339,Permitted
VIRINCHI.NS,VIRINCHI LIMITED,EQ,2026-10-01,13.30,1497880973.90,149.79,10.00,112707372,Listed
VIRTUALG.NS,VIRTUAL GLOBAL EDU LTD,BE,2026-10-01,0.45,249112027.10,24.91,1.00,566163698,Permitted
VISACHROME.NS,VISA CHROME LIMITED,EQ,2026-10-01,35.90,5235300945.00,523.53,10.00,145789500,Listed
VISAKAIND.NS,VISAKA INDUSTRIES LTD,BE,2026-10-01,83.60,7221709840.80,722.17,2.00,86404760,Listed
VISAMAN.NS,VISAMAN GLOBAL SALES LTD,SM,2026-10-01,27.20,578573892.80,57.86,10.00,21271099,Listed
VISDEM.NS,VISDEM TECHNOSYS LIMITED,SM,2026-10-01,91.00,934752000.00,93.48,10.00,10272000,Listed
VISHAL.NS,VISHAL FABRICS LTD.,EQ,2026-10-01,17.40,4303461852.15,430.35,5.00,247610003,Permitted
VISHNU.NS,VISHNU CHEMICALS LIMITED,EQ,2026-10-01,658.25,44310285693.00,4431.03,2.00,67315284,Listed
VISHNUINFR.NS,VISHNUSURYA PROJ N INFR L,SM,2026-10-01,148.70,3855127500.60,385.51,10.00,25925538,Listed
VISHWARAJ.NS,VISHWARAJ SUGAR IND LTD,EQ,2026-10-01,5.20,1128347486.00,112.83,2.00,217827700,Listed
VISHWAS.NS,VISHWAS AGRI SEEDS LTD,SM,2026-10-01,44.45,444500000.00,44.45,10.00,10000000,Listed
VISL.NS,VEDANTA IRON AND STEEL L,EQ,2026-10-01,31.15,121886795736.70,12188.68,1.00,3910388057,Listed
VITAL.NS,VITAL CHEMTECH LIMITED,EQ,2026-10-01,53.45,1280425806.00,128.04,10.00,23951100,Listed
VIVIANA.NS,VIVIANA POWER TECH LTD,EQ,2026-10-01,774.50,7841657600.00,784.17,10.00,10124800,Listed
VIVIDEL.NS,VIVID ELECTROMECH LIMITED,SM,2026-10-01,1747.65,15532763670.00,1553.28,10.00,8887800,Listed
VIVIDHA.NS,VISAGAR POLYTEX LTD,EQ,2026-10-01,0.50,146350267.00,14.64,1.00,292700534,Listed
VIVIMEDLAB.NS,VIVIMED LABS LIMITED,BE,2026-10-01,5.70,473438454.65,47.34,2.00,82913915,Listed
VIVOBIOT.NS,VIVO BIO TECH LTD.,EQ,2026-10-01,17.15,380125457.65,38.01,10.00,22190628,Permitted
VIYASH.NS,VIYASH SCIENTIFIC LIMITED,EQ,2026-10-01,231.75,102347212522.50,10234.72,2.00,441627670,Listed
VLEGOV.NS,VL E GOV AND IT SOL LTD,EQ,2026-10-01,9.60,1041132758.40,104.11,10.00,108451329,Listed
VLSFINANCE.NS,VLS FINANCE LTD,EQ,2026-10-01,230.85,7244391926.80,724.44,10.00,31378663,Listed
VMARCIND.NS,V MARC INDIA LIMITED,SM,2026-10-01,325.00,47620357200.00,4762.04,10.00,146524176,Listed
VMART.NS,VMART RETAIL LTD,EQ,2026-10-01,746.10,59371198479.00,5937.12,10.00,79575390,Listed
VMM.NS,VISHAL MEGA MART LIMITED,EQ,2026-10-01,99.50,466138459580.50,46613.85,10.00,4684808639,Listed
VMOBILE.NS,VINIT MOBILE LIMITED,SM,2026-10-01,56.05,345828500.00,34.58,10.00,6170000,Listed
VMSTMT.NS,VMS TMT LIMITED,EQ,2026-10-01,46.65,2315295946.50,231.53,10.00,49631210,Listed
VOEPL.NS,VIRTUOSO OPTOELECTRONIC L,EQ,2026-10-01,493.00,15693707947.00,1569.37,10.00,31833079,Listed
VOGL.NS,VEDANTA OIL AND GAS LTD,EQ,2026-10-01,32.00,125054210062.85,12505.42,1.00,3910388057,Listed
VOITHPAPR.NS,VOITH PAPER FABRICS IND L,EQ,2026-10-01,1407.30,6181648280.70,618.16,10.00,4392559,Permitted
VOLERCAR.NS,VOLER CAR LIMITED,SM,2026-10-01,216.30,2410344890.10,241.03,10.00,11143527,Listed
VOLTAMP.NS,VOLTAMP TRANSFORMERS LTD,EQ,2026-10-01,10426.00,105481093120.00,10548.11,10.00,10117120,Listed
VOLTAS.NS,VOLTAS LTD,EQ,2026-10-01,1053.20,348487808168.00,34848.78,1.00,330884740,Listed
VPRPL.NS,VISHNU PRAKASH R PUNGLI L,EQ,2026-10-01,28.40,3538643160.00,353.86,10.00,124644000,Listed
VR.NS,V R INFRASPACE LIMITED,SM,2026-10-01,95.95,852036000.00,85.20,10.00,8880000,Listed
VRAJ.NS,VRAJ IRON AND STEEL LTD,EQ,2026-10-01,121.75,4015963689.45,401.60,10.00,32982619,Listed
VRLLOG.NS,VRL LOGISTICS LIMITED,EQ,2026-10-01,285.05,50364626499.50,5036.46,10.00,176686990,Listed
VSSL.NS,VARDHMAN SPC STEEL LTD,EQ,2026-10-01,383.30,37065561527.40,3706.56,10.00,96701178,Listed
VSTIND.NS,VST INDUSTRIES LTD,EQ,2026-10-01,201.15,34165865676.80,3416.59,10.00,169861120,Listed
VSTL.NS,VIBHOR STEEL TUBES LTD,EQ,2026-10-01,108.85,2064061920.55,206.41,10.00,18962443,Listed
VSTTILLERS.NS,VST TILLERS TRACTORS LTD,EQ,2026-10-01,4339.80,37551221809.20,3755.12,10.00,8652754,Listed
VTL.NS,VARDHMAN TEXTILES LIMITED,EQ,2026-10-01,529.25,153258521400.00,15325.85,2.00,289576800,Listed
VTMLTD.NS,V T M LTD.,EQ,2026-10-01,38.15,3836707350.00,383.67,1.00,100569000,Listed
WAAREEENER.NS,WAAREE ENERGIES LIMITED,EQ,2026-10-01,2340.00,673104123900.00,67310.41,10.00,287651335,Listed
WAAREEINDO.NS,INDOSOLAR LIMITED,EQ,2026-10-01,203.40,8461774712.50,846.18,10.00,41603691,Listed
WAAREERTL.NS,WAAREE RENEWABLE TECH LTD,EQ,2026-10-01,808.80,84421910709.60,8442.19,2.00,104379217,Listed
WABAG.NS,VA TECH WABAG LTD,EQ,2026-10-01,2004.90,125289344683.20,12528.93,2.00,62491568,Listed
WAKEFIT.NS,WAKEFIT INNOVATIONS LTD,EQ,2026-10-01,139.90,46390533233.70,4639.05,1.00,331645219,Listed
WALCHANNAG.NS,WALCHANDNAGAR INDUSTRIES,EQ,2026-10-01,196.10,13314720634.55,1331.47,2.00,67904532,Listed
WALPAR.NS,WALPAR NUTRITIONS LIMITED,SM,2026-10-01,27.40,257298056.00,25.73,10.00,9390440,Listed
WANBURY.NS,WANBURY LIMITED,EQ,2026-10-01,198.00,6923102074.70,692.31,10.00,34966928,Listed
WARDINMOBI.NS,WARDWIZARD INNO & MOB L,EQ,2026-10-01,5.30,1597340638.25,159.73,1.00,300817446,Permitted
WATERBASE.NS,WATERBASE LTD.,EQ,2026-10-01,45.40,1880775766.60,188.08,10.00,41426779,Permitted
WCIL.NS,WESTERN CARRIERS (IND) L,EQ,2026-10-01,93.00,9482854361.15,948.29,5.00,101955213,Listed
WEALTH.NS,WEALTH FRST PORT. MG. LTD,EQ,2026-10-01,889.95,9482417250.00,948.24,10.00,10655000,Listed
WEBELSOLAR.NS,WEBSOL ENERGY SYSTEM LTD,EQ,2026-10-01,68.70,29827030389.00,2982.70,1.00,434163470,Listed
WEIZMANIND.NS,WEIZMANN LTD,EQ,2026-10-01,71.45,1107035725.40,110.70,10.00,15493852,Listed
WEL.NS,WONDER ELECTRICALS LTD,EQ,2026-10-01,71.70,9608373600.00,960.84,1.00,134008000,Listed
WELCORP.NS,WELSPUN CORP LIMITED,EQ,2026-10-01,2605.80,687385662741.00,68738.57,5.00,263790645,Listed
WELENT.NS,WELSPUN ENTERPRISES LTD.,EQ,2026-10-01,724.45,100273884654.50,10027.39,10.00,138413810,Listed
WELINV.NS,WELSPUN INV & COMM LTD,BE,2026-10-01,2478.00,9055791528.00,905.58,10.00,3654476,Listed
WELSPLSOL.NS,WELSPUN SPECIALTY SOL L,EQ,2026-10-01,52.60,34840109778.10,3484.01,6.00,662611445,Permitted
WELSPUNLIV.NS,WELSPUN LIVING LIMITED,EQ,2026-10-01,239.15,225956458773.40,22595.65,1.00,944752514,Listed
WENDT.NS,WENDT (INDIA) LIMITED,EQ,2026-10-01,8116.00,16232000000.00,1623.20,10.00,2000000,Listed
WESTLIFE.NS,WESTLIFE FOODWORLD LTD,EQ,2026-10-01,588.05,91698261828.25,9169.83,2.00,155936165,Listed
WEWIN.NS,WE WIN LIMITED,EQ,2026-10-01,51.65,524815650.00,52.48,10.00,10161000,Listed
WEWORK.NS,WEWORK INDIA MANAGEMENT L,EQ,2026-10-01,659.60,91598792494.80,9159.88,10.00,138870213,Listed
WHBRADY.NS,W H BRADY & CO. LTD.,EQ,2026-10-01,465.05,1185877500.00,118.59,10.00,2550000,Permitted
WHEELS.NS,WHEELS INDIA LTD,EQ,2026-10-01,2241.30,57523060875.90,5752.31,10.00,25665043,Listed
WHIRLPOOL.NS,WHIRLPOOL OF INDIA LTD,EQ,2026-10-01,861.65,109319112319.50,10931.91,10.00,126871830,Listed
WILLAMAGOR.NS,WILLIAMSON MAGOR,EQ,2026-10-01,21.20,232165268.40,23.22,10.00,10956360,Listed
WINDLAS.NS,WINDLAS BIOTECH LIMITED,EQ,2026-10-01,1082.40,22336654269.60,2233.67,5.00,20636229,Listed
WINDMACHIN.NS,WINDSOR MACHINES LIMITED,EQ,2026-10-01,293.15,30329128093.55,3032.91,2.00,103459417,Listed
WINSOL.NS,WINSOL ENGINEERS LIMITED,SM,2026-10-01,106.00,1222731200.00,122.27,10.00,11535200,Listed
WIPL.NS,THE WESTERN INDIA PLY LTD,EQ,2026-10-01,161.00,1366461740.00,136.65,10.00,8487340,Listed
WIPRO.NS,WIPRO LTD,EQ,2026-10-01,159.35,1578400907394.20,157840.09,2.00,9905245732,Listed
WOCKPHARMA.NS,WOCKHARDT LIMITED,EQ,2026-10-01,2083.90,338617430979.10,33861.74,5.00,162492169,Listed
WOL3D.NS,WOL 3D INDIA LIMITED,SM,2026-10-01,134.00,864568000.00,86.46,10.00,6452000,Listed
WOMANCART.NS,WOMANCART LIMITED,ST,2026-10-01,96.35,791303280.00,79.13,10.00,8212800,Listed
WONDERLA.NS,WONDERLA HOLIDAYS LTD.,EQ,2026-10-01,495.10,31421597250.30,3142.16,10.00,63465153,Listed
WORTHPERI.NS,WORTH PERIPHERALS LIMITED,EQ,2026-10-01,143.75,2264048740.00,226.40,10.00,15751000,Listed
WPIL.NS,W P I L LTD.,EQ,2026-10-01,430.65,42061930020.00,4206.19,1.00,97670800,Permitted
WSI.NS,W.S.INDUSTRIES (I) LTD.,EQ,2026-10-01,53.20,4037630917.60,403.76,10.00,75895318,Listed
WSTCSTPAPR.NS,WEST COAST PAPER MILLS LT,EQ,2026-10-01,727.65,48060487906.20,4806.05,2.00,66048908,Listed
WTICAB.NS,WISE TRAVEL INDIA LIMITED,SM,2026-10-01,95.00,2262124515.00,226.21,10.00,23811837,Listed
XCHANGING.NS,XCHANGING SOLUTIONS LTD,EQ,2026-10-01,59.75,6654143956.70,665.41,10.00,111403716,Listed
XELPMOC.NS,XELPMOC DESIGN & TECH LTD,EQ,2026-10-01,93.65,1388406808.05,138.84,10.00,14822321,Listed
XPROINDIA.NS,XPRO INDIA LIMITED,EQ,2026-10-01,1136.20,26667043483.60,2666.70,10.00,23470378,Listed
XTGLOBAL.NS,XTGLOBAL INFOTECH LIMITED,EQ,2026-10-01,28.70,3848009096.45,384.80,1.00,134123705,Listed
XTRANET.NS,XTRANET TECHNOLOGIES LTD,EQ,2026-10-01,272.40,14242624680.00,1424.26,10.00,52285700,Listed
YAAP.NS,YAAP DIGITAL LIMITED,SM,2026-10-01,122.00,2553826000.00,255.38,10.00,20933000,Listed
YASHO.NS,YASHO INDUSTRIES LIMITED,EQ,2026-10-01,4036.00,48662435420.00,4866.24,10.00,12057095,Listed
YASHOPTICS.NS,YASH OPTICS & LENS LTD,SM,2026-10-01,135.40,3353262240.00,335.33,10.00,24765600,Listed
YATHARTH.NS,YATHARTH HOSP & TRA C S L,EQ,2026-10-01,1033.70,99601498830.90,9960.15,10.00,96354357,Listed
YATRA.NS,YATRA ONLINE LIMITED,EQ,2026-10-01,98.85,15508027354.20,1550.80,1.00,156916193,Listed
YCCL.NS,YASONS CHEMEX CARE LTD,SM,2026-10-01,8.50,164083320.00,16.41,10.00,19303920,Listed
YESBANK.NS,YES BANK LIMITED,EQ,2026-10-01,20.75,651310253068.25,65131.03,2.00,31388445931,Listed
YOGI.NS,YOGI LTD.,EQ,2026-10-01,159.35,7170750000.00,717.08,10.00,45000000,Permitted
YUKEN.NS,YUKEN INDIA LIMITED,EQ,2026-10-01,1141.40,15504777600.00,1550.48,10.00,13584000,Listed
ZAGGLE.NS,ZAGGLE PREPA OCEAN SER L,EQ,2026-10-01,171.75,23090548759.85,2309.05,1.00,134458445,Listed
ZEAL.NS,ZEAL GLOBAL SERVICES LTD,SM,2026-10-01,68.55,912383362.50,91.24,10.00,13309750,Listed
ZEEL.NS,ZEE ENTERTAINMENT ENT LTD,EQ,2026-10-01,71.90,69080556686.40,6908.06,1.00,960519420,Listed
ZEELEARN.NS,ZEE LEARN LIMITED,EQ,2026-10-01,6.30,2064707133.30,206.47,1.00,327731291,Listed
ZEEMEDIA.NS,ZEE MEDIA CORPORATION LTD,EQ,2026-10-01,7.20,4719086496.00,471.91,1.00,655428680,Listed
ZENITHDRUG.NS,ZENITH DRUGS LIMITED,SM,2026-10-01,42.05,721107040.00,72.11,10.00,17148800,Listed
ZENITHEXPO.NS,ZENITH EXPORTS LTD,EQ,2026-10-01,203.05,1095654600.00,109.57,10.00,5396250,Listed
ZENITHSTL.NS,ZENITH STEEL PIP IND LTD,EQ,2026-10-01,5.10,725630284.80,72.56,10.00,142280448,Listed
ZENSARTECH.NS,ZENSAR TECHNOLOGIES  LTD,EQ,2026-10-01,434.35,98849682691.55,9884.97,2.00,227580713,Listed
ZENTEC.NS,ZEN TECHNOLOGIES LIMITED,EQ,2026-10-01,1576.10,142306630091.60,14230.66,1.00,90290356,Listed
ZFCVINDIA.NS,ZF COM VE CTR SYS IND LTD,EQ,2026-10-01,2241.00,255038134464.00,25503.81,5.00,113805504,Listed
ZFSTEERING.NS,Z F STEERING GEAR (I) LTD,EQ,2026-10-01,708.40,6427525720.00,642.75,10.00,9073300,Permitted
ZIMLAB.NS,ZIM LABORATORIES LIMITED,EQ,2026-10-01,137.00,7352286025.75,735.23,10.00,53658488,Listed
ZODIAC.NS,ZODIAC ENERGY LIMITED,EQ,2026-10-01,216.90,3286757624.05,328.68,10.00,15152633,Listed
ZODIACLOTH.NS,ZODIAC CLOTHING CO. LTD.,EQ,2026-10-01,66.70,1831731919.00,183.17,10.00,27458131,Listed
ZOTA.NS,ZOTA HEALTH CARE LIMITED,EQ,2026-10-01,1267.80,43907193798.60,4390.72,10.00,34632587,Listed
ZSARACOM.NS,SARASWATI COMM (INDIA) L,EQ,2026-10-01,10017.00,10977910776.00,1097.79,10.00,1095928,Permitted
ZTECH.NS,Z-TECH (INDIA) LIMITED,SM,2026-10-01,437.05,6499566348.40,649.96,10.00,14871448,Listed
ZUARI.NS,ZUARI AGRO CHEMICALS LTD,EQ,2026-10-01,212.90,8953308317.30,895.33,10.00,42058006,Listed
ZUARIIND.NS,ZUARI INDUSTRIES LIMITED,EQ,2026-10-01,281.85,8393826710.40,839.38,10.00,29781184,Listed
ZYDUSLIFE.NS,ZYDUS LIFESCIENCES LTD,EQ,2026-10-01,1145.70,1142840140322.40,114284.01,1.00,997503832,Listed
ZYDUSWELL.NS,ZYDUS WELLNESS LIMITED,EQ,2026-10-01,493.25,156932775140.00,15693.28,2.00,318160720,Listed
