symbol,company_name,sector,industry
20MICRONS.NS,20 Microns Limited,Basic Materials,Other Industrial Metals & Mining
21STCENMGM.NS,Twentyfirst Century Management Services Limited,Financial Services,Capital Markets
360ONE.NS,360 One Wam Limited,Financial Services,Asset Management
3BBLACKBIO.NS,3B Blackbio Dx Limited,Healthcare,Biotechnology
3IINFOLTD.NS,3i Infotech Limited,Technology,Information Technology Services
3MINDIA.NS,3M India Limited,Industrials,Conglomerates
3PLAND.NS,3PLAND,Real Estate,Real Estate Services
5PAISA.NS,5paisa Capital Limited,Financial Services,Capital Markets
63MOONS.NS,63 moons technologies limited,Technology,Software - Application
A2ZINFRA.NS,A2Z Infra Engineering Limited,Industrials,Engineering & Construction
AAATECH.NS,AAA Technologies Limited,Technology,Information Technology Services
AADHARHFC.NS,Aadhar Housing Finance Limited,Financial Services,Mortgage Finance
AAKAAR.NS,AAKAAR,Healthcare,Medical Devices
AAKASH.NS,Aakash Exploration Services Limited,Energy,Oil & Gas Equipment & Services
AARADHYA.NS,AARADHYA,,
AAREYDRUGS.NS,Aarey Drugs & Pharmaceuticals Limited,Healthcare,Drug Manufacturers - Specialty & Generic
AARNAV.NS,AARNAV,,
AARON.NS,Aaron Industries Limited,Industrials,Specialty Industrial Machinery
AARTECH.NS,Aartech Solonics Limited,Industrials,Electrical Equipment & Parts
AARTIDRUGS.NS,Aarti Drugs Limited,Healthcare,Drug Manufacturers - Specialty & Generic
AARTIIND.NS,Aarti Industries Limited,Basic Materials,Specialty Chemicals
AARTIPHARM.NS,Aarti Pharmalabs Limited,Healthcare,Drug Manufacturers - Specialty & Generic
AARTISURF.NS,Aarti Surfactants Limited,Basic Materials,Specialty Chemicals
AARVI.NS,Aarvi Encon Limited,Industrials,Staffing & Employment Services
AASTHA.NS,Aastha Spintex Limited,Consumer Cyclical,Textile Manufacturing
AATMAJ.NS,Aatmaj Healthcare Limited,Healthcare,Medical Care Facilities
AAVAS.NS,Aavas Financiers Limited,Financial Services,Mortgage Finance
ABAN.NS,Aban Offshore Limited,Energy,Oil & Gas Drilling
ABANSENT.NS,ABans Enterprises Limited,Financial Services,Capital Markets
ABB.NS,ABB India Limited,Industrials,Specialty Industrial Machinery
ABBOTINDIA.NS,Abbott India Limited,Healthcare,Drug Manufacturers - Specialty & Generic
ABCAPITAL.NS,Aditya Birla Capital Limited,Financial Services,Financial Conglomerates
ABCOTS.NS,A B Cotspin India Limited,Consumer Cyclical,Textile Manufacturing
ABDL.NS,Allied Blenders and Distillers Limited,Consumer Defensive,Beverages - Wineries & Distilleries
ABFRL.NS,Aditya Birla Fashion and Retail Limited,Consumer Cyclical,Apparel Manufacturing
ABGSEC.NS,Aditya Birla Sun Life CRISIL Broad Based Gilt ETF,Financial Services,Exchange Traded Fund (ETF)
ABH.NS,ABH,,
ABHAPOWER.NS,ABHAPOWER,Industrials,Castings - Grey Iron
ABINFRA.NS,A B Infrabuild Limited,Industrials,Engineering & Construction
ABLBL.NS,Aditya Birla Lifestyle Brands Limited,Consumer Cyclical,Apparel Retail
ABMINTLLTD.NS,ABM International Limited,Basic Materials,Specialty Chemicals
ABMKNO.NS,ABM Knowledgeware Limited,Technology,Software - Application
ABREL.NS,Aditya Birla Real Estate Limited,Real Estate,Real Estate Services
ABSL10BANK.NS,Aditya Birla Sun Life BSE Top 10 Banks ETF,Financial Services,Exchange Traded Fund (ETF)
ABSLAMC.NS,Aditya Birla Sun Life AMC Limited,Financial Services,Asset Management
ABSLBANETF.NS,Aditya Birla Sun Life Nifty Bank ETF,Financial Services,Exchange Traded Fund (ETF)
ABSLLIQUID.NS,Aditya BSL CRISIL Liquid Ovrnght ETF,Financial Services,Exchange Traded Fund (ETF)
ABSLMSCIN.NS,Aditya Birla Sun Life MSCI India ETF,Financial Services,Exchange Traded Fund (ETF)
ABSLNN50ET.NS,Aditya Birla Sun Life Nifty Next 50 ETF,Financial Services,Exchange Traded Fund (ETF)
ABSLPSE.NS,Aditya Birla Sun Life Nifty PSE ETF,Financial Services,Exchange Traded Fund (ETF)
ABSMARINE.NS,ABS Marine Services Limited,Industrials,Shipping - medium / small
ACC.NS,ACC Limited,Basic Materials,Building Materials
ACCELYA.NS,Accelya Solutions India Limited,Technology,Information Technology Services
ACCENTMIC.NS,Accent Microcell Limited,Healthcare,Drug Manufacturers - General
ACCPL.NS,ACCPL,,
ACCURACY.NS,Accuracy Shipping Limited,Industrials,Integrated Freight & Logistics
ACE.NS,Action Construction Equipment Limited,Industrials,Farm & Heavy Construction Machinery
ACEINTEG.NS,Ace Integrated Solutions Limited,Industrials,Staffing & Employment Services
ACETEC.NS,ACETEC,,
ACGL.NS,Automobile Corporation of Goa Limited,Consumer Cyclical,Auto Parts
ACI.NS,Archean Chemical Industries Limited,Basic Materials,Chemicals
ACL.NS,Andhra Cements Limited,Basic Materials,Building Materials
ACMESOLAR.NS,ACME Solar Holdings Limited,Utilities,Utilities - Renewable
ACSTECH.NS,ACS Technologies Limited,Technology,Information Technology Services
ACUTAAS.NS,Acutaas Chemicals Limited,Basic Materials,Specialty Chemicals
ADANIENSOL.NS,Adani Energy Solutions Limited,Utilities,Utilities - Independent Power Producers
ADANIENT.NS,Adani Enterprises Limited,Energy,Thermal Coal
ADANIGREEN.NS,Adani Green Energy Limited,Utilities,Utilities - Renewable
ADANIPORTS.NS,Adani Ports and Special Economic Zone Limited,Industrials,Marine Shipping
ADANIPOWER.NS,Adani Power Limited,Utilities,Utilities - Independent Power Producers
ADDICTIVE.NS,ADDICTIVE,,
ADDIND.NS,Addi Industries Limited,Consumer Cyclical,Textile Manufacturing
ADFFOODS.NS,ADF Foods Limited,Consumer Defensive,Packaged Foods
ADISOFT.NS,ADISOFT,,
ADL.NS,Archidply Decor Limited,Consumer Cyclical,"Furnishings, Fixtures & Appliances"
ADOR.NS,Ador Welding Limited,Industrials,Specialty Industrial Machinery
ADROITINFO.NS,Adroit Infotech Limited,Technology,Information Technology Services
ADSL.NS,Allied Digital Services Limited,Technology,Information Technology Services
ADVAIT.NS,Advait Energy Transitions Limited,Industrials,Specialty Industrial Machinery
ADVANCE.NS,Advance Agrolife Limited,Basic Materials,Agricultural Inputs
ADVANIHOTR.NS,Advani Hotels & Resorts (India) Limited,Consumer Cyclical,Lodging
ADVENTHTL.NS,Advent Hotels International Limited,Consumer Cyclical,Lodging
ADVENZYMES.NS,Advanced Enzyme Technologies Limited,Basic Materials,Specialty Chemicals
ADVIKCA.NS,Advik Capital Limited,Financial Services,Credit Services
AEGISLOG.NS,Aegis Logistics Limited,Energy,Oil & Gas Refining & Marketing
AEGISVOPAK.NS,Aegis Vopak Terminals Limited,Energy,Oil & Gas Equipment & Services
AEPL.NS,Artemis Electricals and Projects Limited,Industrials,Electrical Equipment & Parts
AEQUS.NS,Aequs Limited,Industrials,Aerospace & Defense
AEROENTER.NS,Aeroflex Enterprises Limited,Basic Materials,Steel
AEROFLEX.NS,Aeroflex Industries Limited,Industrials,Metal Fabrication
AERONEU.NS,Aeroflex Neu Limited,Consumer Cyclical,Packaging & Containers
AEROPLANE.NS,Amir Chand Jagdish Kumar (Exports) Limited,Consumer Defensive,Farm Products
AESTHETIK.NS,AESTHETIK,Industrials,Engineering & Construction
AETHER.NS,Aether Industries Limited,Basic Materials,Specialty Chemicals
AFCONS.NS,Afcons Infrastructure Limited,Industrials,Engineering & Construction
AFFLE.NS,Affle 3i Limited,Communication Services,Advertising Agencies
AFFORDABLE.NS,Affordable Robotic & Automation Limited,Industrials,Specialty Industrial Machinery
AFIL.NS,Akme Fintrade (India) Limited,Financial Services,Credit Services
AFSL.NS,Abans Financial Services Limited,Financial Services,Capital Markets
AGARIND.NS,Agarwal Industrial Corporation Limited,Basic Materials,Specialty Chemicals
AGARWALEYE.NS,Dr. Agarwal's Health Care Limited,Healthcare,Medical Instruments & Supplies
AGARWALFT.NS,Agarwal Float Glass India Limited,Industrials,Industrial Distribution
AGARWALTUF.NS,AGARWALTUF,Basic Materials,Packaging & Containers
AGI.NS,AGI Greenpac Limited,Consumer Cyclical,Packaging & Containers
AGIIL.NS,AGI Infra Limited,Real Estate,Real Estate - Development
AGL.NS,Allcargo Global Limited,Industrials,Integrated Freight & Logistics
AGNI.NS,Agni Green Power Limited,Industrials,Electrical Equipment & Parts
AGRITECH.NS,Agri-tech (India) Limited,Consumer Defensive,Farm Products
AGROPHOS.NS,Agro Phos (India) Limited,Basic Materials,Agricultural Inputs
AGSTRA.NS,AGS Transact Technologies Limited,Technology,Software - Infrastructure
AHCL.NS,AHCL,Healthcare,Drug Manufacturers - Specialty & Generic
AHLADA.NS,Ahlada Engineers Limited,Industrials,Building Products & Equipment
AHLEAST.NS,Asian Hotels (East) Limited,Consumer Cyclical,Lodging
AHLUCONT.NS,Ahluwalia Contracts (India) Limited,Industrials,Engineering & Construction
AHLWEST.NS,AHLWEST,Consumer Cyclical,Lodging
AIAENG.NS,AIA Engineering Limited,Industrials,Specialty Industrial Machinery
AIIL.NS,Authum Investment & Infrastructure Limited,Financial Services,Capital Markets
AILIMITED.NS,AILIMITED,,
AIMTRON.NS,AIMTRON,,
AIRAN.NS,Airan Limited,Technology,Information Technology Services
AIROLAM.NS,Airo Lam Limited,Consumer Cyclical,"Furnishings, Fixtures & Appliances"
AISL.NS,AISL,,
AJANTPHARM.NS,Ajanta Pharma Limited,Healthcare,Drug Manufacturers - Specialty & Generic
AJAXENGG.NS,AJAXENGG,Industrials,Farm & Heavy Construction Machinery
AJMERA.NS,Ajmera Realty & Infra India Limited,Real Estate,Real Estate - Development
AJOONI.NS,Ajooni Biotech Limited,Consumer Defensive,Packaged Foods
AKANKSHA.NS,AKANKSHA,Industrials,Electrical Equipment & Parts
AKASH.NS,Akash Infra-Projects Limited,Industrials,Engineering & Construction
AKCAPIT.NS,AKCAPIT,Financial Services,Capital Markets
AKG.NS,AKG Exim Limited,Industrials,Industrial Distribution
AKI.NS,AKI India Limited,Consumer Cyclical,Footwear & Accessories
AKIKO.NS,AKIKO,,
AKSHAR.NS,AKSHAR,Consumer Cyclical,Textile Manufacturing
AKSHARCHEM.NS,AksharChem (India) Limited,Basic Materials,Specialty Chemicals
AKSHOPTFBR.NS,Aksh Optifibre Limited,Technology,Communication Equipment
AKUMS.NS,Akums Drugs and Pharmaceuticals Limited,Healthcare,Drug Manufacturers - Specialty & Generic
ALANKIT.NS,Alankit Limited,Technology,Information Technology Services
ALBERTDAVD.NS,ALBERTDAVD,Healthcare,Drug Manufacturers - Specialty & Generic
ALEMBICLTD.NS,Alembic Limited,Real Estate,Real Estate - Development
ALFREDHE.NS,ALFREDHE,Industrials,Specialty Industrial Machinery
ALGOQUANT.NS,ALGOQUANT,Financial Services,Capital Markets
ALICON.NS,Alicon Castalloy Limited,Industrials,Metal Fabrication
ALIVUS.NS,ALIVUS,Healthcare,Drug Manufacturers - Specialty & Generic
ALKALI.NS,Alkali Metals Limited,Basic Materials,Specialty Chemicals
ALKEM.NS,Alkem Laboratories Limited,Healthcare,Drug Manufacturers - Specialty & Generic
ALKYLAMINE.NS,Alkyl Amines Chemicals Limited,Basic Materials,Specialty Chemicals
ALLCARGO.NS,Allcargo Logistics Limited,Industrials,Integrated Freight & Logistics
ALLDIGI.NS,Alldigi Tech Limited,Industrials,Specialty Business Services
ALLETEC.NS,ALLETEC,,
ALLTIME.NS,All Time Plastics Limited,Consumer Defensive,Household & Personal Products
ALMONDZ.NS,Almondz Global Securities Limited,Financial Services,Capital Markets
ALOKINDS.NS,Alok Industries Limited,Consumer Cyclical,Textile Manufacturing
ALPA.NS,ALPA,Healthcare,Drug Manufacturers - Specialty & Generic
ALPEXSOLAR.NS,ALPEXSOLAR,,
ALPHA.NS,Kotak Nifty Alpha 50 ETF,Financial Services,Exchange Traded Fund (ETF)
ALPHAETF.NS,ALPHAETF,Financial Services,Exchange Traded Fund (ETF)
ALPHAGEO.NS,Alphageo (India) Limited,Energy,Oil & Gas Equipment & Services
ALPINETEX.NS,ALPINETEX,Consumer Cyclical,Textile Manufacturing
ALPL30IETF.NS,ALPL30IETF,Financial Services,Exchange Traded Fund (ETF)
ALUFLUOR.NS,ALUFLUOR,Basic Materials,Chemicals
ALUWIND.NS,ALUWIND,,
AMAGI.NS,AMAGI,Technology,Software - Application
AMAL.NS,Amal Ltd,Basic Materials,Chemicals
AMANTA.NS,Amanta Healthcare Limited,Healthcare,Drug Manufacturers - Specialty & Generic
AMARJOTHI.NS,AMARJOTHI,Consumer Cyclical,Textile Manufacturing
AMBAAUTO.NS,AMBAAUTO,,
AMBALALSA.NS,AMBALALSA,Healthcare,Drug Manufacturers - Specialty & Generic
AMBANIORGO.NS,AMBANIORGO,Basic Materials,Specialty Chemicals
AMBER.NS,Amber Enterprises India Limited,Consumer Cyclical,"Furnishings, Fixtures & Appliances"
AMBICAAGAR.NS,Ambica Agarbathies Aroma & Industries Limited,Consumer Defensive,Household & Personal Products
AMBIKCO.NS,AMBIKCO,Consumer Cyclical,Textile Manufacturing
AMBUJACEM.NS,Ambuja Cements Limited,Basic Materials,Building Materials
AMCL.NS,AMCL,,
AMDIND.NS,AMD Industries Limited,Consumer Cyclical,Packaging & Containers
AMEYA.NS,AMEYA,,
AMJLAND.NS,AMJ Land Holdings Limited,Real Estate,Real Estate - Development
AMNPLST.NS,AMNPLST,Basic Materials,Chemicals
AMRUTANJAN.NS,Amrutanjan Health Care Limited,Healthcare,Drug Manufacturers - Specialty & Generic
ANANDRATHI.NS,Anand Rathi Wealth Limited,Financial Services,Asset Management
ANANTRAJ.NS,Anant Raj Limited,Real Estate,Real Estate - Development
ANAWIL.NS,ANAWIL,,
ANDHRAPAP.NS,Andhra Paper Limited,Basic Materials,Paper & Paper Products
ANDHRSUGAR.NS,The Andhra Sugars Limited,Basic Materials,Chemicals
ANDREWYU.NS,ANDREWYU,Consumer Defensive,Farm Products
ANGELONE.NS,Angel One Limited,Financial Services,Capital Markets
ANIKINDS.NS,Anik Industries Limited,Consumer Defensive,Food Distribution
ANKITMETAL.NS,Ankit Metal & Power Limited,Basic Materials,Steel
ANLON.NS,ANLON,,
ANMOL.NS,Anmol India Limited,Energy,Thermal Coal
ANNAPURNA.NS,ANNAPURNA,Consumer Defensive,Packaged Foods
ANNU.NS,ANNU,Industrials,Infrastructure Operations
ANONDITA.NS,ANONDITA,,
ANSALAPI.NS,Ansal Properties & Infrastructure Limited,Real Estate,Real Estate - Development
ANSALBU.NS,ANSALBU,Real Estate,Real Estate - Development
ANTELOPUS.NS,Antelopus Selan Energy Limited,Energy,Oil & Gas E&P
ANTGRAPHIC.NS,Antarctica Limited,Consumer Cyclical,Packaging & Containers
ANTHEM.NS,ANTHEM,Healthcare,Biotechnology
ANUHPHR.NS,ANUHPHR,Healthcare,Drug Manufacturers - Specialty & Generic
ANUP.NS,The Anup Engineering Limited,Industrials,Specialty Industrial Machinery
ANURAS.NS,Anupam Rasayan India Ltd,Basic Materials,Specialty Chemicals
ANYA.NS,ANYA,Industrials,Packaging & Containers
AONEGOLD.NS,AONEGOLD,Financial Services,Exchange Traded Fund (ETF)
AONELIQUID.NS,AONELIQUID,Financial Services,Exchange Traded Fund (ETF)
AONENIFTY.NS,AONENIFTY,,
AONESILVER.NS,AONESILVER,Financial Services,Exchange Traded Fund (ETF)
AONETMMQ50.NS,AONETMMQ50,,
AONETOTAL.NS,AONETOTAL,,
APARINDS.NS,APAR Industries Limited,Industrials,Electrical Equipment & Parts
APCL.NS,Anjani Portland Cement Limited,Basic Materials,Building Materials
APCOTEXIND.NS,Apcotex Industries Limited,Basic Materials,Specialty Chemicals
APEX.NS,Apex Frozen Foods Limited,Consumer Defensive,Farm Products
APEXECO.NS,APEXECO,Industrials,Specialty Industrial Machinery
APLAPOLLO.NS,APL Apollo Tubes Limited,Basic Materials,Steel
APLLTD.NS,Alembic Pharmaceuticals Limited,Healthcare,Drug Manufacturers - Specialty & Generic
APOLLO.NS,Apollo Micro Systems Limited,Industrials,Aerospace & Defense
APOLLOHOSP.NS,Apollo Hospitals Enterprise Limited,Healthcare,Medical Care Facilities
APOLLOPIPE.NS,Apollo Pipes Limited,Industrials,Building Products & Equipment
APOLLOTYRE.NS,Apollo Tyres Limited,Consumer Cyclical,Auto Parts
APOLSINHOT.NS,Apollo Sindoori Hotels Limited,Industrials,Specialty Business Services
APOORVA.NS,APOORVA,Financial Services,Capital Markets
APRAMEYA.NS,APRAMEYA,,
APS.NS,APS,,
APSISAERO.NS,APSISAERO,,
APTECHT.NS,Aptech Limited,Consumer Defensive,Education & Training Services
APTUS.NS,Aptus Value Housing Finance India Limited,Financial Services,Mortgage Finance
AQYLON.NS,AQYLON,Communication Services,Broadcasting
ARABIAN.NS,ARABIAN,,
ARCHIDPLY.NS,Archidply Industries Limited,Basic Materials,Lumber & Wood Production
ARCHIES.NS,Archies Limited,Consumer Cyclical,Specialty Retail
ARCIIL.NS,ARCIIL,,
ARCIL.NS,ARCIL,Financial Services,Asset Management
ARCL.NS,ARCL,Basic Materials,Specialty Chemicals
ARDEE.NS,ARDEE,Industrials,Metal Fabrication
ARE&M.NS,Amara Raja Energy & Mobility Limited,Industrials,Electrical Equipment & Parts
ARENTERP.NS,Rajdarshan Industries Limited,Basic Materials,Other Industrial Metals & Mining
ARFIN.NS,ARFIN,Basic Materials,Aluminum
ARHAM.NS,ARHAM,,
ARIES.NS,Aries Agro Limited,Basic Materials,Agricultural Inputs
ARIHANT.NS,ARIHANT,Real Estate,Real Estate - Development
ARIHANTACA.NS,ARIHANTACA,,
ARIHANTCAP.NS,Arihant Capital Markets Limited,Financial Services,Capital Markets
ARIHANTSUP.NS,Arihant Superstructures Limited,Real Estate,Real Estate - Development
ARIS.NS,Arisinfra Solutions Limited,Industrials,Engineering & Construction
ARISTO.NS,ARISTO,,
ARKADE.NS,Arkade Developers Limited,Real Estate,Real Estate - Development
ARMANFIN.NS,ARMANFIN,Financial Services,Credit Services
ARMOUR.NS,ARMOUR,,
AROGRANITE.NS,AROGRANITE,Industrials,Building Products & Equipment
ARROWGREEN.NS,Arrow Greentech Limited,Consumer Cyclical,Packaging & Containers
ARSHIYA.NS,Arshiya Limited,Industrials,Integrated Freight & Logistics
ARSSBL.NS,ARSSBL,Financial Services,Financial Conglomerates
ARTEMISMED.NS,ARTEMISMED,,
ARTNIRMAN.NS,Art Nirman Limited,Real Estate,Real Estate - Development
ARUNAYA.NS,ARUNAYA,Basic Materials,Specialty Chemicals
ARVEE.NS,Arvee Laboratories (India) Ltd.,Basic Materials,Specialty Chemicals
ARVIND.NS,Arvind Limited,Consumer Cyclical,Textile Manufacturing
ARVINDFASN.NS,Arvind Fashions Limited,Consumer Cyclical,Apparel Retail
ARVINDPORT.NS,ARVINDPORT,Industrials,Shipping - medium / small
ARVSMART.NS,Arvind SmartSpaces Limited,Real Estate,Real Estate - Development
ARYAMAN.NS,ARYAMAN,Financial Services,Capital Markets
ASAHIINDIA.NS,Asahi India Glass Limited,Consumer Cyclical,Auto Parts
ASAHISONG.NS,Asahi Songwon Colors Limited,Basic Materials,Specialty Chemicals
ASAL.NS,Automotive Stampings and Assemblies Limited,Consumer Cyclical,Auto Parts
ASALCBR.NS,Associated Alcohols & Breweries Limited,Consumer Defensive,Beverages - Wineries & Distilleries
ASHALOG.NS,ASHALOG,Industrials,Diversified
ASHAPURMIN.NS,Ashapura Minechem Limited,Basic Materials,Other Industrial Metals & Mining
ASHIANA.NS,Ashiana Housing Limited,Real Estate,Real Estate - Development
ASHIKAG.NS,ASHIKAG,Financial Services,Credit Services
ASHIMASYN.NS,Ashima Limited,Real Estate,Real Estate - Development
ASHOKA.NS,Ashoka Buildcon Limited,Industrials,Engineering & Construction
ASHOKAMET.NS,Ashoka Metcast Limited,Basic Materials,Steel
ASHOKLEY.NS,Ashok Leyland Limited,Industrials,Farm & Heavy Construction Machinery
ASHUTOSH.NS,ASHUTOSH,,
ASHWINI.NS,ASHWINI,,
ASIANENE.NS,Asian Energy Services Limited,Energy,Oil & Gas Equipment & Services
ASIANHOTNR.NS,Asian Hotels (North) Limited,Consumer Cyclical,Lodging
ASIANPAINT.NS,Asian Paints Limited,Basic Materials,Specialty Chemicals
ASIANTILES.NS,Asian Granito India Limited,Industrials,Building Products & Equipment
ASIANTNE.NS,ASIANTNE,Consumer Defensive,Food Distribution
ASKAUTOLTD.NS,ASKAUTOLTD,Consumer Cyclical,Auto Parts
ASMS.NS,ASMS,Technology,Information Technology Services
ASPINWALL.NS,Aspinwall and Company Limited,Consumer Defensive,Farm Products
ASPIRE.NS,ASPIRE,,
ASSAMENT.NS,ASSAMENT,Financial Services,Capital Markets
ASTAR.NS,ASTAR,Consumer Cyclical,Luxury Goods
ASTEC.NS,Astec LifeSciences Limited,Basic Materials,Agricultural Inputs
ASTERDM.NS,Aster DM Quality Care Limited,Healthcare,Medical Care Facilities
ASTRAL.NS,Astral Limited,Industrials,Building Products & Equipment
ASTRAMICRO.NS,Astra Microwave Products Limited,Technology,Communication Equipment
ASTRAZEN.NS,AstraZeneca Pharma India Limited,Healthcare,Drug Manufacturers - Specialty & Generic
ASTRON.NS,Astron Paper & Board Mill Limited,Basic Materials,Paper & Paper Products
ATALREAL.NS,Atal Realtech Limited,Industrials,Engineering & Construction
ATAM.NS,Atam Valves Limited,Industrials,Specialty Industrial Machinery
ATCENERGY.NS,ATCENERGY,Industrials,Electrical Equipment & Parts
ATGL.NS,Adani Total Gas Limited,Utilities,Utilities - Regulated Gas
ATHERENERG.NS,ATHERENERG,Consumer Cyclical,Auto Manufacturers
ATL.NS,ATL,Industrials,Integrated Freight & Logistics
ATLANTAA.NS,Atlantaa Limited,Industrials,Infrastructure Operations
ATLANTAELE.NS,ATLANTAELE,Industrials,Electrical Equipment & Parts
ATLASCYCLE.NS,ATLASCYCLE,Consumer Cyclical,Leisure
ATMASTCO.NS,ATMASTCO,,
ATUL.NS,Atul Ltd,Basic Materials,Specialty Chemicals
ATULAUTO.NS,Atul Auto Limited,Consumer Cyclical,Auto Manufacturers
AUBANK.NS,AU Small Finance Bank Limited,Financial Services,Banks - Regional
AUGMONT.NS,AUGMONT,Consumer Cyclical,Luxury Goods
AURIONPRO.NS,Aurionpro Solutions Limited,Technology,Software - Application
AUROIMPEX.NS,AUROIMPEX,,
AUROPHARMA.NS,Aurobindo Pharma Limited,Healthcare,Drug Manufacturers - Specialty & Generic
AURUM.NS,Aurum PropTech Limited,Real Estate,Real Estate Services
AURUS.NS,AURUS,Consumer Cyclical,Luxury Goods
AUSOMENT.NS,AUSOMENT,Financial Services,Capital Markets
AUSTENG.NS,AUSTENG,Industrials,Tools & Accessories
AUTOAXLES.NS,Automotive Axles Limited,Consumer Cyclical,Auto Parts
AUTOBEES.NS,Nippon India Nifty Auto ETF,Financial Services,Exchange Traded Fund (ETF)
AUTOIETF.NS,ICICI Prudential Nifty Auto ETF,Financial Services,Exchange Traded Fund (ETF)
AUTOIND.NS,AUTOIND,Consumer Cyclical,Auto Parts
AVADHSUGAR.NS,Avadh Sugar & Energy Limited,Consumer Defensive,Confectioners
AVALON.NS,Avalon Technologies Limited,Technology,Electronic Components
AVANA.NS,AVANA,,
AVANCE.NS,AVANCE,Technology,Information Technology Services
AVANTEL.NS,AVANTEL,Technology,Communication Equipment
AVANTIFEED.NS,Avanti Feeds Limited,Consumer Defensive,Packaged Foods
AVG.NS,AVG,Industrials,Integrated Freight & Logistics
AVIANSH.NS,AVIANSH,Consumer Cyclical,Textile Manufacturing
AVIENCE.NS,AVIENCE,,
AVL.NS,AVL,Consumer Cyclical,Specialty Retail
AVONMORE.NS,Avonmore Capital & Management Services Limited,Financial Services,Capital Markets
AVPINFRA.NS,AVPINFRA,,
AVROIND.NS,Avro India Limited,Consumer Cyclical,"Furnishings, Fixtures & Appliances"
AVTNPL.NS,AVT Natural Products Limited,Basic Materials,Specialty Chemicals
AWFIS.NS,AWFIS,Industrials,Rental & Leasing Services
AWHCL.NS,Antony Waste Handling Cell Limited,Industrials,Waste Management
AWL.NS,AWL Agri Business Limited,Consumer Defensive,Packaged Foods
AXISBANK.NS,Axis Bank Limited,Financial Services,Banks - Regional
AXISCADES.NS,AXISCADES,Industrials,Engineering & Construction
AXITA.NS,AXITA,Consumer Cyclical,Textile Manufacturing
AXTEL.NS,AXTEL,Industrials,Specialty Industrial Machinery
AYE.NS,AYE,Financial Services,Credit Services
AYMSYNTEX.NS,AYM Syntex Limited,Consumer Cyclical,Textile Manufacturing
AZAD.NS,AZAD,Industrials,Specialty Industrial Machinery
AZADIND.NS,AZADIND,Basic Materials,Steel
BABAFP.NS,BABAFP,,
BAFNAPH.NS,Bafna Pharmaceuticals Limited,Healthcare,Drug Manufacturers - Specialty & Generic
BAGDIGITAL.NS,BAGDIGITAL,,
BAGFILMS.NS,B.A.G. Films and Media Limited,Communication Services,Broadcasting
BAHETI.NS,BAHETI,,
BAIDFIN.NS,BAIDFIN,Financial Services,Credit Services
BAJAJ-AUTO.NS,Bajaj Auto Limited,Consumer Cyclical,Auto Manufacturers
BAJAJCON.NS,Bajaj Consumer Care Limited,Consumer Defensive,Household & Personal Products
BAJAJELEC.NS,Bajaj Electricals Limited,Consumer Cyclical,"Furnishings, Fixtures & Appliances"
BAJAJFINSV.NS,Bajaj Finserv Ltd.,Financial Services,Financial Conglomerates
BAJAJHCARE.NS,Bajaj HealthCare Limited,Healthcare,Drug Manufacturers - Specialty & Generic
BAJAJHFL.NS,Bajaj Housing Finance Limited,Financial Services,Mortgage Finance
BAJAJHIND.NS,Bajaj Hindusthan Sugar Limited,Consumer Defensive,Confectioners
BAJAJHLDNG.NS,Bajaj Holdings & Investment Limited,Financial Services,Asset Management
BAJAJINDEF.NS,Indef Manufacturing Limited,Industrials,Farm & Heavy Construction Machinery
BAJAJST.NS,Bajaj Steel Industries Limited,Industrials,Specialty Industrial Machinery
BAJEL.NS,Bajel Projects Limited,Utilities,Utilities - Regulated Electric
BAJFINANCE.NS,Bajaj Finance Limited,Financial Services,Credit Services
BALAJEE.NS,Shree Tirupati Balajee Agro Trading Company Limited,Consumer Cyclical,Packaging & Containers
BALAJIPHOS.NS,BALAJIPHOS,Basic Materials,Fertilizers - Nitrogenous / Phosphatic
BALAJITELE.NS,Balaji Telefilms Limited,Communication Services,Entertainment
BALAMINES.NS,Balaji Amines Limited,Basic Materials,Specialty Chemicals
BALAXI.NS,Balaxi Pharmaceuticals Limited,Healthcare,Drug Manufacturers - Specialty & Generic
BALCO.NS,BALCO,Basic Materials,Plastics - Pipes
BALKRISHNA.NS,Balkrishna Paper Mills Limited,Consumer Cyclical,Packaging & Containers
BALKRISIND.NS,Balkrishna Industries Limited,Consumer Cyclical,Auto Parts
BALMLAWRIE.NS,Balmer Lawrie & Co. Ltd.,Industrials,Conglomerates
BALPHARMA.NS,Bal Pharma Limited,Healthcare,Drug Manufacturers - Specialty & Generic
BALRAMCHIN.NS,Balrampur Chini Mills Limited,Consumer Defensive,Confectioners
BALUFORGE.NS,Balu Forge Industries Limited,Industrials,Metal Fabrication
BANARBEADS.NS,Banaras Beads Limited,Consumer Cyclical,Footwear & Accessories
BANARISUG.NS,Bannari Amman Sugars Limited,Consumer Defensive,Confectioners
BANCOINDIA.NS,Banco Products (India) Limited,Consumer Cyclical,Auto Parts
BANDHANBNK.NS,Bandhan Bank Limited,Financial Services,Banks - Regional
BANG.NS,Bang Overseas Limited,Consumer Cyclical,Apparel Manufacturing
BANK10ADD.NS,DSP BSE Top 10 Banks ETF,Financial Services,Exchange Traded Fund (ETF)
BANK10BETF.NS,Bajaj Finserv BSE Top 10 Banks ETF,Financial Services,Exchange Traded Fund (ETF)
BANKA.NS,Banka BioLoo Limited,Industrials,Pollution & Treatment Controls
BANKADD.NS,DSPAMC - DSPBANK,,
BANKBARODA.NS,Bank of Baroda Limited,Financial Services,Banks - Regional
BANKBEES.NS,Nippon India ETF Nifty Bank BeES,Financial Services,Exchange Traded Fund (ETF)
BANKBETA.NS,UTIAMC-BANKBETA,Financial Services,Exchange Traded Fund (ETF)
BANKBETF.NS,Bajaj Nifty Bank ETF,Financial Services,Exchange Traded Fund (ETF)
BANKETF.NS,Mirae Asset Nifty Bank ETF,Financial Services,Exchange Traded Fund (ETF)
BANKIETF.NS,ICICI Prudential Nifty Bank ETF,Financial Services,Exchange Traded Fund (ETF)
BANKINDIA.NS,Bank of India,Financial Services,Banks - Regional
BANKNIFTY1.NS,Kotak Nifty Bank ETF,Financial Services,Exchange Traded Fund (ETF)
BANKPSU.NS,Mirae Asset Nifty PSU Bank ETF,Financial Services,Exchange Traded Fund (ETF)
BANSALWIRE.NS,Bansal Wire Industries Limited,Basic Materials,Steel
BANSWRAS.NS,Banswara Syntex Limited,Consumer Cyclical,Textile Manufacturing
BARFLEX.NS,BARFLEX,Industrials,Packaging & Containers
BASF.NS,BASF India Limited,Basic Materials,Specialty Chemicals
BASILIC.NS,Basilic Fly Studio Limited,Communication Services,Entertainment
BASML.NS,Bannari Amman Spinning Mills Ltd,Consumer Cyclical,Textile Manufacturing
BATAINDIA.NS,Bata India Limited,Consumer Cyclical,Footwear & Accessories
BATLIBOI.NS,Batliboi Limited,Industrials,Specialty Industrial Machinery
BAWEJA.NS,Baweja Studios Limited,Communication Services,Entertainment
BAYERCROP.NS,Bayer CropScience Limited,Basic Materials,Agricultural Inputs
BBETF0432.NS,BHARAT Bond ETF April 2032,Financial Services,Exchange Traded Fund (ETF)
BBL.NS,Bharat Bijlee Limited,Industrials,Electrical Equipment & Parts
BBNPNBETF.NS,Baroda BNP Paribas NIFTY Bank ETF,Financial Services,Exchange Traded Fund (ETF)
BBNPPGOLD.NS,Baroda BNP Paribas Gold ETF,Financial Services,Exchange Traded Fund (ETF)
BBOX.NS,Black Box Limited,Technology,Software - Application
BBTC.NS,The Bombay Burmah Trading Corporation Limited,Consumer Defensive,Packaged Foods
BBTCL.NS,B&B Triplewall Containers Limited,Consumer Cyclical,Packaging & Containers
BCG.NS,Brightcom Group Limited,Communication Services,Advertising Agencies
BCLIND.NS,BCL Industries Limited,Consumer Defensive,Beverages - Wineries & Distilleries
BCONCEPTS.NS,Brand Concepts Limited,Consumer Cyclical,Footwear & Accessories
BCPL.NS,BCPL Railway Infrastructure Limited,Industrials,Infrastructure Operations
BDL.NS,Bharat Dynamics Limited,Industrials,Aerospace & Defense
BEACON.NS,Beacon Trusteeship Limited,Financial Services,Asset Management
BEARDSELL.NS,Beardsell Limited,Industrials,Building Products & Equipment
BECTORFOOD.NS,Mrs. Bectors Food Specialities Limited,Consumer Defensive,Packaged Foods
BEDMUTHA.NS,Bedmutha Industries Limited,Basic Materials,Steel
BEEKAY.NS,Beekay Steel Industries Limited,Basic Materials,Steel
BEL.NS,Bharat Electronics Limited,Industrials,Aerospace & Defense
BELLACASA.NS,Bella Casa Fashion & Retail Limited,Consumer Cyclical,Textile Manufacturing
BELRISE.NS,Belrise Industries Limited,Consumer Cyclical,Auto Parts
BEML.NS,BEML Limited,Industrials,Conglomerates
BENARAS.NS,Benares Hotels Limited,Consumer Cyclical,Lodging
BENGALASM.NS,Bengal & Assam Company Limited,Consumer Cyclical,Auto Parts
BEPL.NS,Bhansali Engineering Polymers Limited,Basic Materials,Chemicals
BERGEPAINT.NS,Berger Paints India Limited,Basic Materials,Specialty Chemicals
BESTAGRO.NS,Best Agrolife Limited,Basic Materials,Agricultural Inputs
BETA.NS,Beta Drugs Limited,Healthcare,Drug Manufacturers - Specialty & Generic
BEWLTD.NS,BEW Engineering Limited,Industrials,Specialty Industrial Machinery
BFINVEST.NS,BF Investment Limited,Financial Services,Asset Management
BFSI.NS,MIRAEAMC - MAFSETF,Financial Services,Exchange Traded Fund (ETF)
BFUTILITIE.NS,BF Utilities Limited,Industrials,Infrastructure Operations
BGRENERGY.NS,BGR Energy Systems Limited,Industrials,Engineering & Construction
BHADORA.NS,BHADORA,,
BHAGCHEM.NS,Bhagiradha Chemicals & Industries Limited,Basic Materials,Agricultural Inputs
BHAGERIA.NS,Bhageria Industries Limited,Basic Materials,Specialty Chemicals
BHAGYANGR.NS,Bhagyanagar India Limited,Basic Materials,Copper
BHANDARI.NS,Bhandari Hosiery Exports Limited,Consumer Cyclical,Apparel Manufacturing
BHARATCOAL.NS,Bharat Coking Coal Limited,Basic Materials,Coking Coal
BHARATFORG.NS,Bharat Forge Limited,Industrials,Metal Fabrication
BHARATGEAR.NS,Bharat Gears Limited,Consumer Cyclical,Auto Parts
BHARATRAS.NS,Bharat Rasayan Limited,Basic Materials,Agricultural Inputs
BHARATSE.NS,Bharat Seats Limited,Consumer Cyclical,Auto Parts
BHARATWIRE.NS,Bharat Wire Ropes Limited,Basic Materials,Steel
BHARTIARTL.NS,Bharti Airtel Limited,Communication Services,Telecom Services
BHARTIHEXA.NS,Bharti Hexacom Limited,Communication Services,Telecom Services
BHEL.NS,Bharat Heavy Electricals Limited,Industrials,Specialty Industrial Machinery
BI.NS,Bilcare Limited,Consumer Cyclical,Packaging & Containers
BIGBLOC.NS,Bigbloc Construction Limited,Industrials,Building Products & Equipment
BIKAJI.NS,Bikaji Foods International Limited,Consumer Defensive,Packaged Foods
BIL.NS,Bhartiya International Ltd.,Consumer Cyclical,Footwear & Accessories
BILVYAPAR.NS,BIL Vyapar Limited,Basic Materials,Specialty Chemicals
BIMETAL.NS,Bimetal Bearings Limited,Consumer Cyclical,Auto Parts
BIOCON.NS,Biocon Limited,Healthcare,Biotechnology
BIOFILCHEM.NS,Biofil Chemicals and Pharmaceuticals Limited,Healthcare,Drug Manufacturers - Specialty & Generic
BIOPOL.NS,BIOPOL,,
BIRLACABLE.NS,Birla Cable Limited,Technology,Communication Equipment
BIRLACORPN.NS,Birla Corporation Limited,Basic Materials,Building Materials
BIRLAMONEY.NS,Aditya Birla Money Limited,Financial Services,Capital Markets
BIRLANU.NS,BirlaNu Limited,Industrials,Building Products & Equipment
BIRLAPREC.NS,Birla Precision Technologies Limited,Industrials,Tools & Accessories
BLACKBUCK.NS,BlackBuck Limited,Technology,Software - Application
BLACKROSE.NS,Black Rose Industries Limited,Basic Materials,Specialty Chemicals
BLAL.NS,BEML Land Assets Limited,Financial Services,Shell Companies
BLBLIMITED.NS,BLB Limited,Financial Services,Capital Markets
BLEL.NS,Behari Lal Engineering Limited,Basic Materials,Steel
BLIL.NS,Balmer Lawrie Investments Limited,Industrials,Conglomerates
BLISSGVS.NS,Bliss GVS Pharma Limited,Healthcare,Drug Manufacturers - Specialty & Generic
BLKASHYAP.NS,B.L. Kashyap and Sons Limited,Industrials,Engineering & Construction
BLS.NS,BLS International Services Limited,Industrials,Specialty Business Services
BLSE.NS,BLS E-Services Limited,Industrials,Specialty Business Services
BLUECLOUDS.NS,Blue Cloud Softech Solutions Limited,Technology,Information Technology Services
BLUECOAST.NS,Blue Coast Hotels Limited,Consumer Cyclical,Lodging
BLUEDART.NS,Blue Dart Express Limited,Industrials,Integrated Freight & Logistics
BLUEJET.NS,Blue Jet Healthcare Limited,Healthcare,Biotechnology
BLUEPEBBLE.NS,Blue Pebble Limited,Miscellaneous,Diversified
BLUESTARCO.NS,Blue Star Limited,Industrials,Building Products & Equipment
BLUESTONE.NS,BlueStone Jewellery and Lifestyle Limited,Consumer Cyclical,Luxury Goods
BLUEWATER.NS,BLUEWATER,,
BLUSPRING.NS,Bluspring Enterprises Limited,Industrials,Specialty Business Services
BMETRICS.NS,Bombay Metrics Supply Chain Limited,Industrials,Industrial Distribution
BMLL.NS,BMLL,,
BMWVENTLTD.NS,BMW Ventures Limited,Basic Materials,Steel
BNAGROCHEM.NS,BN Agrochem Limited,Consumer Defensive,Packaged Foods
BNKETFAXIS.NS,Axis NIFTY Bank ETF,Financial Services,Exchange Traded Fund (ETF)
BODALCHEM.NS,Bodal Chemicals Limited,Basic Materials,Specialty Chemicals
BOHRAIND.NS,Bohra Industries Limited,Basic Materials,Agricultural Inputs
BOMDYEING.NS,The Bombay Dyeing and Manufacturing Company Limited,Consumer Cyclical,Textile Manufacturing
BONLON.NS,Bonlon Industries Limited,Basic Materials,Other Industrial Metals & Mining
BORANA.NS,Borana Weaves Limited,Consumer Cyclical,Textile Manufacturing
BOROLTD.NS,Borosil Limited,Consumer Cyclical,"Furnishings, Fixtures & Appliances"
BORORENEW.NS,Borosil Renewables Limited,Technology,Solar
BOROSCI.NS,Borosil Scientific Limited,Consumer Cyclical,Packaging & Containers
BOSCH-HCIL.NS,Bosch Home Comfort India Limited,Consumer Cyclical,"Furnishings, Fixtures & Appliances"
BOSCHLTD.NS,Bosch Limited,Consumer Cyclical,Auto Parts
BOSS.NS,BOSS,Industrials,Specialty Industrial Machinery
BPCL.NS,Bharat Petroleum Corporation Limited,Energy,Oil & Gas Refining & Marketing
BPL.NS,BPL Limited,Technology,Consumer Electronics
BPLPHARMA.NS,Bharat Parenterals Limited,Healthcare,Drug Manufacturers - Specialty & Generic
BRACEPORT.NS,BRACEPORT,Industrials,Diversified
BRAHMINFRA.NS,Brahmaputra Infrastructure Limited,Industrials,Engineering & Construction
BRANDMAN.NS,BRANDMAN,,
BRIGADE.NS,Brigade Enterprises Limited,Real Estate,Real Estate - Development
BRIGHOTEL.NS,Brigade Hotel Ventures Limited,Consumer Cyclical,Lodging
BRIGHTBR.NS,Bright Brothers Limited,Basic Materials,Specialty Chemicals
BRITANNIA.NS,Britannia Industries Limited,Consumer Defensive,Packaged Foods
BRNL.NS,Bharat Road Network Limited,Industrials,Infrastructure Operations
BROOKS.NS,Brooks Laboratories Limited,Healthcare,Drug Manufacturers - Specialty & Generic
BSE.NS,BSE Limited,Financial Services,Financial Data & Stock Exchanges
BSE500IETF.NS,ICICIPRAMC - ICICI500,Financial Services,Exchange Traded Fund (ETF)
BSHSL.NS,Bombay Super Hybrid Seeds Limited,Basic Materials,Agricultural Inputs
BSL.NS,BSL Limited,Consumer Cyclical,Textile Manufacturing
BSLGOLDETF.NS,Aditya Birla Sun Life Gold ETF,Financial Services,Exchange Traded Fund (ETF)
BSLNIFTY.NS,Aditya Birla Sun Life Nifty 50 ETF,Financial Services,Exchange Traded Fund (ETF)
BSLSENETFG.NS,Aditya Birla Sun Life S&P BSE Sensex ETF,Financial Services,Exchange Traded Fund (ETF)
BSOFT.NS,Birlasoft Limited,Technology,Information Technology Services
BTML.NS,Bodhi Tree Multimedia Limited,Communication Services,Entertainment
BTTL.NS,Bhilwara Technical Textiles Limited,Consumer Cyclical,Textile Manufacturing
BUILDPRO.NS,Shankara Buildpro Limited,Consumer Cyclical,Home Improvement Retail
BURNPUR.NS,Burnpur Cement Limited,Basic Materials,Building Materials
BUTTERFLY.NS,Butterfly Gandhimathi Appliances Limited,Consumer Cyclical,"Furnishings, Fixtures & Appliances"
BVCL.NS,Barak Valley Cements Limited,Basic Materials,Building Materials
BYKE.NS,The Byke Hospitality Limited,Consumer Cyclical,Lodging
C2C.NS,C2C,Aerospace & Defence,Specialty Industrial Machinery
CALSOFT.NS,California Software Company Limited,Technology,Software - Application
CAMLINFINE.NS,Camlin Fine Sciences Limited,Basic Materials,Specialty Chemicals
CAMPUS.NS,Campus Activewear Limited,Consumer Cyclical,Footwear & Accessories
CAMS.NS,Computer Age Management Services Limited,Technology,Information Technology Services
CANARYS.NS,Canarys Automations Limited,Technology,Information Technology Services
CANBK.NS,Canara Bank,Financial Services,Banks - Regional
CANFINHOME.NS,Can Fin Homes Limited,Financial Services,Mortgage Finance
CANHLIFE.NS,Canara HSBC Life Insurance Company Limited,Financial Services,Insurance - Life
CANTABIL.NS,Cantabil Retail India Limited,Consumer Cyclical,Apparel Manufacturing
CAPACITE.NS,Capacit'e Infraprojects Limited,Industrials,Engineering & Construction
CAPILLARY.NS,Capillary Technologies India Limited,Technology,Software - Application
CAPITALSFB.NS,Capital Small Finance Bank Limited,Financial Services,Banks - Regional
CAPLIPOINT.NS,Caplin Point Laboratories Limited,Healthcare,Drug Manufacturers - Specialty & Generic
CAPTRUST.NS,Capital Trust Limited,Financial Services,Credit Services
CARBORUNIV.NS,Carborundum Universal Limited,Industrials,Conglomerates
CARERATING.NS,CARE Ratings Limited,Financial Services,Financial Data & Stock Exchanges
CARRARO.NS,Carraro India Limited,Consumer Cyclical,Auto Parts
CARTRADE.NS,CarTrade Tech Limited,Consumer Cyclical,Auto & Truck Dealerships
CARYSIL.NS,Carysil Limited,Consumer Cyclical,"Furnishings, Fixtures & Appliances"
CASHIETF.NS,ICICI Prudential BSE Liquid Rate ETF - Growth,Financial Services,Exchange Traded Fund (ETF)
CASTROLIND.NS,Castrol India Limited,Energy,Oil & Gas Refining & Marketing
CBAZAAR.NS,Net Avenue Technologies Limited,Consumer Cyclical,Industrial Distribution
CCAVENUE.NS,AvenuesAI Limited,Technology,Software - Infrastructure
CCCL.NS,Consolidated Construction Consortium Limited,Industrials,Engineering & Construction
CCHHL.NS,Country Club Hospitality & Holidays Limited,Consumer Cyclical,Lodging
CCL.NS,CCL Products (India) Limited,Consumer Defensive,Packaged Foods
CDSL.NS,Central Depository Services (India) Limited,Financial Services,Capital Markets
CEATLTD.NS,CEAT Limited,Consumer Cyclical,Auto Parts
CEDAAR.NS,CEDAAR,,
CEIGALL.NS,Ceigall India Limited,Industrials,Engineering & Construction
CEINSYS.NS,Ceinsys Tech Limited,Industrials,Engineering & Construction
CELEBRITY.NS,Celebrity Fashions Limited,Consumer Cyclical,Apparel Manufacturing
CELLECOR.NS,Cellecor Gadgets Limited,Consumer Cyclical,Industrial Distribution
CELLO.NS,Cello World Limited,Consumer Cyclical,"Furnishings, Fixtures & Appliances"
CELLPOINT.NS,Cell Point (India) Limited,Consumer Cyclical,Industrial Distribution
CEMNTGROWW.NS,Groww Nifty Cements ETF,Financial Services,Exchange Traded Fund (ETF)
CEMPRO.NS,Cemindia Projects Limited,Industrials,Engineering & Construction
CENTENKA.NS,Century Enka Limited,Consumer Cyclical,Textile Manufacturing
CENTEXT.NS,Century Extrusions Limited,Basic Materials,Aluminum
CENTRALBK.NS,Central Bank of India,Financial Services,Banks - Regional
CENTRUM.NS,Centrum Capital Limited,Financial Services,Financial Conglomerates
CENTUM.NS,Centum Electronics Limited,Technology,Electronic Components
CENTURYPLY.NS,Century Plyboards (India) Limited,Basic Materials,Lumber & Wood Production
CERA.NS,Cera Sanitaryware Limited,Industrials,Building Products & Equipment
CESC.NS,CESC Limited,Utilities,Utilities - Regulated Electric
CEWATER.NS,Concord Enviro Systems Limited,Utilities,Utilities - Regulated Water
CFEL.NS,Confidence Futuristic Energetech Limited,Utilities,Utilities - Regulated Gas
CGCL.NS,Capri Global Capital Limited,Financial Services,Credit Services
CGPOWER.NS,CG Power and Industrial Solutions Limited,Industrials,Electrical Equipment & Parts
CGRAPHICS.NS,Creative Graphics Solutions India Limited,Industrials,Specialty Industrial Machinery
CGVAK.NS,CG-VAK Software and Exports Limited,Technology,Software - Application
CHALET.NS,Chalet Hotels Limited,Consumer Cyclical,Lodging
CHAMBLFERT.NS,Chambal Fertilisers and Chemicals Limited,Basic Materials,Agricultural Inputs
CHANDAN.NS,CHANDAN,Healthcare,Medical Care Facilities
CHAVDA.NS,Chavda Infra Limited,Industrials,Engineering & Construction
CHEMBOND.NS,Chembond Material Technologies Limited,Basic Materials,Specialty Chemicals
CHEMBONDCH.NS,Chembond Chemicals Limited,Basic Materials,Specialty Chemicals
CHEMCON.NS,Chemcon Speciality Chemicals Limited,Basic Materials,Specialty Chemicals
CHEMCRUX.NS,Chemcrux Enterprises Limited,Basic Materials,Specialty Chemicals
CHEMFAB.NS,Chemfab Alkalis Limited,Basic Materials,Specialty Chemicals
CHEMICAL.NS,Kotak Nifty Chemicals ETF,Financial Services,Exchange Traded Fund (ETF)
CHEMPLASTS.NS,Chemplast Sanmar Limited,Basic Materials,Chemicals
CHENNPETRO.NS,Chennai Petroleum Corporation Limited,Energy,Oil & Gas Refining & Marketing
CHETANA.NS,CHETANA,Industrials,Printing & Stationery
CHEVIOT.NS,Cheviot Company Limited,Consumer Cyclical,Textile Manufacturing
CHOICEGOLD.NS,Choice Gold ETF,Financial Services,Exchange Traded Fund (ETF)
CHOICEIN.NS,Choice International Limited,Financial Services,Capital Markets
CHOLAFIN.NS,Cholamandalam Investment and Finance Company Limited,Financial Services,Credit Services
CHOLAHLDNG.NS,Cholamandalam Financial Holdings Limited,Financial Services,Credit Services
CIEINDIA.NS,CIE Automotive India Limited,Consumer Cyclical,Auto Parts
CIFL.NS,Capital India Finance Limited,Financial Services,Credit Services
CINELINE.NS,Cineline India Limited,Communication Services,Entertainment
CINEVISTA.NS,Cinevista Limited,Communication Services,Entertainment
CIPLA.NS,Cipla Limited,Healthcare,Drug Manufacturers - Specialty & Generic
CKKRETAIL.NS,CKKRETAIL,,
CLASSICEIL.NS,CLASSICEIL,,
CLAYCRAFT.NS,CLAYCRAFT,,
CLEAN.NS,Clean Science and Technology Limited,Basic Materials,Specialty Chemicals
CLEANMAX.NS,Clean Max Enviro Energy Solutions Limited,Utilities,Utilities - Renewable
CLEDUCATE.NS,CL Educate Limited,Consumer Defensive,Education & Training Services
CLSEL.NS,Chaman Lal Setia Exports Ltd.,Consumer Defensive,Packaged Foods
CLSL.NS,Crop Life Science Limited,Basic Materials,Specialty Chemicals
CMLL.NS,Caliber Mining and Logistics Limited,Energy,Thermal Coal
CMNL.NS,Chaman Metallics Limited,Basic Materials,Steel
CMPDI.NS,Central Mine Planning & Design Institute Limited,Basic Materials,Other Industrial Metals & Mining
CMRGREEN.NS,CMR Green Technologies Limited,Basic Materials,Aluminum
CMRSL.NS,Cyber Media Research & Services Limited,Technology,Information Technology Services
CMSINFO.NS,CMS Info Systems Limited,Industrials,Specialty Business Services
CNL.NS,Creative Newtech Limited,Technology,Electronics & Computer Distribution
COALINDIA.NS,Coal India Limited,Energy,Thermal Coal
COASTCORP.NS,Coastal Corporation Limited,Consumer Defensive,Packaged Foods
COCHINSHIP.NS,Cochin Shipyard Limited,Industrials,Aerospace & Defense
COCKERILL.NS,John Cockerill India Limited,Industrials,Metal Fabrication
COFFEEDAY.NS,Coffee Day Enterprises Limited,Consumer Cyclical,Restaurants
COFORGE.NS,Coforge Limited,Technology,Information Technology Services
COHANCE.NS,Cohance Lifesciences Limited,Healthcare,Drug Manufacturers - Specialty & Generic
COLPAL.NS,Colgate-Palmolive (India) Limited,Consumer Defensive,Household & Personal Products
COMFINTE.NS,Comfort Intech Limited,Industrials,Conglomerates
COMMITTED.NS,Committed Cargo Care Limited,Industrials,Diversified
COMMOIETF.NS,ICICIPRAMC - ICICICOMMO,Financial Services,Exchange Traded Fund (ETF)
COMPEAU.NS,Competent Automobiles Company Limited,Consumer Cyclical,Auto & Truck Dealerships
COMPINFO.NS,Compuage Infocom Limited,Technology,Electronics & Computer Distribution
COMPUSOFT.NS,Compucom Software Limited,Consumer Defensive,Education & Training Services
COMSYN.NS,Commercial Syn Bags Limited,Consumer Cyclical,Packaging & Containers
CONCOR.NS,Container Corporation of India Limited,Industrials,Railroads
CONCORDBIO.NS,Concord Biotech Limited,Healthcare,Biotechnology
CONFIPET.NS,Confidence Petroleum India Limited,Energy,Oil & Gas Refining & Marketing
CONNPLEX.NS,CONNPLEX,,
CONS.NS,Kotak NIFTY India Consumption ETF,Financial Services,Exchange Traded Fund (ETF)
CONSOFINVT.NS,Consolidated Finvest & Holdings Limited,Financial Services,Capital Markets
CONSUMAXIS.NS,Axis NIFTY India Consumption ETF,Financial Services,Exchange Traded Fund (ETF)
CONSUMBEES.NS,Nippon India Mutual Fund - Nippon India ETF Nifty India Consumption,Financial Services,Exchange Traded Fund (ETF)
CONSUMER.NS,Mirae Asset Nifty India New Age Consumption ETF,Financial Services,Exchange Traded Fund (ETF)
CONSUMIETF.NS,ICICI Prudential Nifty India Consumption ETF,Financial Services,Exchange Traded Fund (ETF)
CONTROLPR.NS,Control Print Limited,Industrials,Business Equipment & Supplies
COOLCAPS.NS,Cool Caps Industries Limited,Basic Materials,Plastics - Others
CORALFINAC.NS,Coral India Finance and Housing Limited,Real Estate,Real Estate Services
CORDELIA.NS,Waterways Leisure Tourism Limited,Industrials,Marine Shipping
CORDSCABLE.NS,Cords Cable Industries Limited,Industrials,Electrical Equipment & Parts
COROMANDEL.NS,Coromandel International Limited,Basic Materials,Agricultural Inputs
CORONA.NS,CORONA Remedies Limited,Healthcare,Drug Manufacturers - General
COSMOFIRST.NS,Cosmo First Limited,Consumer Cyclical,Packaging & Containers
COUNCODOS.NS,Country Condo's Limited,Real Estate,Real Estate - Development
CPCAP.NS,CP Capital Limited,Financial Services,Credit Services
CPEDU.NS,Career Point Edutech Ltd.,Consumer Defensive,Education & Training Services
CPL.NS,Captain Polyplast Limited,Industrials,Farm & Heavy Construction Machinery
CPPLUS.NS,Aditya Infotech Limited,Industrials,Building Products & Equipment
CPS.NS,CPS Shapers Limited,,
CPSEETF.NS,CPSE ETF,Financial Services,Exchange Traded Fund (ETF)
CRAFTSMAN.NS,Craftsman Automation Limited,Consumer Cyclical,Auto Parts
CRAMC.NS,Canara Robeco Asset Management Company Limited,Financial Services,Asset Management
CRAVATEX.NS,Cravatex Limited,Consumer Cyclical,Leisure
CRAYONS.NS,Crayons Advertising Limited,Miscellaneous,Diversified
CREATIVEYE.NS,Creative Eye Limited,Communication Services,Entertainment
CREDENT.NS,CREDENT,,
CREDITACC.NS,CreditAccess Grameen Limited,Financial Services,Credit Services
CREST.NS,Crest Ventures Limited,Financial Services,Financial Conglomerates
CRESTO.NS,Cresto Techno Limited,Communication Services,Entertainment
CRISIL.NS,CRISIL Limited,Financial Services,Financial Data & Stock Exchanges
CRIZAC.NS,Crizac Limited,Consumer Defensive,Education & Training Services
CROMPTON.NS,Crompton Greaves Consumer Electricals Limited,Consumer Cyclical,"Furnishings, Fixtures & Appliances"
CROWN.NS,Crown Lifters Limited,Industrials,Rental & Leasing Services
CRSL.NS,Cressanda Railway Solutions Limited,Technology,Information Technology Services
CSBBANK.NS,CSB Bank Limited,Financial Services,Banks - Regional
CSLFINANCE.NS,CSL Finance Limited,Financial Services,Credit Services
CSM.NS,CSM Technologies Limited,Technology,Information Technology Services
CSSL.NS,CSSL,,
CTE.NS,Cambridge Technology Enterprises Limited,Technology,Information Technology Services
CUB.NS,City Union Bank Limited,Financial Services,Banks - Regional
CUBEXTUB.NS,Cubex Tubings Limited,Basic Materials,Copper
CUDML.NS,CUDML,,
CUMMINSIND.NS,Cummins India Limited,Industrials,Specialty Industrial Machinery
CUPID.NS,Cupid Limited,Consumer Defensive,Household & Personal Products
CURAA.NS,Cura Technologies Limited,Technology,Software - Application
CURIS.NS,CURIS,,
CURRENT.NS,CURRENT,,
CYBERMEDIA.NS,Cyber Media (India) Limited,Communication Services,Publishing
CYBERTECH.NS,CyberTech Systems and Software Limited,Technology,Information Technology Services
CYIENT.NS,Cyient Limited,Industrials,Conglomerates
CYIENTDLM.NS,Cyient DLM Limited,Industrials,Aerospace & Defense
DABUR.NS,Dabur India Limited,Consumer Defensive,Household & Personal Products
DAICHI.NS,Dai-ichi Karkaria Limited,Basic Materials,Specialty Chemicals
DALBHARAT.NS,Dalmia Bharat Limited,Basic Materials,Building Materials
DALMIASUG.NS,Dalmia Bharat Sugar and Industries Limited,Consumer Defensive,Confectioners
DAMCAPITAL.NS,DAM Capital Advisors Limited,Financial Services,Capital Markets
DAMODARIND.NS,Damodar Industries Limited,Consumer Cyclical,Textile Manufacturing
DANGEE.NS,Dangee Dums Limited,Consumer Cyclical,Restaurants
DANISH.NS,DANISH,Industrials,Electrical Equipment & Parts
DATAMATICS.NS,Datamatics Global Services Limited,Technology,Information Technology Services
DATAPATTNS.NS,Data Patterns (India) Limited,Industrials,Aerospace & Defense
DAVANGERE.NS,Davangere Sugar Company Limited,Consumer Defensive,Confectioners
DBCORP.NS,D. B. Corp Limited,Communication Services,Publishing
DBEIL.NS,Deepak Builders & Engineers India Limited,Industrials,Engineering & Construction
DBL.NS,Dilip Buildcon Limited,Industrials,Engineering & Construction
DBOL.NS,Dhampur Bio Organics Limited,Consumer Defensive,Farm Products
DBREALTY.NS,Valor Estate Limited,Real Estate,Real Estate - Development
DBSTOCKBRO.NS,DB (International) Stock Brokers Limited,Financial Services,Capital Markets
DCAL.NS,Dishman Carbogen Amcis Limited,Healthcare,Biotechnology
DCBBANK.NS,DCB Bank Limited,Financial Services,Banks - Regional
DCG.NS,DCG Cables & Wires Limited,Industrials,Electrical Equipment & Parts
DCI.NS,DC Infotech and Communication Limited,Technology,Electronics & Computer Distribution
DCM.NS,DCM Limited,Industrials,Metal Fabrication
DCMFINSERV.NS,DCM Financial Services Limited,Financial Services,Credit Services
DCMNVL.NS,DCM Nouvelle Limited,Consumer Cyclical,Textile Manufacturing
DCMSHRIRAM.NS,DCM Shriram Limited,Industrials,Conglomerates
DCMSIL.NS,DCM Shriram International Limited,Industrials,Industrial Distribution
DCMSRIND.NS,DCM Shriram Industries Limited,Consumer Defensive,Confectioners
DCW.NS,DCW Limited,Basic Materials,Chemicals
DCXINDIA.NS,DCX Systems Limited,Industrials,Aerospace & Defense
DDEVPLSTIK.NS,Ddev Plastiks Industries Limited,Basic Materials,Specialty Chemicals
DECCANCE.NS,Deccan Cements Limited,Basic Materials,Building Materials
DECCANTRAN.NS,DECCANTRAN,Industrials,Diversified
DECNGOLD.NS,Deccan Gold Mines Limited,Basic Materials,Gold
DEEDEV.NS,DEE Development Engineers Limited,Industrials,Metal Fabrication
DEEM.NS,Deem Roll-Tech Limited,Industrials,Castings - Steel / Alloy
DEEP.NS,Deep Polymers Limited,Basic Materials,Specialty Chemicals
DEEPA.NS,DEEPA JEWELLERS LIMITED,Consumer Cyclical,Luxury Goods
DEEPAKFERT.NS,Deepak Fertilisers And Petrochemicals Corporation Limited,Basic Materials,Chemicals
DEEPAKNTR.NS,Deepak Nitrite Limited,Basic Materials,Chemicals
DEEPINDS.NS,Deep Industries Limited,Energy,Oil & Gas E&P
DEFENCE.NS,Mirae Asset BSE India Defence ETF,Financial Services,Exchange Traded Fund (ETF)
DELAPLEX.NS,Delaplex Limited,Technology,Information Technology Services
DELHIVERY.NS,Delhivery Limited,Industrials,Integrated Freight & Logistics
DELPHIFX.NS,Delphi World Money Limited,Financial Services,Capital Markets
DELTACORP.NS,Delta Corp Limited,Consumer Cyclical,Resorts & Casinos
DELTAMAGNT.NS,Delta Manufacturing Limited,Consumer Cyclical,Textile Manufacturing
DELTIC.NS,DELTIC,Consumer Cyclical,Auto Manufacturers
DEN.NS,DEN Networks Limited,Communication Services,Entertainment
DENEERS.NS,De Neers Tools Limited,Industrials,Industrial Distribution
DENORA.NS,De Nora India Limited,Industrials,Electrical Equipment & Parts
DENTA.NS,Denta Water and Infra Solutions Limited,Industrials,Engineering & Construction
DENTALKART.NS,Vasa Denticity Limited,Consumer Cyclical,Industrial Distribution
DEVIT.NS,Dev Information Technology Limited,Technology,Information Technology Services
DEVX.NS,Dev Accelerator Limited,Real Estate,Real Estate Services
DEVYANI.NS,Devyani International Limited,Consumer Cyclical,Restaurants
DGCONTENT.NS,Digicontent Limited,Communication Services,Internet Content & Information
DHABRIYA.NS,Dhabriya Polywood Limited,Industrials,Building Products & Equipment
DHAMPURSUG.NS,Dhampur Sugar Mills Limited,Consumer Defensive,Confectioners
DHANBANK.NS,Dhanlaxmi Bank Limited,Financial Services,Banks - Regional
DHANSA.NS,DHANSA,,
DHANUKA.NS,Dhanuka Agritech Limited,Basic Materials,Agricultural Inputs
DHARAN.NS,Dharan Infra-EPC Limited,Real Estate,Real Estate - Development
DHARARAIL.NS,DHARARAIL,,
DHARIWAL.NS,DHARIWAL,,
DHARMAJ.NS,Dharmaj Crop Guard Limited,Basic Materials,Agricultural Inputs
DHATRE.NS,DHATRE,Basic Materials,Steel
DHOOTTRANS.NS,Dhoot Transmission Limited,Consumer Cyclical,Auto Parts
DHRUV.NS,Dhruv Consultancy Services Limited,Industrials,Engineering & Construction
DHTL.NS,DocMode Health Technologies Limited,Education,Diversified
DHUNINV.NS,Dhunseri Investments Limited,Financial Services,Capital Markets
DIACABS.NS,Diamond Power Infrastructure Limited,Industrials,Specialty Industrial Machinery
DIAMINESQ.NS,Diamines and Chemicals Limited,Basic Materials,Chemicals
DIAMONDYD.NS,Prataap Snacks Limited,Consumer Defensive,Packaged Foods
DICIND.NS,DIC India Limited,Basic Materials,Specialty Chemicals
DIFFNKG.NS,Diffusion Engineers Limited,Industrials,Specialty Industrial Machinery
DIGIDRIVE.NS,Digidrive Distributors Limited,Consumer Cyclical,Internet Retail
DIGIKORE.NS,Digikore Studios Limited,Communication Services,Entertainment
DIGISPICE.NS,DiGiSPICE Technologies Limited,Financial Services,Financial Conglomerates
DIGITIDE.NS,Digitide Solutions Limited,Industrials,Specialty Business Services
DIGJAMLMTD.NS,Digjam Limited,Consumer Cyclical,Textile Manufacturing
DISAQ.NS,DISAQ,,
DISHTV.NS,Dish TV India Limited,Communication Services,Entertainment
DIVGIITTS.NS,Divgi TorqTransfer Systems Limited,Consumer Cyclical,Auto Parts
DIVIDEND.NS,Mirae Asset BSE 500 Dividend Leaders 50 ETF,Financial Services,Exchange Traded Fund (ETF)
DIVINEHIRA.NS,DIVINEHIRA,Consumer Cyclical,Luxury Goods
DIVISLAB.NS,Divi's Laboratories Limited,Healthcare,Drug Manufacturers - Specialty & Generic
DIVOPPBEES.NS,Nippon India Mutual Fund - Nippon India ETF Nifty Dividend Opportunities 50,Financial Services,Exchange Traded Fund (ETF)
DIVYADHAN.NS,DIVYADHAN,Consumer Cyclical,Textile Manufacturing
DIXON.NS,Dixon Technologies (India) Limited,Technology,Consumer Electronics
DJML.NS,DJ Mediaprint & Logistics Limited,Industrials,Specialty Business Services
DLF.NS,DLF Limited,Real Estate,Real Estate - Development
DLINKINDIA.NS,D-Link (India) Limited,Technology,Communication Equipment
DMART.NS,Avenue Supermarts Limited,Consumer Defensive,Discount Stores
DMCC.NS,DMCC Speciality Chemicals Limited,Basic Materials,Chemicals
DNAMEDIA.NS,Diligent Media Corporation Limited,Communication Services,Publishing
DODLA.NS,Dodla Dairy Limited,Consumer Defensive,Food Distribution
DOLATALGO.NS,Dolat Algotech Limited,Financial Services,Capital Markets
DOLLAR.NS,Dollar Industries Limited,Consumer Cyclical,Apparel Manufacturing
DOLLEX.NS,Dollex Agrotech Limited,Consumer Defensive,Confectioners
DOLPHIN.NS,Dolphin Offshore Enterprises (India) Limited,Energy,Oil & Gas Equipment & Services
DOMS.NS,DOMS Industries Limited,Industrials,Business Equipment & Supplies
DONEAR.NS,Donear Industries Limited,Consumer Cyclical,Textile Manufacturing
DPABHUSHAN.NS,D. P. Abhushan Limited,Consumer Cyclical,Luxury Goods
DPEL.NS,Divine Power Energy Limited,Basic Materials,Copper
DPSCLTD.NS,India Power Corporation Limited,Utilities,Utilities - Regulated Electric
DPWIRES.NS,D.P. Wires Limited,Industrials,Metal Fabrication
DRAGARWQ.NS,Dr. Agarwal's Eye Hospital Limited,Healthcare,Medical Care Facilities
DRCSYSTEMS.NS,DRC Systems India Limited,Technology,Information Technology Services
DREAMFOLKS.NS,Dreamfolks Services Limited,Industrials,Airports & Air Services
DREDGECORP.NS,Dredging Corporation of India Limited,Industrials,Engineering & Construction
DRONE.NS,Drone Destination Limited,Education,Diversified
DRREDDY.NS,Dr. Reddy's Laboratories Limited,Healthcare,Drug Manufacturers - Specialty & Generic
DSFCL.NS,DCM Shriram Fine Chemicals Limited,Basic Materials,Specialty Chemicals
DSSL.NS,Dynacons Systems & Solutions Limited,Technology,Information Technology Services
DTIL.NS,Dhunseri Tea & Industries Limited,Consumer Defensive,Packaged Foods
DTL.NS,Diensten Tech Limited,Technology,Information Technology Services
DUCOL.NS,Ducol Organics And Colours Limited,Basic Materials,Specialty Chemicals
DUCON.NS,Ducon Infratechnologies Limited,Industrials,Specialty Industrial Machinery
DUGLOBAL.NS,DUDigital Global Limited,Miscellaneous,Diversified
DURLAX.NS,Durlax Top Surface Limited,Consumer Cyclical,Building Materials
DVL.NS,Dhunseri Ventures Limited,Financial Services,Capital Markets
DWARKESH.NS,Dwarikesh Sugar Industries Limited,Consumer Defensive,Confectioners
DYCL.NS,Dynamic Cables Limited,Industrials,Electrical Equipment & Parts
DYNAMATECH.NS,Dynamatic Technologies Limited,Consumer Cyclical,Auto Parts
DYNAMIC.NS,Dynamic Services & Security Limited,Miscellaneous,Diversified
DYNPRO.NS,Dynemic Products Limited,Basic Materials,Specialty Chemicals
E2E.NS,E2E Networks Limited,Technology,Software - Infrastructure
E2ERAIL.NS,E2ERAIL,,
EASEMYTRIP.NS,Easy Trip Planners Limited,Consumer Cyclical,Travel Services
EASTSILK.NS,Eastern Silk Industries Limited,Consumer Cyclical,Textile Manufacturing
EASTWEST.NS,East West Freight Carriers Limited,Industrials,Integrated Freight & Logistics
EBANK10.NS,Edelweiss BSE Top 10 Bank ETF,Financial Services,Exchange Traded Fund (ETF)
EBANKNIFTY.NS,Edelweiss Nifty Bank ETF,Financial Services,Exchange Traded Fund (ETF)
EBBETF0430.NS,BHARAT Bond ETF April 2030,Financial Services,Exchange Traded Fund (ETF)
EBBETF0431.NS,"Edelweiss Amc Ltd - Edelweiss Mutual Fund - Edelweiss Bharat Bond Exchange Traded Fund, April 2031",Financial Services,Exchange Traded Fund (ETF)
EBBETF0433.NS,BHARAT Bond ETF - April 2033,Financial Services,Exchange Traded Fund (ETF)
EBGNG.NS,GNG Electronics Limited,Technology,Computer Hardware
EBIX.NS,EBIX Limited,Technology,Software - Application
ECAPINSURE.NS,Edelweiss BSE Capital Markets & Insurance ETF,Financial Services,Exchange Traded Fund (ETF)
ECLERX.NS,eClerx Services Limited,Technology,Information Technology Services
ECOLINE.NS,ECOLINE,,
ECORECO.NS,Eco Recycling Limited,Industrials,Waste Management
ECOSMOBLTY.NS,Ecos (India) Mobility & Hospitality Limited,Industrials,Rental & Leasing Services
EDELWEISS.NS,Edelweiss Financial Services Limited,Financial Services,Financial Conglomerates
EEPL.NS,EEPL,,
EFACTOR.NS,E Factor Experiences Limited,Miscellaneous,Diversified
EFCIL.NS,EFC (I) Limited,Real Estate,Real Estate Services
EFFWA.NS,Effwa Infra & Research Limited,Infrastructure Developers & Operators,Engineering & Construction
EFORCE.NS,Electro Force (India) Limited,Industrials,Electrical Equipment & Parts
EGOLD.NS,Edelweiss Gold ETF,Financial Services,Exchange Traded Fund (ETF)
EICHERMOT.NS,Eicher Motors Limited,Consumer Cyclical,Auto Manufacturers
EIDPARRY.NS,E.I.D.- Parry (India) Limited,Basic Materials,Agricultural Inputs
EIEL.NS,Enviro Infra Engineers Limited,Industrials,Engineering & Construction
EIFFL.NS,Euro India Fresh Foods Limited,Consumer Defensive,Packaged Foods
EIHAHOTELS.NS,EIH Associated Hotels Limited,Consumer Cyclical,Lodging
EIHOTEL.NS,EIH Limited,Consumer Cyclical,Lodging
EIMCOELECO.NS,Eimco Elecon (India) Limited,Industrials,Farm & Heavy Construction Machinery
EKC.NS,Everest Kanto Cylinder Limited,Industrials,Specialty Industrial Machinery
EKI.NS,EKI Energy Services Limited,Industrials,Consulting Services
ELANTAS.NS,ELANTAS Beck India Limited,Basic Materials,Specialty Chemicals
ELCIDIN.NS,ELCIDIN,,
ELDEHSG.NS,Eldeco Housing and Industries Limited,Real Estate,Real Estate Services
ELECON.NS,Elecon Engineering Company Limited,Industrials,Specialty Industrial Machinery
ELECTCAST.NS,Electrosteel Castings Limited,Industrials,Building Products & Equipment
ELECTHERM.NS,Electrotherm (India) Limited,Basic Materials,Steel
ELGIEQUIP.NS,Elgi Equipments Limited,Industrials,Specialty Industrial Machinery
ELGIRUBCO.NS,Elgi Rubber Company Limited,Consumer Cyclical,Auto Parts
ELGNZ.NS,ELGNZ,Miscellaneous,Diversified
ELIN.NS,Elin Electronics Limited,Industrials,Electrical Equipment & Parts
ELIQUID.NS,Edelweiss Nifty 1D Rate Liquid ETF - Growth,Financial Services,Exchange Traded Fund (ETF)
ELITECON.NS,Elitecon International Limited,Consumer Defensive,Tobacco
ELLEN.NS,Ellenbarrie Industrial Gases Limited,Basic Materials,Chemicals
ELM250.NS,Edelweiss Nifty LargeMidcap 250 ETF,Financial Services,Exchange Traded Fund (ETF)
ELMDIV.NS,Edelweiss BSE LargeMid (60:40) Stable Dividend 50 ETF,Financial Services,Exchange Traded Fund (ETF)
ELPROINTL.NS,ELPROINTL,Real Estate,Real Estate Services
EMAMILTD.NS,Emami Limited,Consumer Defensive,Household & Personal Products
EMAMIPAP.NS,Emami Paper Mills Limited,Basic Materials,Paper & Paper Products
EMAMIREAL.NS,Emami Realty Limited,Real Estate,Real Estate - Development
EMAPARTNER.NS,EMAPARTNER,Miscellaneous,Diversified
EMBDL.NS,Embassy Developments Limited,Real Estate,Real Estate - Diversified
EMCURE.NS,Emcure Pharmaceuticals Limited,Healthcare,Drug Manufacturers - Specialty & Generic
EMETAL.NS,Edelweiss Nifty Metal ETF,Financial Services,Exchange Traded Fund (ETF)
EMIL.NS,Electronics Mart India Limited,Consumer Cyclical,Specialty Retail
EMKAY.NS,Emkay Global Financial Services Limited,Financial Services,Capital Markets
EMKAYTOOLS.NS,Emkay Taps and Cutting Tools Limited,Industrials,Specialty Industrial Machinery
EMMBI.NS,Emmbi Industries Limited,Consumer Cyclical,Packaging & Containers
EMMIL.NS,Energy-Mission Machineries (India) Limited,Industrials,Specialty Industrial Machinery
EMMVEE.NS,Emmvee Photovoltaic Power Limited,Technology,Solar
EMPIND.NS,Empire Industries Limited,Industrials,Conglomerates
EMPOWER.NS,Empower India Limited,Technology,Electronics & Computer Distribution
EMSLIMITED.NS,EMS Limited,Industrials,Engineering & Construction
EMUDHRA.NS,eMudhra Limited,Technology,Software - Application
EMULTIMQ.NS,Edelweiss Nifty500 Multicap Momentum Quality 50 ETF,Financial Services,Exchange Traded Fund (ETF)
ENCOMPAS.NS,ENCOMPAS,,
ENDURANCE.NS,Endurance Technologies Limited,Consumer Cyclical,Auto Parts
ENERGY.NS,Mirae Asset Nifty Energy ETF,Financial Services,Exchange Traded Fund (ETF)
ENERGYAXIS.NS,Axis Nifty Energy ETF,Financial Services,Exchange Traded Fund (ETF)
ENERGYDEV.NS,Energy Development Company Limited,Utilities,Utilities - Regulated Electric
ENEXT50.NS,Edelweiss Nifty Next 50 ETF,Financial Services,Exchange Traded Fund (ETF)
ENFUSE.NS,Enfuse Solutions Limited,Technology,Information Technology Services
ENGINERSIN.NS,Engineers India Limited,Industrials,Engineering & Construction
ENIFTY.NS,Edelweiss Nifty 50 ETF,Financial Services,Exchange Traded Fund (ETF)
ENIL.NS,Entertainment Network (India) Limited,Communication Services,Broadcasting
ENKEIWHEL.NS,Enkei Wheels (India) Limited,Consumer Cyclical,Auto Parts
ENRIN.NS,Siemens Energy India Limited,Utilities,Utilities - Renewable
ENSER.NS,Enser Communications Limited,Technology,Information Technology Services
ENTERO.NS,Entero Healthcare Solutions Limited,Healthcare,Medical Distribution
ENVIRO.NS,ENVIRO,Industrials,Specialty Industrial Machinery
EPACK.NS,EPACK Durable Limited,Consumer Cyclical,"Furnishings, Fixtures & Appliances"
EPACKPEB.NS,EPack Prefab Technologies Limited,Industrials,Engineering & Construction
EPIGRAL.NS,Epigral Limited,Basic Materials,Chemicals
EPL.NS,EPL Limited,Consumer Cyclical,Packaging & Containers
EPWINDIA.NS,EPWINDIA,,
EQUAL200.NS,Mirae Asset BSE 200 Equal Weight ETF,Financial Services,Exchange Traded Fund (ETF)
EQUAL50.NS,Mirae Asset Nifty 50 Equal Weight ETF,Financial Services,Exchange Traded Fund (ETF)
EQUAL50ADD.NS,DSP Nifty 50 Equal Weight ETF,Financial Services,Exchange Traded Fund (ETF)
EQUIPPP.NS,Equippp Social Impact Technologies Limited,Technology,Information Technology Services
EQUITASBNK.NS,Equitas Small Finance Bank Limited,Financial Services,Banks - Regional
ERIS.NS,Eris Lifesciences Limited,Healthcare,Drug Manufacturers - Specialty & Generic
ESABINDIA.NS,ESAB India Limited,Industrials,Tools & Accessories
ESAFSFB.NS,ESAF Small Finance Bank,Financial Services,Banks - Regional
ESCONET.NS,Esconet Technologies Limited,Technology,Computer Hardware
ESCORTS.NS,Escorts Kubota Limited,Industrials,Farm & Heavy Construction Machinery
ESDS.NS,ESDS SOFTWARE SOLUTION L,Technology,Information Technology Services
ESENSEX.NS,Edelweiss BSE Sensex ETF,Financial Services,Exchange Traded Fund (ETF)
ESFL.NS,Essen Speciality Films Limited,,
ESG.NS,MIRAEAMC - MAESGETF,Financial Services,Exchange Traded Fund (ETF)
ESILVER.NS,Edelweiss Silver ETF,Financial Services,Exchange Traded Fund (ETF)
ESPRIT.NS,ESPRIT,Basic Materials,Building Materials
ESSARSHPNG.NS,Essar Shipping Limited,Industrials,Marine Shipping
ESSENTIA.NS,Integra Essentia Limited,Consumer Defensive,Food Distribution
ESTER.NS,Ester Industries Limited,Basic Materials,Specialty Chemicals
ETERNAL.NS,Eternal Limited,Consumer Cyclical,Internet Retail
ETHOSLTD.NS,Ethos Limited,Consumer Cyclical,Luxury Goods
ETL.NS,ETL,,
EUREKAFORB.NS,Eureka Forbes Limited,Consumer Cyclical,"Furnishings, Fixtures & Appliances"
EUROBOND.NS,Euro Panel Products Limited,Industrials,Building Products & Equipment
EUROPRATIK.NS,Euro Pratik Sales Limited,Basic Materials,Building Materials
EUROTEXIND.NS,Eurotex Industries and Exports Limited,Real Estate,Real Estate - Development
EVEREADY.NS,Eveready Industries India Limited,Industrials,Electrical Equipment & Parts
EVERESTIND.NS,Everest Industries Limited,Industrials,Building Products & Equipment
EVIETF.NS,ICICI Prudential Nifty EV & New Age Automotive ETF,Financial Services,Exchange Traded Fund (ETF)
EVINDIA.NS,Mirae Asset Nifty EV and New Age Automotive ETF,Financial Services,Exchange Traded Fund (ETF)
EXCELINDUS.NS,Excel Industries Limited,Basic Materials,Specialty Chemicals
EXCELSOFT.NS,Excelsoft Technologies Limited,Technology,Software - Application
EXICOM.NS,Exicom Tele-Systems Limited,Industrials,Electrical Equipment & Parts
EXIDEIND.NS,Exide Industries Limited,Consumer Cyclical,Auto Parts
EXIMROUTES.NS,EXIMROUTES,,
EXPLEOSOL.NS,Expleo Solutions Limited,Technology,Information Technology Services
EXXARO.NS,Exxaro Tiles Limited,Industrials,Building Products & Equipment
FABTECH.NS,Fabtech Technologies Limited,Healthcare,Health Information Services
FACT.NS,The Fertilisers and Chemicals Travancore Limited,Basic Materials,Agricultural Inputs
FAIRCHEMOR.NS,Fairchem Organics Limited,Basic Materials,Specialty Chemicals
FALCONTECH.NS,Falcon Technoprojects India Limited,Industrials,Engineering & Construction
FASCINATE.NS,FASCINATE,,
FAZE3Q.NS,Faze Three Limited,Consumer Cyclical,Textile Manufacturing
FCL.NS,Fineotex Chemical Limited,Basic Materials,Specialty Chemicals
FCSSOFT.NS,FCS Software Solutions Limited,Technology,Information Technology Services
FDC.NS,FDC Limited,Healthcare,Drug Manufacturers - Specialty & Generic
FEDDERSHOL.NS,Fedders Holding Limited,Financial Services,Credit Services
FEDERALBNK.NS,The Federal Bank Limited,Financial Services,Banks - Regional
FEDFINA.NS,Fedbank Financial Services Limited,Financial Services,Credit Services
FEL.NS,Future Enterprises Limited,Consumer Cyclical,Department Stores
FELDVR.NS,Future Enterprises Limited,Consumer Cyclical,Department Stores
FELIX.NS,Felix Industries Limited,Industrials,Pollution Control Equipment
FERMENTA.NS,Fermenta Biotech Limited,Healthcare,Drug Manufacturers - Specialty & Generic
FIBERWEB.NS,Fiberweb (India) Limited,Consumer Cyclical,Textile Manufacturing
FIDEL.NS,Fidel Softech Limited,Technology,Information Technology Services
FIEMIND.NS,Fiem Industries Limited,Consumer Cyclical,Auto Parts
FILATEX.NS,Filatex India Limited,Consumer Cyclical,Textile Manufacturing
FILATFASH.NS,Filatex Fashions Limited,Consumer Cyclical,Apparel Manufacturing
FINBUD.NS,FINBUD,,
FINCABLES.NS,Finolex Cables Limited,Industrials,Electrical Equipment & Parts
FINEORG.NS,Fine Organic Industries Limited,Basic Materials,Specialty Chemicals
FINIETF.NS,ICICI Prudential Nifty Financial Services Ex-Bank ETF,Financial Services,Exchange Traded Fund (ETF)
FINKURVE.NS,Finkurve Financial Services Limited,Financial Services,Credit Services
FINOPB.NS,Fino Payments Bank Limited,Financial Services,Banks - Regional
FINPIPE.NS,Finolex Industries Limited,Industrials,Building Products & Equipment
FIRSTCRY.NS,Brainbees Solutions Limited,Consumer Cyclical,Internet Retail
FISCHER.NS,Fischer Medical Ventures Limited,Healthcare,Medical Devices
FIVESTAR.NS,Five-Star Business Finance Limited,Financial Services,Credit Services
FLAIR.NS,Flair Writing Industries Limited,Industrials,Business Equipment & Supplies
FLEXIADD.NS,DSP Nifty500 Flexicap Quality 30 ETF,Financial Services,Exchange Traded Fund (ETF)
FLEXITUFF.NS,Flexituff Ventures International Limited,Consumer Cyclical,Textile Manufacturing
FLFL.NS,Future Lifestyle Fashions Limited,Consumer Cyclical,Apparel Manufacturing
FLUOROCHEM.NS,Gujarat Fluorochemicals Limited,Basic Materials,Specialty Chemicals
FLYSBS.NS,FLYSBS,,
FMCGADD.NS,DSP Nifty FMCG ETF,Financial Services,Exchange Traded Fund (ETF)
FMCGIETF.NS,ICICIPRAMC - ICICIFMCG,Financial Services,Exchange Traded Fund (ETF)
FMGOETZE.NS,Federal-Mogul Goetze (India) Limited,Consumer Cyclical,Auto Parts
FMNL.NS,Future Market Networks Limited,Real Estate,Real Estate Services
FOCUS.NS,Focus Lighting and Fixtures Limited,Consumer Cyclical,"Furnishings, Fixtures & Appliances"
FONEBOX.NS,Fonebox Retail Limited,Consumer Cyclical,Industrial Distribution
FOODSIN.NS,Foods and Inns Limited,Consumer Defensive,Packaged Foods
FORCAS.NS,FORCAS,Consumer Cyclical,Apparel Manufacturing
FORCEMOT.NS,Force Motors Limited,Consumer Cyclical,Auto Manufacturers
FORGEAUTO.NS,FORGEAUTO,Industrials,Forgings - Medium / Small
FORTIS.NS,Fortis Healthcare Limited,Healthcare,Medical Care Facilities
FOSECOIND.NS,Foseco India Limited,Basic Materials,Chemicals
FRACTAL.NS,Fractal Analytics Limited,Technology,Software - Infrastructure
FREDUN.NS,Fredun Pharmaceuticals Limited,Healthcare,Drug Manufacturers - Specialty & Generic
FRESHARA.NS,FRESHARA,Consumer Defensive,Packaged Foods
FROG.NS,Frog Cellsat Limited,Technology,Communication Equipment
FRONTSP.NS,Frontier Springs Limited,Industrials,Metal Fabrication
FSL.NS,Firstsource Solutions Limited,Technology,Information Technology Services
FUSION.NS,Fusion Finance Limited,Financial Services,Credit Services
FWSTC.NS,FWSTC,,
GABRIEL.NS,Gabriel India Limited,Consumer Cyclical,Auto Parts
GAEL.NS,Gujarat Ambuja Exports Limited,Consumer Defensive,Packaged Foods
GAIL.NS,GAIL (India) Limited,Utilities,Utilities - Regulated Gas
GAJA.NS,GAJA ALT ASSET MGT LTD,Financial Services,Asset Management
GAJANAND.NS,GAJANAND,Consumer Cyclical,Textile Manufacturing
GALAPREC.NS,Gala Precision Engineering Limited,Industrials,Specialty Industrial Machinery
GALAXYSURF.NS,Galaxy Surfactants Limited,Basic Materials,Specialty Chemicals
GALLANTT.NS,Gallantt Ispat Limited,Basic Materials,Steel
GANDHAR.NS,Gandhar Oil Refinery (India) Limited,Energy,Oil & Gas Refining & Marketing
GANDHITUBE.NS,Gandhi Special Tubes Limited,Industrials,Metal Fabrication
GANECOS.NS,Ganesha Ecosphere Limited,Consumer Cyclical,Textile Manufacturing
GANESHBE.NS,Ganesh Benzoplast Limited,Basic Materials,Specialty Chemicals
GANESHCP.NS,Ganesh Consumer Products Limited,Consumer Defensive,Packaged Foods
GANESHHOU.NS,Ganesh Housing Limited,Real Estate,Real Estate - Development
GANESHIN.NS,GANESHIN,Infrastructure Developers & Operators,Engineering & Construction
GANGAFORGE.NS,Ganga Forging Limited,Industrials,Metal Fabrication
GANGESSECU.NS,Ganges Securities Limited,Consumer Defensive,Packaged Foods
GARFIBRES.NS,Garware Technical Fibres Limited,Consumer Cyclical,Textile Manufacturing
GARUDA.NS,Garuda Construction and Engineering Limited,Industrials,Engineering & Construction
GATECH.NS,GACM Technologies Limited,Financial Services,Asset Management
GATECHDVR.NS,GACM Technologies Limited,Financial Services,Asset Management
GATEWAY.NS,Gateway Distriparks Limited,Industrials,Integrated Freight & Logistics
GAUDIUMIVF.NS,Gaudium IVF and Women Health Limited,Healthcare,Medical Care Facilities
GAYAHWS.NS,Gayatri Highways Limited,Industrials,Infrastructure Operations
GAYAPROJ.NS,Gayatri Projects Limited,Industrials,Engineering & Construction
GCHOTELS.NS,GCHOTELS,Consumer Cyclical,Lodging
GCSL.NS,Gretex Corporate Services Limited,Financial Services,Capital Markets
GEECEE.NS,GeeCee Ventures Limited,Real Estate,Real Estate - Development
GEEKAYWIRE.NS,Geekay Wires Limited,Industrials,Electrical Equipment & Parts
GEMAROMA.NS,Gem Aromatics Limited,Basic Materials,Chemicals
GENCON.NS,Generic Engineering Construction and Projects Limited,Industrials,Engineering & Construction
GENESYS.NS,Genesys International Corporation Limited,Technology,Software - Application
GENSOL.NS,Gensol Engineering Limited,Technology,Solar
GENUSPAPER.NS,Genus Paper & Boards Limited,Basic Materials,Paper & Paper Products
GENUSPOWER.NS,Genus Power Infrastructures Limited,Industrials,Electrical Equipment & Parts
GENXAI.NS,GENXAI,,
GEOJITFSL.NS,Geojit Financial Services Limited,Financial Services,Capital Markets
GESHIP.NS,The Great Eastern Shipping Company Limited,Industrials,Marine Shipping
GFLLIMITED.NS,GFL Limited,Financial Services,Asset Management
GFSTEELS.NS,Tikona Communication Limited,Basic Materials,Steel
GGBL.NS,Ganesh Green Bharat Limited,Infrastructure Developers & Operators,Engineering & Construction
GHCL.NS,GHCL Limited,Basic Materials,Chemicals
GHCLTEXTIL.NS,GHCL Textiles Limited,Consumer Cyclical,Textile Manufacturing
GICHSGFIN.NS,GIC Housing Finance Limited,Financial Services,Mortgage Finance
GICL.NS,Globe International Carriers Limited,Industrials,Integrated Freight & Logistics
GICRE.NS,General Insurance Corporation of India,Financial Services,Insurance - Reinsurance
GILLANDERS.NS,Gillanders Arbuthnot and Company Limited,Consumer Defensive,Farm Products
GILLETTE.NS,Gillette India Limited,Consumer Defensive,Household & Personal Products
GILT10BETA.NS,UTIAMC-GILT10BETA,Financial Services,Exchange Traded Fund (ETF)
GILT5BETA.NS,UTIAMC-GILT5BETA,Financial Services,Exchange Traded Fund (ETF)
GILT5YBEES.NS,Nippon India ETF Nifty 5 Yr Benchmark G-Sec,Financial Services,Exchange Traded Fund (ETF)
GINNIFILA.NS,Ginni Filaments Limited,Consumer Cyclical,Textile Manufacturing
GIPCL.NS,Gujarat Industries Power Company Limited,Utilities,Utilities - Regulated Electric
GIRIRAJ.NS,Giriraj Civil Developers Limited,Infrastructure Developers & Operators,Engineering & Construction
GJL.NS,GJL,,
GKB.NS,GKB Ophthalmics Limited,Healthcare,Medical Instruments & Supplies
GKENERGY.NS,GK Energy Limited,Utilities,Utilities - Renewable
GKSL.NS,Gujarat Kidney And Super Speciality Limited,Healthcare,Medical Care Facilities
GKWLIMITED.NS,GKW Limited,Industrials,Specialty Business Services
GLAND.NS,Gland Pharma Limited,Healthcare,Drug Manufacturers - Specialty & Generic
GLASSWALL.NS,GLASS WALL SYSTEM (I) LTD,Industrials,Engineering & Construction
GLAXO.NS,GlaxoSmithKline Pharmaceuticals Limited,Healthcare,Drug Manufacturers - General
GLENMARK.NS,Glenmark Pharmaceuticals Limited,Healthcare,Drug Manufacturers - Specialty & Generic
GLFL.NS,Gujarat Lease Financing Limited,Financial Services,Shell Companies
GLOBAL.NS,Global Education Limited,Consumer Defensive,Education & Training Services
GLOBALE.NS,Globale Tessile Limited,Consumer Cyclical,Textile Manufacturing
GLOBALPET.NS,Global Pet Industries Limited,Industrials,Specialty Industrial Machinery
GLOBALVECT.NS,Global Vectra Helicorp Limited,Industrials,Airports & Air Services
GLOBE.NS,Globe Enterprises (India) Limited,Consumer Cyclical,Textile Manufacturing
GLOBECIVIL.NS,Globe Civil Projects Limited,Industrials,Engineering & Construction
GLOBUSSPR.NS,Globus Spirits Limited,Consumer Defensive,Beverages - Wineries & Distilleries
GLOSTERLTD.NS,Gloster Limited,Consumer Cyclical,Textile Manufacturing
GLOTTIS.NS,Glottis Limited,Industrials,Integrated Freight & Logistics
GMBREW.NS,G.M. Breweries Limited,Consumer Defensive,Beverages - Wineries & Distilleries
GMDCLTD.NS,Gujarat Mineral Development Corporation Limited,Energy,Thermal Coal
GMMPFAUDLR.NS,GMM Pfaudler Limited,Industrials,Specialty Industrial Machinery
GMRAIRPORT.NS,GMR Airports Limited,Industrials,Airports & Air Services
GMRP&UI.NS,GMR Power And Urban Infra Limited,Energy,Thermal Coal
GNA.NS,G N A Axles Limited,Consumer Cyclical,Auto Parts
GNFC.NS,Gujarat Narmada Valley Fertilizers & Chemicals Limited,Basic Materials,Chemicals
GNRL.NS,Gujarat Natural Resources Limited,Energy,Oil & Gas E&P
GOACARBON.NS,Goa Carbon Limited,Basic Materials,Specialty Chemicals
GOCLCORP.NS,GOCL Corporation Limited,Basic Materials,Specialty Chemicals
GOCOLORS.NS,Go Fashion (India) Limited,Consumer Cyclical,Apparel Retail
GODAVARIB.NS,Godavari Biorefineries Limited,Basic Materials,Chemicals
GODFRYPHLP.NS,Godfrey Phillips India Limited,Consumer Defensive,Tobacco
GODIGIT.NS,Go Digit General Insurance Limited,Financial Services,Insurance - Property & Casualty
GODREJAGRO.NS,Godrej Agrovet Limited,Consumer Defensive,Packaged Foods
GODREJCP.NS,Godrej Consumer Products Limited,Consumer Defensive,Household & Personal Products
GODREJIND.NS,Godrej Industries Limited,Industrials,Conglomerates
GODREJPROP.NS,Godrej Properties Limited,Real Estate,Real Estate - Development
GOKEX.NS,Gokaldas Exports Limited,Consumer Cyclical,Apparel Manufacturing
GOKUL.NS,Gokul Refoils & Solvent Limited,Consumer Defensive,Packaged Foods
GOKULAGRO.NS,Gokul Agro Resources Limited,Consumer Defensive,Packaged Foods
GOLD1.NS,KOTAK GOLD ETF,Financial Services,Exchange Traded Fund (ETF)
GOLD360.NS,360 ONE Gold ETF,Financial Services,Exchange Traded Fund (ETF)
GOLDADD.NS,DSPAMC - DSPGOLD,Financial Services,Exchange Traded Fund (ETF)
GOLDAXIS.NS,Axis Gold Exchange Traded Fund,Financial Services,Exchange Traded Fund (ETF)
GOLDBEES.NS,Nippon India ETF Gold BeES,Financial Services,Exchange Traded Fund (ETF)
GOLDBETA.NS,UTIAMC-UTIGOLDBETA,Financial Services,Exchange Traded Fund (ETF)
GOLDBND.NS,Bandhan Gold ETF,Financial Services,Exchange Traded Fund (ETF)
GOLDCASE.NS,Zerodha Gold ETF,Financial Services,Exchange Traded Fund (ETF)
GOLDENTOBC.NS,Golden Tobacco Limited,Consumer Defensive,Tobacco
GOLDETF.NS,Mirae Asset Gold ETF,Financial Services,Exchange Traded Fund (ETF)
GOLDIAM.NS,Goldiam International Limited,Consumer Cyclical,Luxury Goods
GOLDIETF.NS,ICICI PRUDENTIAL GOLD ETF,Financial Services,Exchange Traded Fund (ETF)
GOLDSTAR.NS,Goldstar Power Limited,Consumer Cyclical,Auto Parts
GOLDTECH.NS,AION-TECH Solutions Limited,Technology,Information Technology Services
GOODLUCK.NS,Goodluck India Limited,Basic Materials,Steel
GOODYEAR.NS,Goodyear India Limited,Consumer Cyclical,Auto Parts
GOPAL.NS,Gopal Snacks Limited,Consumer Defensive,Packaged Foods
GOYALALUM.NS,Goyal Aluminiums Limited,Basic Materials,Aluminum
GOYALSALT.NS,Goyal Salt Limited,Consumer Defensive,Packaged Foods
GPECO.NS,GP ECO Solutions India Limited,Industrials,Electrical Equipment & Parts
GPIL.NS,Godawari Power & Ispat Limited,Basic Materials,Steel
GPPL.NS,Gujarat Pipavav Port Limited,Industrials,Marine Shipping
GPTHEALTH.NS,GPT Healthcare Limited,Healthcare,Medical Care Facilities
GPTINFRA.NS,GPT Infraprojects Limited,Industrials,Engineering & Construction
GRADIENTE.NS,Gradiente Infotainment Limited,Communication Services,Entertainment
GRANDOAK.NS,Grand Oak Canyons Distillery Limited,Financial Services,Mortgage Finance
GRANULES.NS,Granules India Limited,Healthcare,Drug Manufacturers - Specialty & Generic
GRAPHISAD.NS,Graphisads Limited,Communication Services,Publishing
GRAPHITE.NS,Graphite India Limited,Industrials,Electrical Equipment & Parts
GRASIM.NS,Grasim Industries Limited,Basic Materials,Building Materials
GRAUWEIL.NS,Grauer & Weil (India) Limited,Basic Materials,Specialty Chemicals
GRAVISSHO.NS,Graviss Hospitality Limited,Consumer Cyclical,Lodging
GRAVITA.NS,Gravita India Limited,Industrials,Metal Fabrication
GRCL.NS,Gayatri Rubbers and Chemicals Limited,Consumer Defensive,Rubber & Plastics
GREAVESCOT.NS,Greaves Cotton Limited,Industrials,Specialty Industrial Machinery
GREENCHEF.NS,Greenchef Appliances Limited,Consumer Cyclical,Domestic Appliances - Cookers / Others
GREENLAM.NS,Greenlam Industries Limited,Basic Materials,Lumber & Wood Production
GREENLEAF.NS,GREENLEAF,,
GREENPANEL.NS,Greenpanel Industries Limited,Basic Materials,Lumber & Wood Production
GREENPLY.NS,Greenply Industries Limited,Basic Materials,Lumber & Wood Production
GREENPOWER.NS,Orient Green Power Company Limited,Utilities,Utilities - Independent Power Producers
GRINDWELL.NS,Grindwell Norton Limited,Industrials,Building Products & Equipment
GRINFRA.NS,G R Infraprojects Limited,Industrials,Engineering & Construction
GRMOVER.NS,GRM Overseas Limited,Consumer Defensive,Packaged Foods
GROBTEA.NS,The Grob Tea Company Limited,Consumer Defensive,Farm Products
GROWW.NS,Billionbrains Garage Ventures Limited,Financial Services,Capital Markets
GROWWCAPM.NS,Groww Nifty Capital Markets ETF,Financial Services,Exchange Traded Fund (ETF)
GROWWCHEM.NS,Groww Nifty Chemicals ETF,Financial Services,Exchange Traded Fund (ETF)
GROWWDEFNC.NS,Groww Nifty India Defence ETF,Financial Services,Exchange Traded Fund (ETF)
GROWWEV.NS,Groww Nifty EV & New Age Automotive ETF,Financial Services,Exchange Traded Fund (ETF)
GROWWGOLD.NS,Groww Gold ETF,Financial Services,Exchange Traded Fund (ETF)
GROWWHOSPI.NS,Groww BSE Hospitals ETF,Financial Services,Exchange Traded Fund (ETF)
GROWWLIQID.NS,Groww Nifty 1D Rate Liquid ETF,Financial Services,Exchange Traded Fund (ETF)
GROWWLOVOL.NS,Groww Nifty 500 Low Volatility 50 ETF,Financial Services,Exchange Traded Fund (ETF)
GROWWMC150.NS,Groww Nifty Midcap 150 ETF,Financial Services,Exchange Traded Fund (ETF)
GROWWMETAL.NS,Groww Nifty Metal ETF,Financial Services,Exchange Traded Fund (ETF)
GROWWMOM50.NS,Groww Nifty 500 Momentum 50 ETF,Financial Services,Exchange Traded Fund (ETF)
GROWWN200.NS,Groww Nifty 200 ETF,Financial Services,Exchange Traded Fund (ETF)
GROWWNET.NS,Groww Nifty India Internet ETF,Financial Services,Exchange Traded Fund (ETF)
GROWWNIFTY.NS,Groww Nifty 50 ETF,Financial Services,Exchange Traded Fund (ETF)
GROWWNXT50.NS,Groww Nifty Next 50 ETF,Financial Services,Exchange Traded Fund (ETF)
GROWWPOWER.NS,Groww BSE Power ETF,Financial Services,Exchange Traded Fund (ETF)
GROWWPSE.NS,Groww Nifty PSE ETF,Financial Services,Exchange Traded Fund (ETF)
GROWWPSUBK.NS,Groww Nifty PSU Bank ETF,Financial Services,Exchange Traded Fund (ETF)
GROWWRAIL.NS,Groww Nifty India Railways PSU ETF,Financial Services,Exchange Traded Fund (ETF)
GROWWRLTY.NS,Groww Nifty Realty ETF,Financial Services,Exchange Traded Fund (ETF)
GROWWSC250.NS,Groww Nifty Smallcap 250 ETF,Financial Services,Exchange Traded Fund (ETF)
GROWWSLVR.NS,Groww Silver ETF,Financial Services,Exchange Traded Fund (ETF)
GRPLTD.NS,GRP Limited,Consumer Cyclical,Auto Parts
GRSE.NS,Garden Reach Shipbuilders & Engineers Limited,Industrials,Aerospace & Defense
GRWRHITECH.NS,Garware Hi-Tech Films Limited,Basic Materials,Specialty Chemicals
GSEC10ABSL.NS,Aditya BSL CRISIL 10 Year Gilt ETF,Financial Services,Exchange Traded Fund (ETF)
GSEC10IETF.NS,ICICI Prudential Nifty 10 yr Benchmark G-Sec ETF,Financial Services,Exchange Traded Fund (ETF)
GSEC10YEAR.NS,Mirae Asset Nifty 8-13 yr G-Sec ETF,Financial Services,Exchange Traded Fund (ETF)
GSEC5IETF.NS,ICICI Prudential Nifty 5 Yr Bench G-SEC ETF,Financial Services,Exchange Traded Fund (ETF)
GSFC.NS,Gujarat State Fertilizers & Chemicals Limited,Basic Materials,Agricultural Inputs
GSLSU.NS,Global Surfaces Limited,Basic Materials,Building Materials
GSMFOILS.NS,GSM Foils Limited,Basic Materials,Aluminum
GSPCROP.NS,GSP Crop Science Limited,Basic Materials,Agricultural Inputs
GSPL.NS,Gujarat State Petronet Limited,Utilities,Utilities - Regulated Gas
GSS.NS,GSS Infotech Limited,Technology,Information Technology Services
GSTL.NS,Globesecure Technologies Limited,Technology,Information Technology Services
GTECJAINX.NS,G-Tec Jainx Education Limited,Consumer Defensive,Education & Training Services
GTL.NS,GTL Limited,Communication Services,Telecom Services
GTLINFRA.NS,GTL Infrastructure Limited,Technology,Communication Equipment
GTPL.NS,GTPL Hathway Limited,Communication Services,Entertainment
GUFICBIO.NS,Gufic Biosciences Limited,Healthcare,Drug Manufacturers - Specialty & Generic
GUJALKALI.NS,Gujarat Alkalies and Chemicals Limited,Basic Materials,Chemicals
GUJAPOLLO.NS,Gujarat Apollo Industries Limited,Industrials,Specialty Industrial Machinery
GUJENERGY.NS,Gujarat Energy Limited,Utilities,Utilities - Regulated Gas
GUJGASLTD.NS,GUJGASLTD,Utilities,Utilities - Regulated Gas
GUJRAFFIA.NS,GUJRAFFIA,,
GUJTHEM.NS,GUJTHEM,Healthcare,Drug Manufacturers - Specialty & Generic
GULFOILLUB.NS,Gulf Oil Lubricants India Limited,Basic Materials,Specialty Chemicals
GULFPETRO.NS,GP Petroleums Limited,Energy,Oil & Gas Refining & Marketing
GULPOLY.NS,Gulshan Polyols Limited,Basic Materials,Chemicals
GURUNANAK.NS,GURUNANAK,,
GVKPIL.NS,GVK Power & Infrastructure Limited,Utilities,Utilities - Independent Power Producers
GVPIL.NS,GE Power India Limited,Industrials,Engineering & Construction
GVPTECH.NS,GVP Infotech Limited,Technology,Information Technology Services
GVT&D.NS,GE Vernova T&D India Limited,Industrials,Specialty Industrial Machinery
GYFTR.NS,Gyftr Limited,Industrials,Specialty Business Services
HAL.NS,Hindustan Aeronautics Limited,Industrials,Aerospace & Defense
HALDER.NS,Halder Venture Limited,Consumer Defensive,Farm Products
HALDYNGL.NS,Haldyn Glass Limited,Consumer Cyclical,Packaging & Containers
HALEOSLABS.NS,Haleos Labs Limited,Healthcare,Biotechnology
HAMPTON.NS,Hampton Sky Realty Limited,Financial Services,Capital Markets
HAPPSTMNDS.NS,Happiest Minds Technologies Limited,Technology,Information Technology Services
HAPPY.NS,HAPPY,,
HAPPYFORGE.NS,Happy Forgings Limited,Industrials,Metal Fabrication
HARDWYN.NS,Hardwyn India Limited,Industrials,Building Products & Equipment
HARIOMPIPE.NS,Hariom Pipe Industries Limited,Basic Materials,Steel
HARRMALAYA.NS,Harrisons Malayalam Limited,Consumer Defensive,Farm Products
HARSHA.NS,Harsha Engineers International Limited,Industrials,Tools & Accessories
HATHWAY.NS,Hathway Cable and Datacom Limited,Communication Services,Entertainment
HATSUN.NS,Hatsun Agro Product Limited,Consumer Defensive,Packaged Foods
HAVELLS.NS,Havells India Limited,Industrials,Electrical Equipment & Parts
HAVISHA.NS,Sri Havisha Hospitality and Infrastructure Limited,Consumer Cyclical,Lodging
HAWKINCOOK.NS,Hawkins Cookers Limited,Consumer Cyclical,"Furnishings, Fixtures & Appliances"
HAZOOR.NS,Hazoor Multi Projects Limited,Real Estate,Real Estate - Development
HBESD.NS,HBESD,Consumer Cyclical,Lodging
HBLENGINE.NS,HBL Engineering Limited,Industrials,Electrical Equipment & Parts
HBPOR.NS,HB Portfolio Limited,Financial Services,Capital Markets
HBSL.NS,HB Stockholdings Limited,Financial Services,Capital Markets
HCC.NS,Hindustan Construction Company Limited,Industrials,Engineering & Construction
HCG.NS,HealthCare Global Enterprises Limited,Healthcare,Medical Care Facilities
HCL-INSYS.NS,HCL Infosystems Limited,Technology,Electronics & Computer Distribution
HCLTECH.NS,HCL Technologies Limited,Technology,Information Technology Services
HDBFS.NS,HDB Financial Services Limited,Financial Services,Credit Services
HDFCAMC.NS,HDFC Asset Management Company Limited,Financial Services,Asset Management
HDFCBANK.NS,HDFC Bank Limited,Financial Services,Banks - Regional
HDFCBSE500.NS,HDFC BSE 500 ETF,Financial Services,Exchange Traded Fund (ETF)
HDFCGOLD.NS,HDFC GOLD ETF,Financial Services,Exchange Traded Fund (ETF)
HDFCGROWTH.NS,HDFC NIFTY Growth Sectors 15 ETF,Financial Services,Exchange Traded Fund (ETF)
HDFCLIFE.NS,HDFC Life Insurance Company Limited,Financial Services,Insurance - Life
HDFCLIQUID.NS,HDFC Nifty 1D Rate Liquid ETF - Growth,Financial Services,Exchange Traded Fund (ETF)
HDFCLOWVOL.NS,HDFC NIFTY100 Low Volatility 30 ETF,Financial Services,Exchange Traded Fund (ETF)
HDFCMID150.NS,HDFC NIFTY Midcap 150 ETF,Financial Services,Exchange Traded Fund (ETF)
HDFCMOMENT.NS,HDFC NIFTY200 Momentum 30 ETF,Financial Services,Exchange Traded Fund (ETF)
HDFCNEXT50.NS,HDFC Nifty Next 50 ETF,Financial Services,Exchange Traded Fund (ETF)
HDFCNIF100.NS,HDFC Nifty 100 ETF,Financial Services,Exchange Traded Fund (ETF)
HDFCNIFBAN.NS,HDFC Nifty Bank ETF - Growth,Financial Services,Exchange Traded Fund (ETF)
HDFCNIFIT.NS,HDFC Nifty IT ETF,Financial Services,Exchange Traded Fund (ETF)
HDFCNIFTY.NS,HDFCAMC - HDFCNIFTY,,
HDFCNIMEG.NS,HDFC Nifty Metal ETF,Financial Services,Exchange Traded Fund (ETF)
HDFCPSUBK.NS,HDFC Nifty PSU Bank ETF,Financial Services,Exchange Traded Fund (ETF)
HDFCPVTBAN.NS,HDFC Nifty Private Bank ETF,Financial Services,Exchange Traded Fund (ETF)
HDFCQUAL.NS,HDFC NIFTY100 Quality 30 ETF,Financial Services,Exchange Traded Fund (ETF)
HDFCSENSEX.NS,HDFC Mutual Fund - HDFC Sensex ETF,Financial Services,Exchange Traded Fund (ETF)
HDFCSILVER.NS,HDFC Silver ETF,Financial Services,Exchange Traded Fund (ETF)
HDFCSML250.NS,HDFC Nifty Smallcap 250 ETF,Financial Services,Exchange Traded Fund (ETF)
HDFCVALUE.NS,HDFC NIFTY50 Value 20 ETF,Financial Services,Exchange Traded Fund (ETF)
HDIL.NS,Housing Development and Infrastructure Limited,Real Estate,Real Estate - Diversified
HEADSUP.NS,Heads UP Ventures Limited,Consumer Cyclical,Apparel Retail
HEALTHADD.NS,DSP Nifty Healthcare ETF,Financial Services,Exchange Traded Fund (ETF)
HEALTHAXIS.NS,Axis NIFTY Healthcare ETF,Financial Services,Exchange Traded Fund (ETF)
HEALTHCARE.NS,Mirae Asset Nifty 500 Healthcare ETF,Financial Services,Exchange Traded Fund (ETF)
HEALTHIETF.NS,ICICIPRAMC - ICICIPHARM,Financial Services,Exchange Traded Fund (ETF)
HEALTHX.NS,Health X Platform Limited,Healthcare,Pharmaceutical Retailers
HEALTHY.NS,Aditya Birla Sun Life Nifty Healthcare ETF,Financial Services,Exchange Traded Fund (ETF)
HECPROJECT.NS,HEC Infra Projects Limited,Industrials,Engineering & Construction
HEG.NS,HEG Advanced Materials Ltd,Industrials,Electrical Equipment & Parts
HEGAM.NS,HEG Advanced Materials Limited,Industrials,Electrical Equipment & Parts
HEIDELBERG.NS,HeidelbergCement India Limited,Basic Materials,Building Materials
HEMIPROP.NS,Hemisphere Properties India Limited,Real Estate,Real Estate - Diversified
HERANBA.NS,Heranba Industries Limited,Basic Materials,Agricultural Inputs
HERITGFOOD.NS,Heritage Foods Limited,Consumer Defensive,Packaged Foods
HEROMOTOCO.NS,Hero MotoCorp Limited,Consumer Cyclical,Auto Manufacturers
HEROMOTORS.NS,HERO MOTORS LIMITED,Consumer Cyclical,Auto Parts
HESTERBIO.NS,Hester Biosciences Limited,Healthcare,Drug Manufacturers - Specialty & Generic
HEXAGON.NS,Hexagon Nutrition Limited,Consumer Defensive,Packaged Foods
HEXATRADEX.NS,Hexa Tradex Limited,Financial Services,Credit Services
HEXT.NS,Hexaware Technologies Limited,Technology,Information Technology Services
HFCL.NS,HFCL Limited,Technology,Communication Equipment
HGINFRA.NS,H.G. Infra Engineering Limited,Industrials,Engineering & Construction
HGM.NS,Handson Global Management (HGM) Limited,Technology,Information Technology Services
HGS.NS,Hinduja Global Solutions Limited,Industrials,Specialty Business Services
HIGREEN.NS,Hi-Green Carbon Limited,Basic Materials,Specialty Chemicals
HIKAL.NS,Hikal Limited,Healthcare,Drug Manufacturers - Specialty & Generic
HILINFRA.NS,Highway Infrastructure Limited,Industrials,Infrastructure Operations
HILTON.NS,Hilton Metal Forging Limited,Industrials,Metal Fabrication
HIMATSEIDE.NS,Himatsingka Seide Limited,Consumer Cyclical,Textile Manufacturing
HINDADH.NS,Hindustan Adhesives Limited,Basic Materials,Specialty Chemicals
HINDALCO.NS,Hindalco Industries Limited,Basic Materials,Aluminum
HINDALUMI.NS,Hind Aluminium Industries Limited,Basic Materials,Aluminum
HINDCOMPOS.NS,Hindustan Composites Limited,Consumer Cyclical,Auto Parts
HINDCON.NS,Hindcon Chemicals Limited,Basic Materials,Specialty Chemicals
HINDCOPPER.NS,Hindustan Copper Limited,Basic Materials,Copper
HINDOILEXP.NS,Hindustan Oil Exploration Company Limited,Energy,Oil & Gas E&P
HINDPETRO.NS,Hindustan Petroleum Corporation Limited,Energy,Oil & Gas Refining & Marketing
HINDUNILVR.NS,Hindustan Unilever Limited,Consumer Defensive,Household & Personal Products
HINDWAREAP.NS,Hindware Home Innovation Limited,Consumer Cyclical,"Furnishings, Fixtures & Appliances"
HINDZINC.NS,Hindustan Zinc Limited,Basic Materials,Other Industrial Metals & Mining
HIRECT.NS,Hirect Limited,Industrials,Electrical Equipment & Parts
HISARMETAL.NS,Hisar Metal Industries Limited,Basic Materials,Steel
HITECH.NS,Hi-Tech Pipes Limited,Basic Materials,Steel
HITECHCORP.NS,Hitech Corporation Limited,Consumer Cyclical,Packaging & Containers
HITECHGEAR.NS,The Hi-Tech Gears Limited,Consumer Cyclical,Auto Parts
HLEGLAS.NS,HLE Glascoat Limited,Industrials,Specialty Industrial Machinery
HLVLTD.NS,HLV Limited,Consumer Cyclical,Lodging
HMAAGRO.NS,HMA Agro Industries Limited,Consumer Defensive,Packaged Foods
HMT.NS,HMT Limited,Industrials,Farm & Heavy Construction Machinery
HMVL.NS,Hindustan Media Ventures Limited,Communication Services,Publishing
HNDFDS.NS,Hindustan Foods Limited,Industrials,Conglomerates
HNGSNGBEES.NS,Nippon India ETF Hang Seng BeES,Financial Services,Exchange Traded Fund (ETF)
HOLMARC.NS,Holmarc Opto-Mechatronics Limited,Industrials,Specialty Industrial Machinery
HOMEFIRST.NS,Home First Finance Company India Limited,Financial Services,Mortgage Finance
HONASA.NS,Honasa Consumer Limited,Consumer Defensive,Household & Personal Products
HONAUT.NS,Honeywell Automation India Limited,Industrials,Electrical Equipment & Parts
HONDAPOWER.NS,Honda India Power Products Limited,Industrials,Specialty Industrial Machinery
HORIZONIND.NS,Horizon Industrial Parks Limited,Real Estate,Real Estate - Development
HPAL.NS,HP Adhesives Limited,Basic Materials,Specialty Chemicals
HPIL.NS,Hindprakash Industries Limited,Basic Materials,Specialty Chemicals
HPL.NS,HPL Electric & Power Limited,Industrials,Electrical Equipment & Parts
HPTL.NS,HPTL,Consumer Cyclical,Industrial Distribution
HRYNSHP.NS,Hariyana Ship Breakers Limited,Industrials,Waste Management
HSBCGOLD.NS,HSBC Gold ETF,Financial Services,Exchange Traded Fund (ETF)
HSCL.NS,Himadri Speciality Chemical Limited,Basic Materials,Specialty Chemicals
HTEL.NS,HY-TECH ENGINEERS LIMITED,Industrials,Specialty Industrial Machinery
HTMEDIA.NS,HT Media Limited,Communication Services,Publishing
HUBTOWN.NS,Hubtown Limited,Real Estate,Real Estate - Development
HUDCO.NS,Housing and Urban Development Corporation Limited,Financial Services,Credit Services
HUHTAMAKI.NS,Huhtamaki India Limited,Consumer Cyclical,Packaging & Containers
HVAX.NS,HVAX,Industrials,Engineering & Construction
HYBRIDETF.NS,Mirae Asset Nifty200 Momentum 30 Plus 8-13 yr G-Sec 50 50 ETF,Financial Services,Exchange Traded Fund (ETF)
HYBRIDFIN.NS,Hybrid Financial Services Limited,Financial Services,Capital Markets
HYUNDAI.NS,Hyundai Motor India Limited,Consumer Cyclical,Auto Manufacturers
IBLFL.NS,IBL Finance Limited,Consumer Cyclical,Credit Services
IBULLSLTD.NS,Indiabulls Limited,Real Estate,Real Estate - Development
ICDSLTD.NS,ICDS Limited,Real Estate,Real Estate Services
ICELCO.NS,ICELCO,,
ICEMAKE.NS,Ice Make Refrigeration Limited,Industrials,Specialty Industrial Machinery
ICICIAMC.NS,ICICI Prudential Asset Management Company Limited,Financial Services,Asset Management
ICICIB22.NS,BHARAT 22 ETF,Financial Services,Exchange Traded Fund (ETF)
ICICIBANK.NS,ICICI Bank Limited,Financial Services,Banks - Regional
ICICIGI.NS,ICICI Lombard General Insurance Company Limited,Financial Services,Insurance - Diversified
ICICIPRULI.NS,ICICI Life Insurance Limited,Financial Services,Insurance - Life
ICIL.NS,Indo Count Industries Limited,Consumer Cyclical,Textile Manufacturing
ICRA.NS,ICRA Limited,Financial Services,Financial Data & Stock Exchanges
IDBI.NS,IDBI Bank Limited,Financial Services,Banks - Regional
IDEA.NS,Vodafone Idea Limited,Communication Services,Telecom Services
IDEAFORGE.NS,ideaForge Technology Limited,Technology,Computer Hardware
IDEALTECHO.NS,IDEALTECHO,Industrials,Packaging & Containers
IDENTICAL.NS,IDENTICAL,Communication Services,Entertainment
IDFCFIRSTB.NS,IDFC First Bank Limited,Financial Services,Banks - Regional
IDFNIFTYET.NS,Bandhan Nifty 50 ETF,Financial Services,Exchange Traded Fund (ETF)
IEML.NS,Indian Emulsifiers Limited,Basic Materials,Specialty Chemicals
IEX.NS,Indian Energy Exchange Limited,Financial Services,Capital Markets
IFBAGRO.NS,IFB Agro Industries Limited,Consumer Defensive,Beverages - Wineries & Distilleries
IFBIND.NS,IFB Industries Limited,Consumer Cyclical,"Furnishings, Fixtures & Appliances"
IFCI.NS,IFCI Limited,Financial Services,Credit Services
IFGLEXPOR.NS,IFGL Refractories Limited,Basic Materials,Building Materials
IGARASHI.NS,Igarashi Motors India Limited,Consumer Cyclical,Auto Parts
IGCL.NS,Indogulf Cropsciences Limited,Basic Materials,Agricultural Inputs
IGIL.NS,International Gemological Institute Limited,Basic Materials,Other Precious Metals & Mining
IGL.NS,Indraprastha Gas Limited,Utilities,Utilities - Regulated Gas
IGPL.NS,I G Petrochemicals Limited,Basic Materials,Chemicals
IIFL.NS,IIFL Finance Limited,Financial Services,Credit Services
IIFLCAPS.NS,IIFL Capital Services Limited,Financial Services,Capital Markets
IITL.NS,Industrial Investment Trust Limited,Financial Services,Credit Services
IKIO.NS,IKIO Technologies Limited,Technology,Electronic Components
IKS.NS,Inventurus Knowledge Solutions Limited,Healthcare,Health Information Services
IL&FSENGG.NS,IL&FS Engineering and Construction Company Limited,Industrials,Engineering & Construction
IL&FSTRANS.NS,IL&FS Transportation Networks Limited,Industrials,Infrastructure Operations
IMAGICAA.NS,Imagicaaworld Entertainment Limited,Communication Services,Entertainment
IMFA.NS,Indian Metals and Ferro Alloys Limited,Basic Materials,Other Industrial Metals & Mining
IMPAL.NS,India Motor Parts & Accessories Limited,Consumer Cyclical,Auto Parts
IMPEXFERRO.NS,Impex Ferro Tech Limited,Basic Materials,Other Industrial Metals & Mining
INA.NS,Insolation Energy Limited,Technology,Solar
INCREDIBLE.NS,Incredible Industries Limited,Basic Materials,Steel
INDBANK.NS,Indbank Merchant Banking Services Limited,Financial Services,Capital Markets
INDGN.NS,Indegene Limited,Healthcare,Health Information Services
INDHOTEL.NS,The Indian Hotels Company Limited,Consumer Cyclical,Lodging
INDIACEM.NS,The India Cements Limited,Basic Materials,Building Materials
INDIAGLYCO.NS,India Glycols Limited,Basic Materials,Chemicals
INDIAMART.NS,IndiaMART InterMESH Limited,Consumer Cyclical,Internet Retail
INDIANB.NS,Indian Bank,Financial Services,Banks - Regional
INDIANCARD.NS,The Indian Card Clothing Company Limited,Consumer Cyclical,Textile Manufacturing
INDIANHUME.NS,The Indian Hume Pipe Company Limited,Industrials,Engineering & Construction
INDIASHLTR.NS,India Shelter Finance Corporation Limited,Financial Services,Mortgage Finance
INDIFRA.NS,Indifra Limited,Industrials,Conglomerates
INDIGO.NS,InterGlobe Aviation Limited,Industrials,Airlines
INDIGOPNTS.NS,Indigo Paints Limited,Basic Materials,Specialty Chemicals
INDIQUBE.NS,IndiQube Spaces Limited,Real Estate,Real Estate Services
INDNIPPON.NS,India Nippon Electricals Limited,Consumer Cyclical,Auto Parts
INDOAMIN.NS,Indo Amines Limited,Basic Materials,Chemicals
INDOBORAX.NS,Indo Borax & Chemicals Limited,Basic Materials,Chemicals
INDOCO.NS,Indoco Remedies Limited,Healthcare,Drug Manufacturers - Specialty & Generic
INDOFARM.NS,Indo Farm Equipment Limited,Industrials,Farm & Heavy Construction Machinery
INDOKEM.NS,Indokem Limited,Basic Materials,Specialty Chemicals
INDOMIM.NS,INDO-MIM Limited,Industrials,Metal Fabrication
INDORAMA.NS,Indo Rama Synthetics (India) Limited,Consumer Cyclical,Textile Manufacturing
INDOSTAR.NS,IndoStar Capital Finance Limited,Financial Services,Credit Services
INDOTECH.NS,Indo Tech Transformers Limited,Industrials,Electrical Equipment & Parts
INDOTHAI.NS,Indo Thai Securities Limited,Financial Services,Capital Markets
INDOUS.NS,Indo Us Bio-Tech Limited,Basic Materials,Agricultural Inputs
INDOWIND.NS,Indowind Energy Limited,Utilities,Utilities - Renewable
INDPRUD.NS,Industrial And Prudential Investment Company Limited,Financial Services,Asset Management
INDRAMEDCO.NS,Indraprastha Medical Corporation Limited,Healthcare,Medical Care Facilities
INDSWFTLAB.NS,Ind-Swift Laboratories Limited,Healthcare,Drug Manufacturers - Specialty & Generic
INDTERRAIN.NS,Indian Terrain Fashions Limited,Consumer Cyclical,Apparel Retail
INDUSINDBK.NS,IndusInd Bank Limited,Financial Services,Banks - Regional
INDUSTOWER.NS,Indus Towers Limited,Communication Services,Telecom Services
INFINIUM.NS,Infinium Pharmachem Limited,Healthcare,Drug Manufacturers - General
INFLUX.NS,INFLUX,,
INFOBEAN.NS,InfoBeans Technologies Limited,Technology,Software - Application
INFOLLION.NS,Infollion Research Services Limited,Miscellaneous,Diversified
INFOMEDIA.NS,Infomedia Press Limited,Financial Services,Shell Companies
INFRA.NS,Mirae Asset Nifty India Infrastructure & Logistics ETF,Financial Services,Exchange Traded Fund (ETF)
INFRABEES.NS,Nippon India ETF Nifty Infrastructure BeES,Financial Services,Exchange Traded Fund (ETF)
INFRAIETF.NS,ICICIPRAMC - ICICIINFRA,Financial Services,Exchange Traded Fund (ETF)
INFY.NS,Infosys Limited,Technology,Information Technology Services
INGERRAND.NS,Ingersoll-Rand (India) Limited,Industrials,Specialty Industrial Machinery
INM.NS,Interiors & More Limited,,
INNOMET.NS,INNOMET,Basic Materials,Other Industrial Metals & Mining
INNOVACAP.NS,Innova Captab Limited,Healthcare,Drug Manufacturers - Specialty & Generic
INNOVANA.NS,Innovana Thinklabs Limited,Technology,Software - Application
INNOVISION.NS,Innovision Limited,Industrials,Staffing & Employment Services
INOXGREEN.NS,Inox Green Energy Services Limited,Utilities,Utilities - Renewable
INOXINDIA.NS,INOX India Limited,Industrials,Specialty Industrial Machinery
INOXWIND.NS,Inox Wind Limited,Industrials,Specialty Industrial Machinery
INSECTICID.NS,Insecticides (India) Limited,Basic Materials,Agricultural Inputs
INSPIRISYS.NS,Inspirisys Solutions Limited,Technology,Information Technology Services
INSUREIETF.NS,ICICI Prudential BSE Insurance ETF,Financial Services,Exchange Traded Fund (ETF)
INTEGRITY.NS,INTEGRITY,Infrastructure Developers & Operators,Engineering & Construction
INTELLECT.NS,Intellect Design Arena Limited,Technology,Software - Application
INTENTECH.NS,Intense Technologies Limited,Technology,Software - Infrastructure
INTERARCH.NS,Interarch Building Solutions Limited,Industrials,Engineering & Construction
INTERNET.NS,Mirae Asset Nifty India Internet ETF,Financial Services,Exchange Traded Fund (ETF)
INTLCONV.NS,International Conveyors Limited,Industrials,Specialty Industrial Machinery
INVENTURE.NS,Inventure Growth & Securities Limited,Financial Services,Capital Markets
INVICTA.NS,INVICTA,,
INVPRECQ.NS,Investment & Precision Castings Limited,Basic Materials,Steel
IOB.NS,Indian Overseas Bank,Financial Services,Banks - Regional
IOC.NS,Indian Oil Corporation Limited,Energy,Oil & Gas Refining & Marketing
IOLCP.NS,IOL Chemicals and Pharmaceuticals Limited,Healthcare,Drug Manufacturers - Specialty & Generic
IONEXCHANG.NS,Ion Exchange (India) Limited,Industrials,Pollution & Treatment Controls
IPCALAB.NS,Ipca Laboratories Limited,Healthcare,Drug Manufacturers - Specialty & Generic
IPHL.NS,IPHL,Basic Materials,Specialty Chemicals
IPL.NS,India Pesticides Limited,Basic Materials,Agricultural Inputs
IPRINGLTD.NS,IP Rings Limited,Consumer Cyclical,Auto Parts
IRB.NS,IRB Infrastructure Developers Limited,Industrials,Infrastructure Operations
IRCON.NS,Ircon International Limited,Industrials,Engineering & Construction
IRCTC.NS,Indian Railway Catering & Tourism Corporation Limited,Consumer Cyclical,Travel Services
IREDA.NS,Indian Renewable Energy Development Agency Limited,Financial Services,Credit Services
IRFC.NS,Indian Railway Finance Corporation Limited,Financial Services,Credit Services
IRIS.NS,IRIS RegTech Solutions Limited,Technology,Software - Application
IRISDOREME.NS,Iris Clothings Limited,Consumer Cyclical,Apparel Manufacturing
IRMENERGY.NS,IRM Energy Limited,Utilities,Utilities - Regulated Gas
ISFT.NS,IntraSoft Technologies Limited,Consumer Cyclical,Internet Retail
ISGEC.NS,Isgec Heavy Engineering Limited,Industrials,Specialty Industrial Machinery
ISHAN.NS,Ishan International Limited,Industrials,Specialty Industrial Machinery
ISHANCH.NS,ISHANCH,Basic Materials,Chemicals
ISTLTD.NS,ISTLTD,Consumer Cyclical,Auto Parts
IT.NS,IT,,
ITADD.NS,DSPAMC - DSPIT,,
ITALIANE.NS,Italian Edibles Limited,Consumer Defensive,Packaged Foods
ITAXIS.NS,Axis NIFTY IT ETF,Financial Services,Exchange Traded Fund (ETF)
ITBEES.NS,Nippon India ETF Nifty IT,Financial Services,Exchange Traded Fund (ETF)
ITBETA.NS,UTI Nifty IT ETF,Financial Services,Exchange Traded Fund (ETF)
ITC.NS,ITC Limited,Consumer Defensive,Tobacco
ITCHOTELS.NS,ITCHOTELS,Consumer Cyclical,Resorts & Casinos
ITDC.NS,ITDC,Consumer Cyclical,Lodging
ITETF.NS,Mirae Asset Nifty IT ETF,Financial Services,Exchange Traded Fund (ETF)
ITI.NS,ITI,Technology,Communication Equipment
ITIETF.NS,ICICIPRAMC - ICICITECH,Financial Services,Exchange Traded Fund (ETF)
ITL.NS,ITL,Industrials,Specialty Industrial Machinery
ITTL.NS,ITTL,,
IVALUE.NS,IVALUE,Technology,Information Technology Services
IVC.NS,IVC,Financial Services,Financial Conglomerates
IVP.NS,IVP,Basic Materials,Specialty Chemicals
IVZBANKNF.NS,Invesco India Nifty Bank ETF,Financial Services,Exchange Traded Fund (ETF)
IVZINGOLD.NS,Invesco India Gold ETF,Financial Services,Exchange Traded Fund (ETF)
IVZINNIFTY.NS,Invesco India Nifty 50 ETF,Financial Services,Exchange Traded Fund (ETF)
IVZSENSEX.NS,Invesco India BSE Sensex ETF,Financial Services,Exchange Traded Fund (ETF)
IWARE.NS,IWARE,Industrials,Trucking
IWP.NS,IWP,Basic Materials,Lumber & Wood Production
IXIGO.NS,IXIGO,Consumer Cyclical,Travel Services
IZMO.NS,IZMO,Technology,Software - Application
J&KBANK.NS,J&KBANK,Financial Services,Banks - Regional
JAGRAN.NS,JAGRAN,Communication Services,Publishing
JAGSNPHARM.NS,JAGSNPHARM,Healthcare,Drug Manufacturers - Specialty & Generic
JAIBALAJI.NS,JAIBALAJI,Basic Materials,Steel
JAICORPLTD.NS,JAICORPLTD,Basic Materials,Specialty Chemicals
JAINAM.NS,JAINAM,,
JAINIK.NS,JAINIK,,
JAINREC.NS,JAINREC,Basic Materials,Other Industrial Metals & Mining
JAIPURKURT.NS,JAIPURKURT,Consumer Cyclical,Apparel Manufacturing
JAMNAAUTO.NS,JAMNAAUTO,Consumer Cyclical,Auto Parts
JARO.NS,JARO,Consumer Defensive,Education & Training Services
JASH.NS,JASH,Industrials,Specialty Industrial Machinery
JAYAGROGN.NS,JAYAGROGN,Basic Materials,Specialty Chemicals
JAYBARMARU.NS,JAYBARMARU,Consumer Cyclical,Auto Parts
JAYBEE.NS,JAYBEE,,
JAYESH.NS,JAYESH,,
JAYKAY.NS,JAYKAY,Industrials,Specialty Business Services
JAYNECOIND.NS,JAYNECOIND,Basic Materials,Steel
JAYSREETEA.NS,JAYSREETEA,Consumer Defensive,Farm Products
JBCHEPHARM.NS,J. B. Chemicals & Pharmaceuticals Limited,,
JBMA.NS,JBMA,Consumer Cyclical,Auto Parts
JENBURPH.NS,JENBURPH,Healthcare,Drug Manufacturers - Specialty & Generic
JETFREIGHT.NS,JETFREIGHT,Industrials,Integrated Freight & Logistics
JEYYAM.NS,JEYYAM,,
JFLLIFE.NS,JFLLIFE,,
JGCHEM.NS,JGCHEM,Basic Materials,Other Industrial Metals & Mining
JHS.NS,JHS,Consumer Defensive,Household & Personal Products
JINDALPHOT.NS,JINDALPHOT,Financial Services,Asset Management
JINDALPOLY.NS,JINDALPOLY,Consumer Cyclical,Packaging & Containers
JINDALSAW.NS,Jindal Saw Limited,Basic Materials,Steel
JINDALSTEL.NS,JINDALSTEL,Basic Materials,Steel
JINDRILL.NS,JINDRILL,Energy,Oil & Gas Equipment & Services
JINDWORLD.NS,JINDWORLD,Consumer Cyclical,Textile Manufacturing
JIOFIN.NS,JIOFIN,Financial Services,Asset Management
JISLDVREQS.NS,JISLDVREQS,Industrials,Conglomerates
JISLJALEQS.NS,Jain Irrigation Systems Limited,Industrials,Conglomerates
JITFINFRA.NS,JITFINFRA,Industrials,Engineering & Construction
JIWANRAM.NS,JIWANRAM,,
JKCEMENT.NS,JKCEMENT,Basic Materials,Building Materials
JKIL.NS,JKIL,Industrials,Engineering & Construction
JKIPL.NS,JKIPL,Industrials,Industrial Distribution
JKLAKSHMI.NS,JKLAKSHMI,Basic Materials,Building Materials
JKPAPER.NS,JKPAPER,Basic Materials,Paper & Paper Products
JKTYRE.NS,JKTYRE,Consumer Cyclical,Auto Parts
JLHL.NS,JLHL,Healthcare,Medical Care Facilities
JMA.NS,JMA,Consumer Cyclical,Auto Parts
JMFINANCIL.NS,JMFINANCIL,Financial Services,Capital Markets
JNKINDIA.NS,JNKINDIA,Industrials,Specialty Industrial Machinery
JNPR.NS,JNPR,Utilities,Utilities - Renewable
JOCIL.NS,Jocil Limited,Basic Materials,Specialty Chemicals
JPOLYINVST.NS,JPOLYINVST,Financial Services,Asset Management
JPPOWER.NS,JPPOWER,Utilities,Utilities - Independent Power Producers
JSFB.NS,Jana Small Finance Bank Limited,Financial Services,Banks - Regional
JSIPL.NS,JSIPL,Basic Materials,Steel
JSL.NS,JSL,Basic Materials,Steel
JSLL.NS,Jeena Sikho Lifecare Limited,Healthcare,Medical Care Facilities
JSWCEMENT.NS,JSWCEMENT,Basic Materials,Building Materials
JSWDULUX.NS,JSWDULUX,Basic Materials,Specialty Chemicals
JSWENERGY.NS,JSW Energy Limited,Utilities,Utilities - Independent Power Producers
JSWHL.NS,JSWHL,Financial Services,Asset Management
JSWINFRA.NS,JSWINFRA,Industrials,Marine Shipping
JSWSTEEL.NS,JSWSTEEL,Basic Materials,Steel
JTEKTINDIA.NS,JTEKT India Limited,Consumer Cyclical,Auto Parts
JTLIND.NS,JTLIND,Basic Materials,Steel
JUBLCPL.NS,JUBLCPL,Basic Materials,Specialty Chemicals
JUBLFOOD.NS,JUBLFOOD,Consumer Cyclical,Restaurants
JUBLINGREA.NS,JUBLINGREA,Basic Materials,Specialty Chemicals
JUBLPHARMA.NS,Jubilant Pharmova Limited,Healthcare,Drug Manufacturers - Specialty & Generic
JUNIORBEES.NS,JUNIORBEES,Financial Services,Exchange Traded Fund (ETF)
JUNIPER.NS,JUNIPER,Consumer Cyclical,Lodging
JUSTDIAL.NS,JUSTDIAL,Communication Services,Internet Content & Information
JWL.NS,JWL,Industrials,Railroads
JYOTHYLAB.NS,Jyothy Labs Limited,Consumer Defensive,Household & Personal Products
JYOTICNC.NS,JYOTICNC,Industrials,Specialty Industrial Machinery
JYOTIGLOBL.NS,JYOTIGLOBL,,
JYOTIRES.NS,Jyoti Resins and Adhesives Limited,Basic Materials,Specialty Chemicals
JYOTISTRUC.NS,JYOTISTRUC,Industrials,Specialty Industrial Machinery
K2INFRA.NS,K2 Infragen Limited,Infrastructure Developers & Operators,Engineering & Construction
KABRAEXTRU.NS,KABRAEXTRU,Industrials,Specialty Industrial Machinery
KAJARIACER.NS,KAJARIACER,Industrials,Building Products & Equipment
KAKATCEM.NS,KAKATCEM,Basic Materials,Building Materials
KALAMANDIR.NS,KALAMANDIR,Consumer Cyclical,Apparel Retail
KALANA.NS,KALANA,Basic Materials,Steel
KALPATARU.NS,KALPATARU,Real Estate,Real Estate - Development
KALYANIFRG.NS,KALYANIFRG,Consumer Cyclical,Auto Parts
KALYANKJIL.NS,KALYANKJIL,Consumer Cyclical,Luxury Goods
KAMAHOLD.NS,KAMA Holdings Limited,Industrials,Conglomerates
KAMANWALA.NS,KAMANWALA,Real Estate,Real Estate - Development
KAMATHOTEL.NS,KAMATHOTEL,Consumer Cyclical,Lodging
KAMDHENU.NS,KAMDHENU,Basic Materials,Steel
KAMOPAINTS.NS,Kamdhenu Ventures Limited,Basic Materials,Steel
KANANIIND.NS,KANANIIND,Consumer Cyclical,Luxury Goods
KANCHI.NS,KANCHI,Basic Materials,Specialty Chemicals
KANCOTEA.NS,Kanco Tea & Industries Limited,Consumer Defensive,Farm Products
KANDARP.NS,KANDARP,,
KANOHAR.NS,KANOHAR,Industrials,Electrical Equipment & Parts
KANORICHEM.NS,KANORICHEM,Basic Materials,Chemicals
KANPRPLA.NS,KANPRPLA,Consumer Cyclical,Packaging & Containers
KANSAINER.NS,Kansai Nerolac Paints Limited,Basic Materials,Specialty Chemicals
KAPSTON.NS,KAPSTON,Industrials,Specialty Business Services
KARAMTARA.NS,KARAMTARA,Technology,Solar
KARMAENG.NS,Karma Energy Limited,Utilities,Utilities - Renewable
KARNIKA.NS,KARNIKA,,
KARURVYSYA.NS,KARURVYSYA,Financial Services,Banks - Regional
KATARIA.NS,KATARIA,Basic Materials,Steel
KAUSHALYA.NS,KAUSHALYA,Industrials,Engineering & Construction
KAVDEFENCE.NS,KAVDEFENCE,Technology,Communication Equipment
KAYA.NS,KAYA,Consumer Defensive,Household & Personal Products
KAYNES.NS,Kaynes Technology India Limited,Technology,Electronic Components
KAYTEX.NS,KAYTEX,,
KCEIL.NS,Kay Cee Energy & Infra Limited,Infrastructure Developers & Operators,Engineering & Construction
KCK.NS,Kck Industries Limited,Consumer Defensive,Packaged Foods
KCP.NS,KCP,Basic Materials,Building Materials
KCPSUGIND.NS,KCPSUGIND,Consumer Defensive,Confectioners
KDDL.NS,KDDL,Consumer Cyclical,Luxury Goods
KDGREEN.NS,KD Green Industries Limited,Consumer Cyclical,Footwear & Accessories
KDL.NS,Kore Digital Limited,Technology,Transmisson Line Towers / Equipment
KEC.NS,KEC,Industrials,Engineering & Construction
KECL.NS,KECL,Industrials,Specialty Industrial Machinery
KEEPLEARN.NS,KEEPLEARN,Consumer Defensive,Education & Training Services
KEI.NS,KEI Industries Limited,Industrials,Electrical Equipment & Parts
KELLTONTEC.NS,KELLTONTEC,Technology,Software - Application
KEN.NS,KEN,Consumer Cyclical,Textile Manufacturing
KENNAMET.NS,Kennametal India Limited,Industrials,Tools & Accessories
KERNEX.NS,KERNEX,Technology,Software - Application
KESORAMIND.NS,Kesoram Industries Limited,Basic Materials,Building Materials
KEYFINSERV.NS,KEYFINSERV,Financial Services,Capital Markets
KFINTECH.NS,KFINTECH,Technology,Software - Application
KHADIM.NS,KHADIM,Consumer Cyclical,Footwear & Accessories
KHAICHEM.NS,KHAICHEM,Basic Materials,Agricultural Inputs
KHAITANLTD.NS,KHAITANLTD,Industrials,Industrial Distribution
KHANDSE.NS,KHANDSE,Financial Services,Capital Markets
KHFM.NS,KHFM,,
KICL.NS,Kalyani Investment Company Limited,Financial Services,Asset Management
KILITCH.NS,Kilitch Drugs (India) Limited,Healthcare,Drug Manufacturers - Specialty & Generic
KIMS.NS,KIMS,Healthcare,Medical Care Facilities
KINGFA.NS,KINGFA,Basic Materials,Specialty Chemicals
KIOCL.NS,KIOCL,Basic Materials,Steel
KIRANVYPAR.NS,KIRANVYPAR,Financial Services,Capital Markets
KIRIINDUS.NS,KIRIINDUS,Basic Materials,Specialty Chemicals
KIRLFER.NS,Kirloskar Ferrous Industries Limited,Industrials,Metal Fabrication
KIRLOSBROS.NS,KIRLOSBROS,Industrials,Specialty Industrial Machinery
KIRLOSENG.NS,KIRLOSENG,Industrials,Specialty Industrial Machinery
KIRLOSIND.NS,KIRLOSIND,Industrials,Metal Fabrication
KIRLPNU.NS,Kirloskar Pneumatic Company Limited,Industrials,Specialty Industrial Machinery
KISSHT.NS,KISSHT,Financial Services,Credit Services
KITEX.NS,KITEX,Consumer Cyclical,Apparel Manufacturing
KJMCFIN.NS,KJMCFIN,Financial Services,Capital Markets
KKCL.NS,KKCL,Consumer Cyclical,Apparel Manufacturing
KKJEWELS.NS,KKJEWELS,Consumer Cyclical,Luxury Goods
KLBRENG-B.NS,KLBRENG-B,Industrials,Specialty Industrial Machinery
KLL.NS,Kaushalya Logistics Limited,Consumer Cyclical,Industrial Distribution
KMCSHIL.NS,KMC Speciality Hospitals (India) Limited,Healthcare,Medical Care Facilities
KMEW.NS,KMEW,Industrials,Marine Shipping
KMSUGAR.NS,K.M. Sugar Mills Limited,Consumer Defensive,Confectioners
KNACK.NS,KNACK,Consumer Cyclical,Packaging & Containers
KNAGRI.NS,KN Agri Resources Limited,Consumer Defensive,Farm Products
KNRCON.NS,KNRCON,Industrials,Engineering & Construction
KODYTECH.NS,Kody Technolab Limited,Technology,Information Technology Services
KOHINOOR.NS,KOHINOOR,Consumer Defensive,Packaged Foods
KOKUYOCMLN.NS,KOKUYOCMLN,Industrials,Business Equipment & Supplies
KOLTEPATIL.NS,KOLTEPATIL,Real Estate,Real Estate - Development
KONSTELEC.NS,KONSTELEC,,
KOPRAN.NS,KOPRAN,Healthcare,Drug Manufacturers - General
KORE.NS,KORE,,
KOTAKBANK.NS,KOTAKBANK,Financial Services,Banks - Regional
KOTARISUG.NS,Kothari Sugars and Chemicals Limited,Consumer Defensive,Confectioners
KOTHARIPET.NS,KOTHARIPET,Basic Materials,Specialty Chemicals
KOTHARIPRO.NS,KOTHARIPRO,Industrials,Conglomerates
KOTIC.NS,KOTIC,Basic Materials,Agricultural Inputs
KOTYARK.NS,KOTYARK,Basic Materials,Specialty Chemicals
KOVAI.NS,Kovai Medical Center and Hospital Limited,Healthcare,Medical Care Facilities
KPEL.NS,K.P. Energy Limited,Industrials,Engineering & Construction
KPIGREEN.NS,KPIGREEN,Utilities,Utilities - Renewable
KPIL.NS,Kalpataru Projects International Limited,Industrials,Engineering & Construction
KPITTECH.NS,KPITTECH,Technology,Software - Application
KPL.NS,KPL,Healthcare,Drug Manufacturers - Specialty & Generic
KPRMILL.NS,KPRMILL,Consumer Cyclical,Textile Manufacturing
KRBL.NS,KRBL Limited,Consumer Defensive,Packaged Foods
KREBSBIO.NS,KREBSBIO,Healthcare,Drug Manufacturers - Specialty & Generic
KRIDHANINF.NS,KRIDHANINF,Basic Materials,Steel
KRISHANA.NS,KRISHANA,Basic Materials,Agricultural Inputs
KRISHCA.NS,KRISHCA,,
KRISHIVAL.NS,KRISHIVAL,Consumer Defensive,Packaged Foods
KRISHNADEF.NS,KRISHNADEF,Industrials,Specialty Industrial Machinery
KRITI.NS,KRITI,Industrials,Building Products & Equipment
KRITIKA.NS,KRITIKA,Basic Materials,Steel
KRITINUT.NS,KRITINUT,Consumer Defensive,Packaged Foods
KRMAYURVED.NS,KRMAYURVED,,
KRN.NS,KRN,Technology,Electronic Components
KRONOX.NS,Kronox Lab Sciences Limited,Basic Materials,Specialty Chemicals
KROSS.NS,Kross Limited,Consumer Cyclical,Auto Parts
KRSNAA.NS,KRSNAA,Healthcare,Diagnostics & Research
KRYSTAL.NS,KRYSTAL,Industrials,Specialty Business Services
KSB.NS,KSB,Industrials,Specialty Industrial Machinery
KSCL.NS,KSCL,Basic Materials,Agricultural Inputs
KSE.NS,KSE,Consumer Defensive,Packaged Foods
KSHINTL.NS,KSH International Limited,Industrials,Electrical Equipment & Parts
KSHITIJPOL.NS,KSHITIJPOL,Industrials,Business Equipment & Supplies
KSL.NS,Kalyani Steels Limited,Basic Materials,Steel
KSOLVES.NS,KSOLVES,Technology,Software - Application
KSR.NS,KSR,Consumer Cyclical,Footwear & Accessories
KTKBANK.NS,The Karnataka Bank Limited,Financial Services,Banks - Regional
KUANTUM.NS,KUANTUM,Basic Materials,Paper & Paper Products
KUSUMGAR.NS,KUSUMGAR,Consumer Cyclical,Textile Manufacturing
KWIL.NS,KWIL,Consumer Defensive,Packaged Foods
LADDERUP.NS,LADDERUP,Financial Services,Capital Markets
LAGNAM.NS,LAGNAM,Consumer Cyclical,Textile Manufacturing
LAHOTIOV.NS,LAHOTIOV,Consumer Cyclical,Textile Manufacturing
LAKPRE.NS,LAKPRE,Industrials,Tools & Accessories
LAKSHMIMIL.NS,The Lakshmi Mills Company Limited,Consumer Cyclical,Textile Manufacturing
LAKSHYA.NS,LAKSHYA,Infrastructure Developers & Operators,Engineering & Construction
LAL.NS,Lorenzini Apparels Limited,Consumer Cyclical,Apparel Manufacturing
LALITHAA.NS,LALITHAA,Consumer Cyclical,Luxury Goods
LALPATHLAB.NS,LALPATHLAB,Healthcare,Diagnostics & Research
LAMBODHARA.NS,LAMBODHARA,Consumer Cyclical,Textile Manufacturing
LAMOSAIC.NS,LAMOSAIC,Miscellaneous,Decoratives - Wood-based
LANCER.NS,LANCER,Industrials,Integrated Freight & Logistics
LANCORHOL.NS,Lancor Holdings Limited,Real Estate,Real Estate - Development
LANDMARK.NS,LANDMARK,Consumer Cyclical,Auto & Truck Dealerships
LANDSMILL.NS,LANDSMILL,Industrials,Conglomerates
LAOPALA.NS,LAOPALA,Consumer Cyclical,"Furnishings, Fixtures & Appliances"
LARGEMID50.NS,Mirae Asset BSE LargeMid (60 40) Stable Dividend 50 ETF,Financial Services,Exchange Traded Fund (ETF)
LASERPOWER.NS,LASERPOWER,Industrials,Electrical Equipment & Parts
LATENTVIEW.NS,Latent View Analytics Limited,Industrials,Consulting Services
LATTEYS.NS,LATTEYS,Industrials,Specialty Industrial Machinery
LAURUSLABS.NS,Laurus Labs Limited,Healthcare,Drug Manufacturers - Specialty & Generic
LAXMICOT.NS,LAXMICOT,Consumer Cyclical,Textile Manufacturing
LAXMIDENTL.NS,LAXMIDENTL,Healthcare,Medical Instruments & Supplies
LAXMIINDIA.NS,Laxmi India Finance Limited,Financial Services,Credit Services
LCCINFOTEC.NS,LCC Infotech Limited,Consumer Defensive,Education & Training Services
LCCPROJECT.NS,LCC PROJECTS LIMITED,Industrials,Infrastructure Operations
LCL.NS,LCL,Industrials,Specialty Industrial Machinery
LEAPIND.NS,LEAPIND,Industrials,Integrated Freight & Logistics
LEENEE.NS,Lee & Nee Softwares (Exports) Ltd.,Technology,Information Technology Services
LEMERITE.NS,LEMERITE,Consumer Cyclical,Textile Manufacturing
LEMONTREE.NS,Lemon Tree Hotels Limited,Consumer Cyclical,Lodging
LENSKART.NS,LENSKART,Healthcare,Medical Instruments & Supplies
LEXUS.NS,LEXUS,Industrials,Building Products & Equipment
LFIC.NS,LFIC,Financial Services,Asset Management
LGBBROSLTD.NS,L.G. Balakrishnan & Bros Limited,Consumer Cyclical,Auto Parts
LGEINDIA.NS,LGEINDIA,Technology,Consumer Electronics
LGHL.NS,Laxmi Goldorna House Limited,Consumer Cyclical,Luxury Goods
LIBAS.NS,LIBAS,Consumer Cyclical,Apparel Manufacturing
LIBERTSHOE.NS,LIBERTSHOE,Consumer Cyclical,Footwear & Accessories
LICHSGFIN.NS,LICHSGFIN,Financial Services,Mortgage Finance
LICI.NS,LICI,Financial Services,Insurance - Life
LICMFGOLD.NS,LIC MF Gold ETF,Financial Services,Exchange Traded Fund (ETF)
LICNETFGSC.NS,LIC MF Nifty 8-13 yr G-SEC ETF,Financial Services,Exchange Traded Fund (ETF)
LICNETFN50.NS,LIC MF Nifty 50 ETF,Financial Services,Exchange Traded Fund (ETF)
LICNETFSEN.NS,LIC MF BSE Sensex ETF,Financial Services,Exchange Traded Fund (ETF)
LICNFNHGP.NS,LIC MF Nifty 100 ETF,Financial Services,Exchange Traded Fund (ETF)
LICNMID100.NS,LIC MF Nifty Midcap 100 ETF,Financial Services,Exchange Traded Fund (ETF)
LIKHITHA.NS,Likhitha Infrastructure Limited,Energy,Oil & Gas Equipment & Services
LINC.NS,LINC,Industrials,Business Equipment & Supplies
LINCOLN.NS,LINCOLN,Healthcare,Drug Manufacturers - Specialty & Generic
LINDEINDIA.NS,LINDEINDIA,Basic Materials,Specialty Chemicals
LIQGRWBEES.NS,Nippon India Nifty 1D Rate Liquid ETF,Financial Services,Exchange Traded Fund (ETF)
LIQUID.NS,Mirae Asset Nifty 1D Rate Liquid ETF-IDCW,Financial Services,Exchange Traded Fund (ETF)
LIQUID1.NS,Kotak Mahindra Mutual Fund - Kotak Nifty 1d Rate Liquid Etf,Financial Services,Exchange Traded Fund (ETF)
LIQUIDADD.NS,DSP S&P BSE Liquid Rate ETF,Financial Services,Exchange Traded Fund (ETF)
LIQUIDBEES.NS,Nippon India ETF Nifty 1D Rate Liquid BeES,Financial Services,Exchange Traded Fund (ETF)
LIQUIDBETA.NS,UTI Nifty 1D Rate Liquid ETF - Growth,Financial Services,Exchange Traded Fund (ETF)
LIQUIDBETF.NS,Bajaj Nifty 1D Rate Liquid ETF - Growth,Financial Services,Exchange Traded Fund (ETF)
LIQUIDCASE.NS,Zerodha Nifty 1D Rate Liquid ETF,Financial Services,Exchange Traded Fund (ETF)
LIQUIDETF.NS,DSP NIFTY 1D Rate Liquid ETF,Financial Services,Exchange Traded Fund (ETF)
LIQUIDIETF.NS,ICICIPRAMC - ICICILIQ,Financial Services,Exchange Traded Fund (ETF)
LIQUIDPLUS.NS,Mirae Asset Nifty 1D Rate Liquid ETF-Growth,Financial Services,Exchange Traded Fund (ETF)
LIQUIDSBI.NS,SBI NIFTY 1D Rate Liquid ETF - IDCW,Financial Services,Exchange Traded Fund (ETF)
LIQUIDSHRI.NS,Shriram Nifty 1D Rate Liquid ETF,Financial Services,Exchange Traded Fund (ETF)
LKPSEC.NS,LKPSEC,Financial Services,Capital Markets
LLOYDS.NS,Lloyds Luxuries Limited,Miscellaneous,Diversified
LLOYDSENGG.NS,LLOYDSENGG,Industrials,Specialty Industrial Machinery
LLOYDSENT.NS,LLOYDSENT,Basic Materials,Steel
LLOYDSME.NS,Lloyds Metals and Energy Limited,Basic Materials,Steel
LMW.NS,LMW,Industrials,Specialty Industrial Machinery
LODHA.NS,LODHA,Real Estate,Real Estate - Development
LOKESHMACH.NS,LOKESHMACH,Industrials,Specialty Industrial Machinery
LORDSCHLO.NS,Lords Chloro Alkali Limited,Basic Materials,Chemicals
LOTUSCHO.NS,LOTUSCHO,Consumer Defensive,Confectioners
LOTUSDEV.NS,Sri Lotus Developers and Realty Limited,Industrials,Engineering & Construction
LOTUSEYE.NS,LOTUSEYE,Healthcare,Medical Care Facilities
LOVABLE.NS,LOVABLE,Consumer Cyclical,Apparel Manufacturing
LOWVOL.NS,Mirae Asset Nifty 100 Low Volatility 30 ETF,Financial Services,Exchange Traded Fund (ETF)
LOWVOL1.NS,Kotak Nifty 100 Low Volatality 30 ETF,Financial Services,Exchange Traded Fund (ETF)
LOWVOLIETF.NS,ICICI PR NIF LW VL 30 ETF,Financial Services,Exchange Traded Fund (ETF)
LOYALTEX.NS,LOYALTEX,Consumer Cyclical,Textile Manufacturing
LPDC.NS,LPDC,Real Estate,Real Estate Services
LRRPL.NS,Lead Reclaim and Rubber Products Limited,Consumer Defensive,Rubber & Plastics
LT.NS,LT,Industrials,Engineering & Construction
LTF.NS,LTF,Financial Services,Credit Services
LTFOODS.NS,LT Foods Limited,Consumer Defensive,Packaged Foods
LTGILTBEES.NS,Nippon India Mutual Fund - Nippon India ETF Nifty 8-13 yr G-Sec Long Term Gilt,Financial Services,Exchange Traded Fund (ETF)
LTGILTCASE.NS,Zerodha Nifty 8-13 Yr G-Sec ETF,Financial Services,Exchange Traded Fund (ETF)
LTIM.NS,LTIM,,
LTM.NS,LTM,Technology,Information Technology Services
LTTS.NS,LTTS,Technology,Information Technology Services
LUMAXIND.NS,Lumax Industries Limited,Consumer Cyclical,Auto Parts
LUMAXTECH.NS,LUMAXTECH,Consumer Cyclical,Auto Parts
LUMINO.NS,LUMINO INDUSTRIES LIMITED,Industrials,Electrical Equipment & Parts
LUPIN.NS,LUPIN,Healthcare,Drug Manufacturers - Specialty & Generic
LUXIND.NS,LUXIND,Consumer Cyclical,Apparel Manufacturing
LXCHEM.NS,LXCHEM,Basic Materials,Specialty Chemicals
LYKALABS.NS,LYKALABS,Healthcare,Biotechnology
M&M.NS,Mahindra & Mahindra Limited,Consumer Cyclical,Auto Manufacturers
M&MFIN.NS,M&MFIN,Financial Services,Credit Services
MAANALU.NS,MAANALU,Basic Materials,Aluminum
MACOBSTECH.NS,MACOBSTECH,Consumer Cyclical,Industrial Distribution
MACPOWER.NS,MACPOWER,Industrials,Specialty Industrial Machinery
MADHAV.NS,MADHAV,Industrials,Building Products & Equipment
MADHAVBAUG.NS,MADHAVBAUG,,
MADHAVIPL.NS,MADHAVIPL,Industrials,Engineering & Construction
MADHUCON.NS,MADHUCON,Industrials,Engineering & Construction
MADHURKNIT.NS,MADHURKNIT,,
MADHUSUDAN.NS,Madhusudan Masala Limited,Consumer Defensive,Packaged Foods
MADRASFERT.NS,MADRASFERT,Basic Materials,Agricultural Inputs
MAFANG.NS,MAFANG,,
MAFATIND.NS,MAFATIND,Consumer Cyclical,Textile Manufacturing
MAGADSUGAR.NS,MAGADSUGAR,Consumer Defensive,Confectioners
MAGNUM.NS,MAGNUM,Basic Materials,Paper & Paper Products
MAGSON.NS,MAGSON,,
MAHABANK.NS,MAHABANK,Financial Services,Banks - Regional
MAHAPEXLTD.NS,Maha Rashtra Apex Corporation Limited,Financial Services,Credit Services
MAHASTEEL.NS,Mahamaya Steel Industries Limited,Basic Materials,Steel
MAHEPC.NS,Mahindra EPC Irrigation Limited,Industrials,Farm & Heavy Construction Machinery
MAHESHWARI.NS,Maheshwari Logistics Limited,Industrials,Integrated Freight & Logistics
MAHICKRA.NS,MAHICKRA,,
MAHKTECH.NS,Mirae Asset Hang Seng TECH ETF,Financial Services,Exchange Traded Fund (ETF)
MAHLIFE.NS,MAHLIFE,Real Estate,Real Estate - Development
MAHLOG.NS,MAHLOG,Industrials,Integrated Freight & Logistics
MAHSCOOTER.NS,Maharashtra Scooters Ltd.,Financial Services,Asset Management
MAHSEAMLES.NS,MAHSEAMLES,Basic Materials,Steel
MAITHANALL.NS,MAITHANALL,Basic Materials,Steel
MAITREYA.NS,Maitreya Medicare Limited,Healthcare,Medical Care Facilities
MAJESAUT.NS,MAJESAUT,Real Estate,Real Estate Services
MAKEINDIA.NS,MIRAEAMC - MAMFGETF,Financial Services,Exchange Traded Fund (ETF)
MAKERSL.NS,MAKERSL,Healthcare,Drug Manufacturers - Specialty & Generic
MAL.NS,MAL,,
MALLCOM.NS,MALLCOM,Industrials,Security & Protection Services
MALUPAPER.NS,MALUPAPER,Basic Materials,Paper & Paper Products
MAMATA.NS,MAMATA,Industrials,Specialty Industrial Machinery
MANAKALUCO.NS,MANAKALUCO,Basic Materials,Aluminum
MANAKCOAT.NS,MANAKCOAT,Industrials,Metal Fabrication
MANAKSIA.NS,MANAKSIA,Industrials,Metal Fabrication
MANAKSTEEL.NS,MANAKSTEEL,Basic Materials,Steel
MANALIPETC.NS,Manali Petrochemicals Limited,Basic Materials,Specialty Chemicals
MANAPPURAM.NS,MANAPPURAM,Financial Services,Credit Services
MANBA.NS,MANBA,Financial Services,Credit Services
MANCREDIT.NS,MANCREDIT,Financial Services,Credit Services
MANDEEP.NS,Mandeep Auto Industries Limited,Consumer Cyclical,Auto Parts
MANGALAM.NS,MANGALAM,Healthcare,Drug Manufacturers - Specialty & Generic
MANGLMCEM.NS,MANGLMCEM,Basic Materials,Building Materials
MANIKA.NS,MANIKA,Consumer Cyclical,Packaging & Containers
MANILAM.NS,MANILAM,,
MANINDS.NS,MANINDS,Basic Materials,Steel
MANINFRA.NS,MANINFRA,Industrials,Engineering & Construction
MANIPALHOS.NS,MANIPALHOS,Healthcare,Medical Care Facilities
MANKIND.NS,MANKIND,Healthcare,Drug Manufacturers - Specialty & Generic
MANOMAY.NS,MANOMAY,Consumer Cyclical,Textile Manufacturing
MANORAMA.NS,MANORAMA,Consumer Defensive,Packaged Foods
MANORG.NS,MANORG,Basic Materials,Specialty Chemicals
MANUFGBEES.NS,Nippon India Nifty India Manufacturing ETF,Financial Services,Exchange Traded Fund (ETF)
MANUGRAPH.NS,MANUGRAPH,Industrials,Specialty Industrial Machinery
MANYAVAR.NS,MANYAVAR,Consumer Cyclical,Apparel Manufacturing
MAPMYINDIA.NS,MAPMYINDIA,Technology,Software - Infrastructure
MARALOVER.NS,MARALOVER,Consumer Cyclical,Textile Manufacturing
MARATHON.NS,MARATHON,Real Estate,Real Estate - Development
MARC.NS,Marc Technocrats Limited,,
MARCO.NS,Marco Cables & Conductors Limited,Industrials,Electrical Equipment & Parts
MARICO.NS,MARICO,Consumer Defensive,Household & Personal Products
MARINE.NS,Marine Electricals (India) Limited,Industrials,Electrical Equipment & Parts
MARKOLINES.NS,MARKOLINES,Industrials,Infrastructure Operations
MARKSANS.NS,MARKSANS,Healthcare,Drug Manufacturers - General
MARSONS.NS,MARSONS,Industrials,Electrical Equipment & Parts
MARUSHIKA.NS,MARUSHIKA,,
MARUTI.NS,MARUTI,Consumer Cyclical,Auto Manufacturers
MASFIN.NS,MASFIN,Financial Services,Credit Services
MASKINVEST.NS,MASKINVEST,Financial Services,Capital Markets
MASON.NS,MASON,,
MASPTOP50.NS,Mirae Asset S&P 500 Top 50 ETF,Financial Services,Exchange Traded Fund (ETF)
MASTEK.NS,MASTEK,Technology,Information Technology Services
MASTERTR.NS,Master Trust Limited,Financial Services,Capital Markets
MATRIMONY.NS,MATRIMONY,Communication Services,Internet Content & Information
MAWANASUG.NS,MAWANASUG,Consumer Defensive,Confectioners
MAXESTATES.NS,MAXESTATES,Real Estate,Real Estate - Development
MAXHEALTH.NS,Max Healthcare Institute Limited,Healthcare,Medical Care Facilities
MAXIND.NS,MAXIND,Healthcare,Medical Care Facilities
MAXPOSURE.NS,Maxposure Limited,Communication Services,Entertainment
MAXVOLT.NS,MAXVOLT,Consumer Cyclical,Auto Parts
MAYASHEEL.NS,MAYASHEEL,,
MAYURUNIQ.NS,MAYURUNIQ,Consumer Cyclical,Textile Manufacturing
MAZDA.NS,MAZDA,Industrials,Specialty Industrial Machinery
MAZDOCK.NS,MAZDOCK,Industrials,Aerospace & Defense
MBAPL.NS,MBAPL,Basic Materials,Agricultural Inputs
MBECL.NS,McNally Bharat Engineering Company Limited,Industrials,Engineering & Construction
MBEL.NS,MBEL,Industrials,Engineering & Construction
MBLINFRA.NS,MBLINFRA,Industrials,Engineering & Construction
MCCHRLS-B.NS,Mac Charles (India) Limited,Industrials,Conglomerates
MCL.NS,MCL,Basic Materials,Copper
MCLEODRUSS.NS,MCLEODRUSS,Consumer Defensive,Packaged Foods
MCLOUD.NS,Magellanic Cloud Limited,Technology,Information Technology Services
MCX.NS,MCX,Financial Services,Financial Data & Stock Exchanges
MEDANTA.NS,MEDANTA,Healthcare,Medical Care Facilities
MEDIASSIST.NS,MEDIASSIST,Healthcare,Healthcare Plans
MEDICAMEQ.NS,Medicamen Biotech Limited,Healthcare,Drug Manufacturers - Specialty & Generic
MEDICAPQ.NS,MEDICAPQ,Real Estate,Real Estate - Diversified
MEDICO.NS,MEDICO,Healthcare,Drug Manufacturers - Specialty & Generic
MEDIORG.NS,MEDIORG,,
MEDISTEP.NS,MEDISTEP,,
MEDPLUS.NS,MEDPLUS,Healthcare,Pharmaceutical Retailers
MEESHO.NS,MEESHO,Consumer Cyclical,Internet Retail
MEGASTAR.NS,MEGASTAR,Consumer Defensive,Packaged Foods
MEGATHERM.NS,Megatherm Induction Limited,Industrials,Specialty Industrial Machinery
MEIL.NS,MEIL,Industrials,Electrical Equipment & Parts
MENNPIS.NS,MENNPIS,Consumer Cyclical,Auto Parts
MENONBE.NS,MENONBE,Consumer Cyclical,Auto Parts
MEP.NS,MEP,Industrials,Infrastructure Operations
MERCANTILE.NS,MERCANTILE,Real Estate,Real Estate Services
MERCURYEV.NS,MERCURYEV,Consumer Cyclical,Auto Manufacturers
METAL.NS,Mirae Asset Nifty Metal ETF,Financial Services,Exchange Traded Fund (ETF)
METALIC.NS,METALIC,,
METALIETF.NS,ICICI Prudential Nifty Metal ETF,Financial Services,Exchange Traded Fund (ETF)
METROBRAND.NS,METROBRAND,Consumer Cyclical,Apparel Retail
METROGLOBL.NS,METROGLOBL,Industrials,Conglomerates
METROPOLIS.NS,METROPOLIS,Healthcare,Diagnostics & Research
MFML.NS,MFML,Consumer Cyclical,Textile Manufacturing
MFSL.NS,MFSL,Financial Services,Insurance - Life
MGEL.NS,MGEL,Consumer Defensive,Farm Products
MGL.NS,MGL,Utilities,Utilities - Regulated Gas
MGSL.NS,MGSL,,
MHLXMIRU.NS,MHLXMIRU,Consumer Cyclical,Textile Manufacturing
MHRIL.NS,MHRIL,Consumer Cyclical,Resorts & Casinos
MICEL.NS,MIC Electronics Limited,Technology,Electronic Components
MID150.NS,Kotak Nifty Midcap 150 ETF,Financial Services,Exchange Traded Fund (ETF)
MID150BEES.NS,Nippon India ETF Nifty Midcap 150,Financial Services,Exchange Traded Fund (ETF)
MID150CASE.NS,Zerodha Nifty Midcap 150 ETF,Financial Services,Exchange Traded Fund (ETF)
MIDBANKADD.NS,DSP BSE MidSmall Private Banks ETF,Financial Services,Exchange Traded Fund (ETF)
MIDCAP.NS,Kotak Nifty Midcap 50 ETF,Financial Services,Exchange Traded Fund (ETF)
MIDCAPADD.NS,DSP Nifty Midcap 150 ETF,Financial Services,Exchange Traded Fund (ETF)
MIDCAPBETA.NS,UTIAMC-MIDCAPBETA,Financial Services,Exchange Traded Fund (ETF)
MIDCAPETF.NS,MIRAEAMC - MAM150ETF,Financial Services,Exchange Traded Fund (ETF)
MIDCAPIETF.NS,ICICIPRAMC - ICICIM150,Financial Services,Exchange Traded Fund (ETF)
MIDHANI.NS,MIDHANI,Basic Materials,Steel
MIDQ50ADD.NS,DSP Nifty Midcap 150 Quality 50 ETF,Financial Services,Exchange Traded Fund (ETF)
MIDSELIETF.NS,ICICI PRUD MIDCAP SEL ETF,Financial Services,Exchange Traded Fund (ETF)
MIDSMALL.NS,Mirae Asset Nifty MidSmallcap400 Momentum Quality 100 ETF,Financial Services,Exchange Traded Fund (ETF)
MIDWESTLTD.NS,MIDWESTLTD,Basic Materials,Building Materials
MIEL.NS,MIEL,Miscellaneous,Diversified
MIIL.NS,MIIL,Real Estate,Real Estate - Development
MILKYMIST.NS,MILKYMIST,Consumer Defensive,Packaged Foods
MINALIND.NS,MINALIND,Consumer Cyclical,Luxury Goods
MINDACORP.NS,MINDACORP,Consumer Cyclical,Auto Parts
MINDTECK.NS,MINDTECK,Technology,Information Technology Services
MIRZAINT.NS,MIRZAINT,Consumer Cyclical,Footwear & Accessories
MITCON.NS,MITCON,Industrials,Engineering & Construction
MITTAL.NS,MITTAL,Consumer Cyclical,Textile Manufacturing
MKEXIM.NS,MKEXIM,Consumer Defensive,Household & Personal Products
MKPL.NS,MKPL,Consumer Defensive,Packaged Foods
MLKFOOD.NS,MLKFOOD,Consumer Defensive,Packaged Foods
MMEL.NS,MMEL,,
MMFL.NS,MMFL,Industrials,Metal Fabrication
MMP.NS,MMP,Basic Materials,Aluminum
MMTC.NS,MMTC,Industrials,Conglomerates
MMWL.NS,MMWL,Communication Services,Entertainment
MNC.NS,Kotak Nifty MNC ETF,Financial Services,Exchange Traded Fund (ETF)
MOALPHA50.NS,Motilal Oswal Nifty Alpha 50 ETF,Financial Services,Exchange Traded Fund (ETF)
MOBANK10.NS,Motilal Oswal BSE Top 10 Banks ETF,Financial Services,Exchange Traded Fund (ETF)
MOBIKWIK.NS,MOBIKWIK,Technology,Software - Infrastructure
MOCAPITAL.NS,Motilal Oswal Nifty Capital Market ETF,Financial Services,Exchange Traded Fund (ETF)
MODEFENCE.NS,Motilal Oswal Nifty India Defence ETF,Financial Services,Exchange Traded Fund (ETF)
MODINATUR.NS,MODINATUR,Consumer Defensive,Packaged Foods
MODIRUBBER.NS,MODIRUBBER,Real Estate,Real Estate Services
MODIS.NS,MODIS,Real Estate,Real Estate - Development
MODISONLTD.NS,MODISONLTD,Industrials,Electrical Equipment & Parts
MODTHREAD.NS,MODTHREAD,Consumer Cyclical,Textile Manufacturing
MOENERGY.NS,Motilal Oswal Nifty Energy ETF,Financial Services,Exchange Traded Fund (ETF)
MOGOLD.NS,Motilal Oswal Gold ETF,Financial Services,Exchange Traded Fund (ETF)
MOGSEC.NS,Motilal Oswal Nifty 5 year Benchmark G-Sec ETF,Financial Services,Exchange Traded Fund (ETF)
MOHEALTH.NS,Motilal Oswal BSE Healthcare ETF,Financial Services,Exchange Traded Fund (ETF)
MOHITE.NS,MOHITE,Consumer Cyclical,Textile Manufacturing
MOHITIND.NS,MOHITIND,Consumer Cyclical,Textile Manufacturing
MOIL.NS,MOIL Limited,Basic Materials,Other Industrial Metals & Mining
MOINFRA.NS,Motilal Oswal BSE India Infrastructure ETF,Financial Services,Exchange Traded Fund (ETF)
MOIPO.NS,Motilal Oswal BSE Select IPO ETF,Financial Services,Exchange Traded Fund (ETF)
MOKSH.NS,MOKSH,Consumer Cyclical,Luxury Goods
MOL.NS,MOL,Basic Materials,Agricultural Inputs
MOLBIO.NS,MOLBIO,Healthcare,Medical Devices
MOLDTECH.NS,MOLDTECH,Industrials,Engineering & Construction
MOLDTKPAC.NS,MOLDTKPAC,Consumer Cyclical,Packaging & Containers
MOLOWVOL.NS,Motilal Oswal BSE Low Volatility ETF,Financial Services,Exchange Traded Fund (ETF)
MOM100.NS,Motilal Oswal Nifty Midcap 100 ETF,Financial Services,Exchange Traded Fund (ETF)
MOM30IETF.NS,ICICIPRAMC - ICICIMOM30,Financial Services,Exchange Traded Fund (ETF)
MOM50.NS,Motilal Oswal M50 ETF,Financial Services,Exchange Traded Fund (ETF)
MOMENTUM.NS,Aditya Birla Sun Life Nifty 200 Momentum 30 ETF,Financial Services,Exchange Traded Fund (ETF)
MOMENTUM30.NS,Kotak Nifty 200 Momentum 30 ETF,Financial Services,Exchange Traded Fund (ETF)
MOMENTUM50.NS,Motilal Oswal Nifty 500 Momentum 50 ETF,Financial Services,Exchange Traded Fund (ETF)
MOMETAL.NS,Motilal Oswal Nifty Metal ETF,Financial Services,Exchange Traded Fund (ETF)
MOMGF.NS,Motilal Oswal Nifty India Manufacturing ETF,Financial Services,Exchange Traded Fund (ETF)
MOMIDMTM.NS,Motilal Oswal Nifty Midcap150 Momentum 50 ETF,Financial Services,Exchange Traded Fund (ETF)
MOMMIDCAP.NS,Mirae Asset BSE Midcap 150 Momentum 30 ETF,Financial Services,Exchange Traded Fund (ETF)
MOMNC.NS,Motilal Oswal Nifty MNC ETF,Financial Services,Exchange Traded Fund (ETF)
MOMOMENTUM.NS,Motilal Oswal Nifty 200 Momentum 30 ETF,Financial Services,Exchange Traded Fund (ETF)
MOMSBELIEF.NS,RAYS OF BELIEF LIMITED,Healthcare,Medical Care Facilities
MON100.NS,Motilal Oswal NASDAQ 100 ETF,Financial Services,Exchange Traded Fund (ETF)
MON50EQUAL.NS,Motilal Oswal Nifty 50 Equal Weight ETF,Financial Services,Exchange Traded Fund (ETF)
MONARCH.NS,MONARCH,Financial Services,Capital Markets
MONEXT50.NS,Motilal Oswal Nifty Next 50 ETF,Financial Services,Exchange Traded Fund (ETF)
MONEYBOXX.NS,MONEYBOXX,Financial Services,Credit Services
MONIFTY100.NS,Motilal Oswal Nifty 100 ETF,Financial Services,Exchange Traded Fund (ETF)
MONIFTY500.NS,Motilal Oswal Nifty 500 ETF,Financial Services,Exchange Traded Fund (ETF)
MONOLITH.NS,MONOLITH,,
MONOPHARMA.NS,Mono Pharmacare Limited,Healthcare,Drug Manufacturers - General
MONQ50.NS,Motilal Oswal Nasdaq Q 50 ETF,Financial Services,Exchange Traded Fund (ETF)
MONTECARLO.NS,MONTECARLO,Consumer Cyclical,Apparel Manufacturing
MOOILGAS.NS,Motilal Oswal Nifty Oil & Gas ETF,Financial Services,Exchange Traded Fund (ETF)
MOPSE.NS,Motilal Oswal Nifty PSE ETF,Financial Services,Exchange Traded Fund (ETF)
MOQUALITY.NS,Motilal Oswal BSE Quality ETF,Financial Services,Exchange Traded Fund (ETF)
MOREALTY.NS,Motilal Oswal Nifty Realty ETF,Financial Services,Exchange Traded Fund (ETF)
MOREPENLAB.NS,MOREPENLAB,Healthcare,Drug Manufacturers - Specialty & Generic
MOS.NS,MOS Utility Limited,Consumer Cyclical,Industrial Distribution
MOSCHIP.NS,MOSCHIP,Technology,Semiconductor Equipment & Materials
MOSERVICE.NS,Motilal Oswal Nifty Services Sector ETF,Financial Services,Exchange Traded Fund (ETF)
MOSILVER.NS,Motilal Oswal Silver ETF,Financial Services,Exchange Traded Fund (ETF)
MOSMALL250.NS,Motilal Oswal Nifty Smallcap 250 ETF,Financial Services,Exchange Traded Fund (ETF)
MOTHERSON.NS,MOTHERSON,Consumer Cyclical,Auto Parts
MOTILALOFS.NS,MOTILALOFS,Financial Services,Capital Markets
MOTISONS.NS,Motisons Jewellers Limited,Consumer Cyclical,Luxury Goods
MOTOGENFIN.NS,MOTOGENFIN,Real Estate,Real Estate Services
MOTOUR.NS,MOTOUR,,
MOVALUE.NS,Motilal Oswal BSE Enhanced Value ETF,Financial Services,Exchange Traded Fund (ETF)
MOXSH.NS,Moxsh Overseas Educon Limited,Education,Diversified
MPDL.NS,MPDL,Real Estate,Real Estate - Development
MPEL.NS,MPEL,,
MPHASIS.NS,MPHASIS,Technology,Information Technology Services
MPIMANIPAL.NS,MANIPAL PAYMENT & IDE S L,Technology,Software - Infrastructure
MPSLTD.NS,MPSLTD,Communication Services,Publishing
MRF.NS,MRF,Consumer Cyclical,Auto Parts
MRIL.NS,MRIL,,
MRPL.NS,MRPL,Energy,Oil & Gas Refining & Marketing
MSCI360.NS,360 ONE MSCI India ETF,Financial Services,Exchange Traded Fund (ETF)
MSCIADD.NS,DSP MSCI INDIA ETF,Financial Services,Exchange Traded Fund (ETF)
MSCIINDIA.NS,Kotak MSCI India ETF,Financial Services,Exchange Traded Fund (ETF)
MSL.NS,MSL,Basic Materials,Agricultural Inputs
MSPL.NS,MSPL,Basic Materials,Steel
MSTCLTD.NS,MSTCLTD,Industrials,Conglomerates
MSUMI.NS,MSUMI,Consumer Cyclical,Auto Parts
MTARTECH.NS,MTARTECH,Industrials,Specialty Industrial Machinery
MTEDUCARE.NS,MTEDUCARE,Consumer Defensive,Education & Training Services
MTNL.NS,MTNL,Communication Services,Telecom Services
MUFIN.NS,MUFIN,Financial Services,Credit Services
MUFTI.NS,MUFTI,Consumer Cyclical,Apparel Retail
MUKANDLTD.NS,Mukand Limited,Basic Materials,Steel
MUKESHB.NS,MUKESHB,Financial Services,Capital Markets
MUKKA.NS,MUKKA,Consumer Defensive,Packaged Foods
MUKTAARTS.NS,MUKTAARTS,Communication Services,Entertainment
MULTICAP.NS,Mirae Asset Nifty500 Multicap 50:25:25 ETF,Financial Services,Exchange Traded Fund (ETF)
MUNISH.NS,MUNISH,,
MUNJALAU.NS,MUNJALAU,Consumer Cyclical,Auto Parts
MUNJALSHOW.NS,MUNJALSHOW,Consumer Cyclical,Auto Parts
MURUDCERA.NS,MURUDCERA,Industrials,Building Products & Equipment
MUTHOOTCAP.NS,Muthoot Capital Services Limited,Financial Services,Credit Services
MUTHOOTFIN.NS,MUTHOOTFIN,Financial Services,Credit Services
MUTHOOTMF.NS,Muthoot Microfin Limited,Financial Services,Credit Services
MVELECTRO.NS,MVELECTRO,Industrials,Electrical Equipment & Parts
MVGJL.NS,MVGJL,Consumer Cyclical,Luxury Goods
MVKAGRO.NS,M.V.K. Agro Food Product Limited,,
MWL.NS,MWL,Basic Materials,Steel
MYMUDRA.NS,MYMUDRA,Financial Services,Finance - Small
MYSORPETRO.NS,MYSORPETRO,Basic Materials,Chemicals
NACLIND.NS,NACLIND,Basic Materials,Agricultural Inputs
NAGREEKCAP.NS,NAGREEKCAP,Financial Services,Asset Management
NAGREEKEXP.NS,NAGREEKEXP,Consumer Cyclical,Textile Manufacturing
NAHARCAP.NS,NAHARCAP,Financial Services,Capital Markets
NAHARINDUS.NS,NAHARINDUS,Consumer Cyclical,Textile Manufacturing
NAHARPOLY.NS,NAHARPOLY,Consumer Cyclical,Packaging & Containers
NAHARSPING.NS,NAHARSPING,Consumer Cyclical,Textile Manufacturing
NAM-INDIA.NS,NAM-INDIA,Financial Services,Asset Management
NAMAN.NS,NAMAN,,
NAMOEWASTE.NS,NAMOEWASTE,Miscellaneous,Diversified
NARMADA.NS,NARMADA,Basic Materials,Agricultural Inputs
NATCAPSUQ.NS,NATCAPSUQ,Healthcare,Drug Manufacturers - Specialty & Generic
NATCOPHARM.NS,NATCOPHARM,Healthcare,Drug Manufacturers - Specialty & Generic
NATHBIOGEN.NS,NATHBIOGEN,Basic Materials,Agricultural Inputs
NATIONALUM.NS,NATIONALUM,Basic Materials,Aluminum
NATIONSTD.NS,NATIONSTD,Real Estate,Real Estate - Development
NAUKRI.NS,NAUKRI,Communication Services,Internet Content & Information
NAVA.NS,NAVA,Industrials,Conglomerates
NAVINFLUOR.NS,NAVINFLUOR,Basic Materials,Chemicals
NAVKARCORP.NS,NAVKARCORP,Industrials,Integrated Freight & Logistics
NAVKARURB.NS,NAVKARURB,Basic Materials,Building Materials
NAVNETEDUL.NS,NAVNETEDUL,Communication Services,Publishing
NAZARA.NS,NAZARA,Communication Services,Electronic Gaming & Multimedia
NBCC.NS,NBCC,Industrials,Engineering & Construction
NBIFIN.NS,NBIFIN,Financial Services,Capital Markets
NCC.NS,NCC,Industrials,Engineering & Construction
NCLIND.NS,NCLIND,Basic Materials,Building Materials
NDGL.NS,NDGL,Financial Services,Capital Markets
NDL.NS,NDL,Consumer Cyclical,Textile Manufacturing
NDLVENTURE.NS,NDLVENTURE,Communication Services,Entertainment
NDRAUTO.NS,NDRAUTO,Consumer Cyclical,Auto Parts
NDTV.NS,NDTV,Communication Services,Broadcasting
NEAGI.NS,NEAGI,Consumer Defensive,Farm Products
NECCLTD.NS,NECCLTD,Industrials,Trucking
NECLIFE.NS,NECLIFE,Healthcare,Drug Manufacturers - Specialty & Generic
NELCAST.NS,NELCAST,Industrials,Metal Fabrication
NELCO.NS,NELCO,Technology,Communication Equipment
NEOCHEM.NS,NEOCHEM,,
NEOGEN.NS,NEOGEN,Basic Materials,Specialty Chemicals
NEPHROCARE.NS,Nephro Care India Limited,Healthcare,Medical Care Facilities
NEPHROPLUS.NS,NEPHROPLUS,Healthcare,Medical Care Facilities
NEPTUNE.NS,NEPTUNE,,
NESCO.NS,NESCO,Industrials,Conglomerates
NESTLEIND.NS,NESTLEIND,Consumer Defensive,Packaged Foods
NETF.NS,Tata Nifty 50 ETF,Financial Services,Exchange Traded Fund (ETF)
NETWEB.NS,NETWEB,Technology,Computer Hardware
NETWORK18.NS,NETWORK18,Communication Services,Entertainment
NEUEON.NS,NEUEON,Basic Materials,Steel
NEULANDLAB.NS,NEULANDLAB,Healthcare,Drug Manufacturers - Specialty & Generic
NEWGEN.NS,NEWGEN,Technology,Software - Infrastructure
NEWJAISA.NS,Newjaisa Technologies Limited,Industrials,Industrial Distribution
NEXT30ADD.NS,DSP BSE Sensex Next 30 ETF,Financial Services,Exchange Traded Fund (ETF)
NEXT50.NS,MIRAEAMC - MANXT50,,
NEXT50ADD.NS,DSP Nifty Next 50 ETF,Financial Services,Exchange Traded Fund (ETF)
NEXT50BETA.NS,UTIAMC-NEXT50BETA,Financial Services,Exchange Traded Fund (ETF)
NEXT50ETF.NS,Kotak Nifty Next 50 ETF,Financial Services,Exchange Traded Fund (ETF)
NEXT50IETF.NS,ICICIPRAMC - ICICINXT50,Financial Services,Exchange Traded Fund (ETF)
NEXTMEDIA.NS,NEXTMEDIA,Communication Services,Broadcasting
NFL.NS,NFL,Basic Materials,Agricultural Inputs
NFPSAMPOOR.NS,NFPSAMPOOR,,
NGIL.NS,NGIL,Consumer Defensive,Packaged Foods
NGLFINE.NS,NGLFINE,Healthcare,Drug Manufacturers - General
NH.NS,NH,Healthcare,Medical Care Facilities
NHPC.NS,NHPC,Utilities,Utilities - Renewable
NIACL.NS,NIACL,Financial Services,Insurance - Diversified
NIBE.NS,NIBE,Industrials,Conglomerates
NIBL.NS,NIBL,Industrials,Tools & Accessories
NICCOPAR.NS,NICCOPAR,Consumer Cyclical,Leisure
NIF100BEES.NS,Nippon India ETF Nifty 100,Financial Services,Exchange Traded Fund (ETF)
NIF100IETF.NS,ICICI Prudential Nifty 100 ETF,Financial Services,Exchange Traded Fund (ETF)
NIF500BETA.NS,UTI Nifty 500 Exchange Traded Fund,Financial Services,Exchange Traded Fund (ETF)
NIFTY1.NS,Kotak Nifty 50 ETF,Financial Services,Exchange Traded Fund (ETF)
NIFTY100EW.NS,Kotak Nifty 100 Equal Weight ETF,Financial Services,Exchange Traded Fund (ETF)
NIFTYADD.NS,DSPAMC - DSPNIFTY,,
NIFTYAXIS.NS,Axis NIFTY 50 ETF,Financial Services,Exchange Traded Fund (ETF)
NIFTYBEES.NS,Nippon India ETF Nifty 50 BeES,Financial Services,Exchange Traded Fund (ETF)
NIFTYBETA.NS,UTIAMC-NIFTYBETA,Financial Services,Exchange Traded Fund (ETF)
NIFTYBETF.NS,Bajaj Nifty 50 ETF,Financial Services,Exchange Traded Fund (ETF)
NIFTYCASE.NS,Zerodha Nifty 50 ETF,Financial Services,Exchange Traded Fund (ETF)
NIFTYETF.NS,Mirae Asset Nifty 50 ETF,Financial Services,Exchange Traded Fund (ETF)
NIFTYIETF.NS,ICICI Prudential Nifty 50 ETF,Financial Services,Exchange Traded Fund (ETF)
NIFTYJBLK.NS,JioBlackRock Nifty 50 ETF,Financial Services,Exchange Traded Fund (ETF)
NIFTYQLITY.NS,Aditya Birla Sun Life Nifty 200 Quality 30 ETF,Financial Services,Exchange Traded Fund (ETF)
NIITLTD.NS,NIITLTD,Consumer Defensive,Education & Training Services
NIITMTS.NS,NIITMTS,Consumer Defensive,Education & Training Services
NILAINFRA.NS,NILAINFRA,Real Estate,Real Estate - Development
NILASPACES.NS,NILASPACES,Real Estate,Real Estate - Development
NILE.NS,NILE,Basic Materials,Other Industrial Metals & Mining
NILKAMAL.NS,NILKAMAL,Consumer Cyclical,"Furnishings, Fixtures & Appliances"
NIMBSPROJ.NS,NIMBSPROJ,Real Estate,Real Estate - Development
NINSYS.NS,NINSYS,Technology,Information Technology Services
NIPPOBATRY.NS,NIPPOBATRY,Industrials,Electrical Equipment & Parts
NIRAJ.NS,NIRAJ,Industrials,Engineering & Construction
NIRAJISPAT.NS,NIRAJISPAT,Consumer Cyclical,Apparel Manufacturing
NIRLON.NS,NIRLON,Real Estate,Real Estate Services
NIRMAN.NS,NIRMAN,,
NITCO.NS,NITCO,Industrials,Building Products & Equipment
NITINSPIN.NS,NITINSPIN,Consumer Cyclical,Textile Manufacturing
NITIRAJ.NS,NITIRAJ,Technology,Scientific & Technical Instruments
NITTAGELA.NS,NITTAGELA,Basic Materials,Specialty Chemicals
NIVABUPA.NS,Niva Bupa Health Insurance Company Limited,Financial Services,Insurance - Life
NKIND.NS,NKIND,Consumer Defensive,Household & Personal Products
NLCINDIA.NS,NLCINDIA,Utilities,Utilities - Regulated Electric
NMDC.NS,NMDC,Basic Materials,Steel
NOCIL.NS,NOCIL,Basic Materials,Specialty Chemicals
NOIDATOLL.NS,NOIDATOLL,Industrials,Infrastructure Operations
NORBTEAEXP.NS,NORBTEAEXP,Consumer Defensive,Farm Products
NORTHARC.NS,NORTHARC,Financial Services,Credit Services
NOVAAGRI.NS,NOVAAGRI,Basic Materials,Agricultural Inputs
NOVARTIND.NS,Novartis India Limited,Healthcare,Drug Manufacturers - Specialty & Generic
NPBET.NS,Tata Nifty Private Bank ETF,Financial Services,Exchange Traded Fund (ETF)
NPST.NS,NPST,Technology,Software - Application
NRAIL.NS,NRAIL,Basic Materials,Paper & Paper Products
NRBBEARING.NS,NRBBEARING,Consumer Cyclical,Auto Parts
NRL.NS,NRL,Industrials,Waste Management
NSIL.NS,NSIL,Financial Services,Asset Management
NSLNISP.NS,NSLNISP,Basic Materials,Steel
NTCIND.NS,NTCIND,Consumer Defensive,Tobacco
NTPC.NS,NTPC,Utilities,Utilities - Regulated Electric
NTPCGREEN.NS,NTPC Green Energy Limited,Utilities,Utilities - Renewable
NUCLEUS.NS,NUCLEUS,Technology,Software - Application
NURECA.NS,Nureca Limited,Healthcare,Medical Devices
NUVAMA.NS,NUVAMA,Financial Services,Asset Management
NUVOCO.NS,NUVOCO,Basic Materials,Building Materials
NV20.NS,Kotak Nifty 50 Value 20 ETF,Financial Services,Exchange Traded Fund (ETF)
NV20BEES.NS,Nippon India ETF Nifty 50 Value 20,Financial Services,Exchange Traded Fund (ETF)
NV20IETF.NS,ICICI PRUDENTIAL NV20 ETF,Financial Services,Exchange Traded Fund (ETF)
NYKAA.NS,NYKAA,Consumer Cyclical,Internet Retail
OAL.NS,OAL,Basic Materials,Specialty Chemicals
OBCL.NS,OBCL,Industrials,Trucking
OBEROIRLTY.NS,OBEROIRLTY,Real Estate,Real Estate - Development
OBSCP.NS,OBSCP,Consumer Cyclical,Auto Parts
OCCLLTD.NS,OCCLLTD,Basic Materials,Chemicals
ODIGMA.NS,ODIGMA,Communication Services,Advertising Agencies
ODYCORP.NS,ODYCORP,Financial Services,Capital Markets
OFSS.NS,OFSS,Technology,Software - Infrastructure
OIL.NS,Oil India Limited,Energy,Oil & Gas Integrated
OILCOUNTUB.NS,OILCOUNTUB,Energy,Oil & Gas Equipment & Services
OILIETF.NS,ICICI Prudential Nifty Oil & Gas ETF,Financial Services,Exchange Traded Fund (ETF)
OLAELEC.NS,OLAELEC,Consumer Cyclical,Auto Manufacturers
OLECTRA.NS,OLECTRA,Industrials,Farm & Heavy Construction Machinery
OLIL.NS,Oneclick Logistics India Limited,,
OMAXAUTO.NS,OMAXAUTO,Consumer Cyclical,Auto Parts
OMAXE.NS,OMAXE,Real Estate,Real Estate - Development
OMFREIGHT.NS,OMFREIGHT,Industrials,Integrated Freight & Logistics
OMFURN.NS,Omfurn India Limited,Consumer Cyclical,Diversified
OMINFRAL.NS,OMINFRAL,Industrials,Engineering & Construction
OMNI.NS,OMNI,Industrials,Specialty Industrial Machinery
OMPOWER.NS,Om Power Transmission Limited,Industrials,Engineering & Construction
ONDOOR.NS,ONDOOR,,
ONEGLOBAL.NS,ONEGLOBAL,Healthcare,Pharmaceutical Retailers
ONELIFECAP.NS,ONELIFECAP,Financial Services,Capital Markets
ONEPOINT.NS,ONEPOINT,Industrials,Specialty Business Services
ONESOURCE.NS,ONESOURCE,Healthcare,Biotechnology
ONGC.NS,ONGC,Energy,Oil & Gas Integrated
ONIDA.NS,ONIDA,Consumer Cyclical,"Furnishings, Fixtures & Appliances"
ONIXSOLAR.NS,ONIXSOLAR,Technology,Solar
ONMOBILE.NS,ONMOBILE,Communication Services,Telecom Services
ONWARDTEC.NS,ONWARDTEC,Technology,Information Technology Services
ONYX.NS,ONYX,Healthcare,Drug Manufacturers - General
OPTIEMUS.NS,Optiemus Infracom Limited,Technology,Electronics & Computer Distribution
OPTIFIN.NS,OPTIFIN,Basic Materials,Chemicals
OPTIMYSTIX.NS,OPTIMYSTIX,,
OPTIVALUE.NS,OPTIVALUE,,
ORBTEXP.NS,ORBTEXP,Consumer Cyclical,Textile Manufacturing
ORCHASP.NS,ORCHASP,Technology,Software - Application
ORCHPHARMA.NS,ORCHPHARMA,Healthcare,Drug Manufacturers - Specialty & Generic
ORIANA.NS,Oriana Power Limited,Utilities,Engineering & Construction
ORICONENT.NS,ORICONENT,Consumer Cyclical,Packaging & Containers
ORIENTALTL.NS,ORIENTALTL,Industrials,Building Products & Equipment
ORIENTBELL.NS,ORIENTBELL,Industrials,Building Products & Equipment
ORIENTCEM.NS,ORIENTCEM,Basic Materials,Building Materials
ORIENTCER.NS,ORIENTCER,Basic Materials,Specialty Chemicals
ORIENTELEC.NS,ORIENTELEC,Consumer Cyclical,"Furnishings, Fixtures & Appliances"
ORIENTHOT.NS,ORIENTHOT,Consumer Cyclical,Lodging
ORIENTLTD.NS,ORIENTLTD,Consumer Cyclical,Packaging & Containers
ORIENTPPR.NS,ORIENTPPR,Basic Materials,Paper & Paper Products
ORIENTTECH.NS,ORIENTTECH,Technology,Information Technology Services
ORIRAIL.NS,ORIRAIL,Industrials,Railroads
ORISSAMINE.NS,ORISSAMINE,Basic Materials,Steel
ORKLAINDIA.NS,ORKLAINDIA,Consumer Defensive,Packaged Foods
ORTINGLOBE.NS,Ortin Global Limited,Healthcare,Drug Manufacturers - Specialty & Generic
OSELDEVICE.NS,OSELDEVICE,Consumer Cyclical,Electronic Components
OSIAHYPER.NS,OSIAHYPER,Consumer Cyclical,Department Stores
OSWALAGRO.NS,OSWALAGRO,Real Estate,Real Estate - Development
OSWALGREEN.NS,OSWALGREEN,Financial Services,Asset Management
OSWALPUMPS.NS,OSWALPUMPS,Industrials,Electrical Equipment & Parts
OSWALSEEDS.NS,OSWALSEEDS,Basic Materials,Agricultural Inputs
OWAIS.NS,OWAIS,,
PACEDIGITK.NS,Pace Digitek Limited,Technology,Communication Equipment
PACIFICI.NS,PACIFICI,Basic Materials,Building Materials
PAGEIND.NS,PAGEIND,Consumer Cyclical,Apparel Manufacturing
PAISALO.NS,PAISALO,Financial Services,Credit Services
PAKKA.NS,PAKKA,Basic Materials,Paper & Paper Products
PALASHSECU.NS,Palash Securities Limited,Consumer Defensive,Packaged Foods
PALREDTEC.NS,PALREDTEC,Technology,Consumer Electronics
PANACEABIO.NS,PANACEABIO,Healthcare,Biotechnology
PANACHE.NS,PANACHE,Technology,Communication Equipment
PANAMAPET.NS,PANAMAPET,Energy,Oil & Gas Refining & Marketing
PANCHMAHQ.NS,PANCHMAHQ,Basic Materials,Steel
PANORAMA.NS,PANORAMA,Communication Services,Entertainment
PANSARI.NS,PANSARI,Real Estate,Real Estate - Development
PAR.NS,PAR,Healthcare,Drug Manufacturers - Specialty & Generic
PARACABLES.NS,PARACABLES,Technology,Communication Equipment
PARADEEP.NS,PARADEEP,Basic Materials,Agricultural Inputs
PARAGMILK.NS,PARAGMILK,Consumer Defensive,Packaged Foods
PARAGON.NS,PARAGON,,
PARAMATRIX.NS,PARAMATRIX,Technology,Information Technology Services
PARAS.NS,PARAS,Industrials,Aerospace & Defense
PARASPETRO.NS,Paras Petrofils Limited,Consumer Cyclical,Textile Manufacturing
PARIN.NS,Parin Enterprises Limited,Consumer Cyclical,"Furnishings, Fixtures & Appliances"
PARKHOSPS.NS,PARKHOSPS,Healthcare,Medical Care Facilities
PARKHOTELS.NS,PARKHOTELS,Consumer Cyclical,Lodging
PARNAXLAB.NS,PARNAXLAB,Healthcare,Drug Manufacturers - Specialty & Generic
PARSVNATH.NS,PARSVNATH,Real Estate,Real Estate - Development
PARTH.NS,PARTH,,
PARTYCRUS.NS,Party Cruisers Limited,Miscellaneous,Diversified
PASHUPATI.NS,PASHUPATI,Consumer Cyclical,Textile Manufacturing
PASUPTAC.NS,PASUPTAC,Consumer Cyclical,Textile Manufacturing
PATANJALI.NS,PATANJALI,Consumer Defensive,Packaged Foods
PATELENG.NS,PATELENG,Industrials,Engineering & Construction
PATELRMART.NS,Patel Retail Limited,Consumer Cyclical,Department Stores
PATILAUTOM.NS,PATILAUTOM,,
PATINTLOG.NS,PATINTLOG,Industrials,Integrated Freight & Logistics
PAUSHAKLTD.NS,PAUSHAKLTD,Basic Materials,Specialty Chemicals
PAVNAIND.NS,PAVNAIND,Consumer Cyclical,Auto Parts
PAYTM.NS,PAYTM,Technology,Software - Infrastructure
PBMPOLY.NS,PBMPOLY,Consumer Cyclical,Textile Manufacturing
PCBL.NS,PCBL,Basic Materials,Specialty Chemicals
PCCL.NS,PCCL,,
PCJEWELLER.NS,PCJEWELLER,Consumer Cyclical,Luxury Goods
PDMJEPAPER.NS,PDMJEPAPER,Basic Materials,Paper & Paper Products
PDSL.NS,PDSL,Industrials,Specialty Business Services
PEARLPOLY.NS,PEARLPOLY,Consumer Cyclical,Packaging & Containers
PELATRO.NS,PELATRO,Technology,Information Technology Services
PENIND.NS,PENIND,Industrials,Specialty Industrial Machinery
PENINLAND.NS,PENINLAND,Real Estate,Real Estate - Development
PENTAGON.NS,PENTAGON,,
PERMAGN.NS,PERMAGN,Industrials,Electrical Equipment & Parts
PERNIASPOP.NS,PERNIASPOP,Consumer Cyclical,Apparel Retail
PERSISTENT.NS,PERSISTENT,Technology,Information Technology Services
PETRONET.NS,PETRONET,Energy,Oil & Gas Refining & Marketing
PFC.NS,PFC,Financial Services,Credit Services
PFIZER.NS,Pfizer Limited,Healthcare,Drug Manufacturers - General
PFOCUS.NS,PFOCUS,Communication Services,Entertainment
PFS.NS,PFS,Financial Services,Credit Services
PGEL.NS,PGEL,Technology,Electronic Components
PGHH.NS,PGHH,Consumer Defensive,Household & Personal Products
PGHL.NS,PGHL,Healthcare,Drug Manufacturers - Specialty & Generic
PGIL.NS,PGIL,Consumer Cyclical,Apparel Manufacturing
PHANTOMFX.NS,PHANTOMFX,,
PHARMABEES.NS,PHARMABEES,Financial Services,Exchange Traded Fund (ETF)
PHOENIXLTD.NS,PHOENIXLTD,Real Estate,Real Estate - Diversified
PHOENXINTL.NS,Phoenix International Limited,Consumer Cyclical,Footwear & Accessories
PHOGLOBAL.NS,PHOGLOBAL,Industrials,Industrial Distribution
PICCADIL.NS,PICCADIL,Consumer Defensive,Beverages - Wineries & Distilleries
PIDILITIND.NS,PIDILITIND,Basic Materials,Specialty Chemicals
PIGL.NS,Power & Instrumental (Gujarat) Limited,Industrials,Engineering & Construction
PIIND.NS,PIIND,Basic Materials,Agricultural Inputs
PILANIINVS.NS,PILANIINVS,Financial Services,Asset Management
PILITA.NS,Pil Italica Lifestyle Limited,Consumer Cyclical,"Furnishings, Fixtures & Appliances"
PINELABS.NS,Pine Labs Limited,Technology,Software - Infrastructure
PIONEEREMB.NS,Pioneer Embroideries Limited,Consumer Cyclical,Textile Manufacturing
PIRAMALFIN.NS,PIRAMALFIN,Financial Services,Credit Services
PITTIENG.NS,PITTIENG,Industrials,Metal Fabrication
PIXTRANS.NS,PIXTRANS,Industrials,Specialty Industrial Machinery
PKTEA.NS,PKTEA,Consumer Defensive,Farm Products
PLASTIBLEN.NS,PLASTIBLEN,Basic Materials,Specialty Chemicals
PLATIND.NS,PLATIND,Basic Materials,Specialty Chemicals
PLAZACABLE.NS,Plaza Wires Limited,Industrials,Electrical Equipment & Parts
PML.NS,Paul Merchants Limited,Financial Services,Capital Markets
PNB.NS,PNB,Financial Services,Banks - Regional
PNBGILTS.NS,PNBGILTS,Financial Services,Capital Markets
PNBHOUSING.NS,PNBHOUSING,Financial Services,Mortgage Finance
PNC.NS,PNC,Communication Services,Entertainment
PNCINFRA.NS,PNCINFRA,Industrials,Engineering & Construction
PNGJL.NS,PNGJL,Consumer Cyclical,Luxury Goods
PNGSREVA.NS,PNGSREVA,Consumer Cyclical,Luxury Goods
POCL.NS,POCL,Basic Materials,Specialty Chemicals
PODDARMENT.NS,PODDARMENT,Basic Materials,Specialty Chemicals
POEL.NS,POEL,Basic Materials,Chemicals
POKARNA.NS,POKARNA,Industrials,Building Products & Equipment
POLICYBZR.NS,POLICYBZR,Financial Services,Insurance Brokers
POLYCAB.NS,Polycab India Limited,Industrials,Electrical Equipment & Parts
POLYMED.NS,Poly Medicure Limited,Healthcare,Medical Instruments & Supplies
POLYPLEX.NS,Polyplex Corporation Limited,Basic Materials,Specialty Chemicals
POLYSIL.NS,POLYSIL,,
POLYSPIN.NS,POLYSPIN,Consumer Cyclical,Packaging & Containers
PONNIERODE.NS,Ponni Sugars (Erode) Limited,Consumer Defensive,Confectioners
POONAWALLA.NS,POONAWALLA,Financial Services,Credit Services
POSITRON.NS,POSITRON,Utilities,Utilities - Regulated Gas
POWERGRID.NS,POWERGRID,Utilities,Utilities - Regulated Electric
POWERICA.NS,POWERICA,Industrials,Specialty Industrial Machinery
POWERINDIA.NS,POWERINDIA,Industrials,Electrical Equipment & Parts
POWERMECH.NS,POWERMECH,Industrials,Engineering & Construction
PPAP.NS,PPAP,Consumer Cyclical,Auto Parts
PPL.NS,PPL,Industrials,Building Products & Equipment
PPLPHARMA.NS,PPLPHARMA,Healthcare,Drug Manufacturers - Specialty & Generic
PRABHA.NS,PRABHA,Energy,Oil & Gas E&P
PRADPME.NS,PRADPME,Industrials,Metal Fabrication
PRAENG.NS,PRAENG,Real Estate,Real Estate - Development
PRAJIND.NS,PRAJIND,Industrials,Engineering & Construction
PRAKASH.NS,PRAKASH,Basic Materials,Steel
PRAKASHSTL.NS,PRAKASHSTL,Basic Materials,Steel
PRAMARA.NS,Pramara Promotions Limited,Industrials,Industrial Distribution
PRANAV.NS,PRANAV CONSTRUCTIONS LTD,Real Estate,Real Estate - Development
PRANIK.NS,PRANIK,Industrials,Trucking
PRASOLCHEM.NS,PRASOL CHEMICALS LIMITED,Basic Materials,Specialty Chemicals
PRATHAM.NS,Pratham EPC Projects Limited,Infrastructure Developers & Operators,Engineering & Construction
PRAVEG.NS,PRAVEG,Communication Services,Advertising Agencies
PRAXIS.NS,PRAXIS,Consumer Cyclical,Specialty Retail
PRECAM.NS,PRECAM,Consumer Cyclical,Auto Parts
PRECISION.NS,PRECISION,,
PRECOT.NS,PRECOT,Consumer Cyclical,Textile Manufacturing
PRECWIRE.NS,PRECWIRE,Industrials,Electrical Equipment & Parts
PREMCO.NS,PREMCO,Consumer Cyclical,Textile Manufacturing
PREMEXPLN.NS,PREMEXPLN,Basic Materials,Specialty Chemicals
PREMIER.NS,PREMIER,Industrials,Specialty Industrial Machinery
PREMIERENE.NS,PREMIERENE,Technology,Solar
PREMIERPOL.NS,PREMIERPOL,Basic Materials,Specialty Chemicals
PREMIUM.NS,PREMIUM,Consumer Cyclical,Auto Parts
PRESSTONIC.NS,Presstonic Engineering Limited,Industrials,Specialty Industrial Machinery
PRESTIGE.NS,PRESTIGE,Real Estate,Real Estate - Diversified
PRICOLLTD.NS,PRICOLLTD,Consumer Cyclical,Auto Parts
PRIMECAB.NS,PRIMECAB,,
PRIMESECU.NS,PRIMESECU,Financial Services,Capital Markets
PRIMO.NS,PRIMO,Basic Materials,Chemicals
PRINCEPIPE.NS,PRINCEPIPE,Industrials,Building Products & Equipment
PRIORITY.NS,PRIORITY,Consumer Cyclical,Luxury Goods
PRISMX.NS,PRISMX,Financial Services,Capital Markets
PRITI.NS,PRITI,Consumer Cyclical,"Furnishings, Fixtures & Appliances"
PRITIKA.NS,PRITIKA,,
PRITIKAUTO.NS,PRITIKAUTO,Industrials,Specialty Industrial Machinery
PRIVISCL.NS,PRIVISCL,Basic Materials,Specialty Chemicals
PRIZOR.NS,PRIZOR,,
PRLIND.NS,PRLIND,,
PROFX.NS,PROFX,,
PROLIFE.NS,Prolife Industries Limited,Basic Materials,Specialty Chemicals
PROSTARM.NS,PROSTARM,Industrials,Electrical Equipment & Parts
PROTEAN.NS,PROTEAN,Technology,Information Technology Services
PROV.NS,Proventus Agrocom Limited,Industrials,Industrial Distribution
PROZONER.NS,PROZONER,Real Estate,Real Estate - Diversified
PRSMJOHNSN.NS,PRSMJOHNSN,Basic Materials,Building Materials
PRUDENT.NS,PRUDENT,Financial Services,Asset Management
PRUDMOULI.NS,PRUDMOULI,Consumer Defensive,Confectioners
PSB.NS,PSB,Financial Services,Banks - Regional
PSFL.NS,PSFL,Industrials,Forgings - Medium / Small
PSPPROJECT.NS,PSPPROJECT,Industrials,Engineering & Construction
PSUBANK.NS,PSUBANK,,
PSUBANKADD.NS,DSPAMC - DSPPSBKETF,Financial Services,Exchange Traded Fund (ETF)
PSUBNKBEES.NS,Nippon India ETF Nifty PSU Bank BeES,Financial Services,Exchange Traded Fund (ETF)
PSUBNKIETF.NS,ICICIPRAMC - PSUBANKICI,Financial Services,Exchange Traded Fund (ETF)
PTC.NS,PTC,Utilities,Utilities - Independent Power Producers
PTCIL.NS,PTCIL,Industrials,Metal Fabrication
PTL.NS,PTL,Real Estate,Real Estate Services
PULZ.NS,PULZ,,
PUNJABCHEM.NS,PUNJABCHEM,Basic Materials,Chemicals
PURPLEUTED.NS,PURPLEUTED,Consumer Cyclical,Industrial Distribution
PURVA.NS,PURVA,Real Estate,Real Estate - Development
PUSHPA.NS,PUSHPA,,
PVP.NS,PVP,Industrials,Conglomerates
PVRINOX.NS,PVRINOX,Communication Services,Entertainment
PVSL.NS,PVSL,Consumer Cyclical,Auto & Truck Dealerships
PVTBANIETF.NS,PVTBANIETF,Financial Services,Exchange Traded Fund (ETF)
PVTBANK.NS,Kotak Nifty Private Bank ETF,Financial Services,Exchange Traded Fund (ETF)
PVTBANKADD.NS,DSPAMC - DSPPVBKETF,Financial Services,Exchange Traded Fund (ETF)
PVTBKGROWW.NS,Groww Nifty Private Bank ETF,Financial Services,Exchange Traded Fund (ETF)
PWL.NS,PWL,Consumer Defensive,Education & Training Services
PYRAMID.NS,PYRAMID,Consumer Cyclical,Packaging & Containers
QFIL.NS,Quality Foils (India) Limited,Basic Materials,Steel
QGOLDHALF.NS,Quantum Gold Exchange Traded Scheme,Financial Services,Exchange Traded Fund (ETF)
QMSMEDI.NS,QMSMEDI,Healthcare,Medical Instruments & Supplies
QNIFTY.NS,Quantum Nifty 50 ETF,Financial Services,Exchange Traded Fund (ETF)
QPOWER.NS,QPOWER,Industrials,Electrical Equipment & Parts
QUADFUTURE.NS,QUADFUTURE,Industrials,Railroads
QUADPRO.NS,Quadpro ITeS Limited,Technology,Information Technology Services
QUAL30IETF.NS,ICICIPRAMC - ICICIQTY30,Financial Services,Exchange Traded Fund (ETF)
QUALITY30.NS,Kotak Nifty200 Quality 30 ETF,Financial Services,Exchange Traded Fund (ETF)
QUESS.NS,QUESS,Industrials,Staffing & Employment Services
QUESTLAB.NS,Quest Laboratories Limited,Healthcare,Drug Manufacturers - Specialty & Generic
QUICKHEAL.NS,QUICKHEAL,Technology,Software - Application
QUICKTOUCH.NS,Quicktouch Technologies Limited,Industrials,Industrial Distribution
QUINT.NS,QUINT,Communication Services,Entertainment
QVCEL.NS,QVCEL,Industrials,Industrial Distribution
RACE.NS,RACE,Industrials,Waste Management
RACLGEAR.NS,RACLGEAR,Consumer Cyclical,Auto Parts
RADAAN.NS,RADAAN,Communication Services,Entertainment
RADHIKAJWE.NS,RADHIKAJWE,Consumer Cyclical,Luxury Goods
RADIANTCMS.NS,RADIANTCMS,Industrials,Specialty Business Services
RADICO.NS,RADICO,Consumer Defensive,Beverages - Wineries & Distilleries
RADIOCITY.NS,RADIOCITY,Communication Services,Broadcasting
RADIOWALLA.NS,RADIOWALLA,,
RAILTEL.NS,RAILTEL,Communication Services,Telecom Services
RAIN.NS,RAIN,Basic Materials,Specialty Chemicals
RAINBOW.NS,RAINBOW,Healthcare,Medical Care Facilities
RAJESHEXPO.NS,RAJESHEXPO,Consumer Cyclical,Luxury Goods
RAJINDLTD.NS,RAJINDLTD,Basic Materials,Other Industrial Metals & Mining
RAJMET.NS,RAJMET,Basic Materials,Copper
RAJOOENG.NS,RAJOOENG,Industrials,Specialty Industrial Machinery
RAJPALAYAM.NS,Rajapalayam Mills Limited,Consumer Cyclical,Textile Manufacturing
RAJPUTANA.NS,RAJPUTANA,Miscellaneous,Diversified
RAJRATAN.NS,RAJRATAN,Basic Materials,Steel
RAJRILTD.NS,RAJRILTD,Consumer Cyclical,Textile Manufacturing
RAJSREESUG.NS,Rajshree Sugars & Chemicals Limited,Consumer Defensive,Confectioners
RAJTV.NS,RAJTV,Communication Services,Broadcasting
RALLIS.NS,RALLIS,Basic Materials,Agricultural Inputs
RAMANEWS.NS,RAMANEWS,Consumer Defensive,Beverages - Non-Alcoholic
RAMAPHO.NS,RAMAPHO,Basic Materials,Agricultural Inputs
RAMASTEEL.NS,RAMASTEEL,Basic Materials,Steel
RAMBHAJO.NS,RAMBHAJO,Consumer Cyclical,Luxury Goods
RAMCOCEM.NS,RAMCOCEM,Basic Materials,Building Materials
RAMCOIND.NS,RAMCOIND,Industrials,Building Products & Equipment
RAMCOSYS.NS,RAMCOSYS,Technology,Software - Application
RAMKY.NS,RAMKY,Industrials,Engineering & Construction
RAMRAT.NS,RAMRAT,Industrials,Electrical Equipment & Parts
RANASUG.NS,RANASUG,Consumer Defensive,Confectioners
RANEHOLDIN.NS,RANEHOLDIN,Consumer Cyclical,Auto Parts
RAPIDFLEET.NS,RAPIDFLEET,Industrials,Trucking
RAPPID.NS,RAPPID,Industrials,Specialty Industrial Machinery
RATEGAIN.NS,RATEGAIN,Technology,Software - Application
RATNAMANI.NS,RATNAMANI,Basic Materials,Steel
RATNAVEER.NS,RATNAVEER,Basic Materials,Steel
RAYMOND.NS,RAYMOND,Industrials,Specialty Industrial Machinery
RAYMONDLSL.NS,Raymond Lifestyle Limited,Consumer Cyclical,Apparel Manufacturing
RAYMONDREL.NS,RAYMONDREL,Real Estate,Real Estate - Development
RBA.NS,Restaurant Brands Asia Limited,Consumer Cyclical,Restaurants
RBLBANK.NS,RBLBANK,Financial Services,Banks - Regional
RBMINFRA.NS,RBM Infracon Limited,Industrials,Engineering & Construction
RBZJEWEL.NS,RBZJEWEL,Consumer Cyclical,Luxury Goods
RCDL.NS,RCDL,,
RCF.NS,RCF,Basic Materials,Agricultural Inputs
RCOM.NS,RCOM,Communication Services,Telecom Services
READYMIX.NS,READYMIX,Industrials,Specialty Industrial Machinery
RECLTD.NS,RECLTD,Financial Services,Credit Services
REDINGTON.NS,REDINGTON,Technology,Information Technology Services
REDTAPE.NS,REDTAPE Limited,Consumer Cyclical,Footwear & Accessories
REFEX.NS,REFEX,Energy,Thermal Coal
REFRACTORY.NS,Refractory Shapes Limited,Basic Materials,Building Materials
REGAAL.NS,Regaal Resources Limited,Consumer Defensive,Packaged Foods
REGENCERAM.NS,REGENCERAM,Industrials,Building Products & Equipment
RELAXO.NS,Relaxo Footwears Limited,Consumer Cyclical,Footwear & Accessories
RELCHEMQ.NS,Reliance Chemotex Industries Limited,Consumer Cyclical,Textile Manufacturing
RELIABLE.NS,RELIABLE,Technology,Information Technology Services
RELIANCE.NS,Reliance Industries Limited,Energy,Oil & Gas Refining & Marketing
RELIGARE.NS,Religare Enterprises Limited,Financial Services,Insurance - Life
RELINFRA.NS,RELINFRA,Utilities,Utilities - Independent Power Producers
RELTD.NS,RELTD,Technology,Solar
REMSONSIND.NS,REMSONSIND,Consumer Cyclical,Auto Parts
REMUS.NS,REMUS,,
RENTOMOJO.NS,RENTOMOJO LIMITED,Industrials,Rental & Leasing Services
RENUKA.NS,RENUKA,Consumer Defensive,Confectioners
REPCOHOME.NS,REPCOHOME,Financial Services,Mortgage Finance
REPL.NS,REPL,Industrials,Consulting Services
REPRO.NS,REPRO,Industrials,Specialty Business Services
RESPONIND.NS,RESPONIND,Basic Materials,Specialty Chemicals
RETAIL.NS,RETAIL,Consumer Defensive,Grocery Stores
REXPRO.NS,REXPRO,Consumer Cyclical,Diversified
RGL.NS,RGL,Consumer Cyclical,Luxury Goods
RHETAN.NS,RHETAN,Basic Materials,Steel
RHFL.NS,Reliance Home Finance Limited,Financial Services,Mortgage Finance
RHIM.NS,RHIM,Industrials,Metal Fabrication
RHL.NS,RHL,Consumer Cyclical,Lodging
RICOAUTO.NS,Rico Auto Industries Limited,Consumer Cyclical,Auto Parts
RIIL.NS,RIIL,Industrials,Engineering & Construction
RILINFRA.NS,RILINFRA,,
RIR.NS,Rir Power Electronics Limited,Technology,Semiconductors
RISHABH.NS,RISHABH,Technology,Scientific & Technical Instruments
RITCO.NS,RITCO,Industrials,Integrated Freight & Logistics
RITES.NS,RITES,Industrials,Engineering & Construction
RKDL.NS,RKDL,Consumer Defensive,Beverages - Wineries & Distilleries
RKEC.NS,RKEC,Industrials,Engineering & Construction
RKFORGE.NS,RKFORGE,Industrials,Metal Fabrication
RKSWAMY.NS,RKSWAMY,Communication Services,Advertising Agencies
RMC.NS,RMC,Industrials,Electrical Equipment & Parts
RMDRIP.NS,RMDRIP,Industrials,Farm & Heavy Construction Machinery
RML.NS,RML,Consumer Cyclical,Auto Parts
RNBDENIMS.NS,RNBDENIMS,Consumer Cyclical,Textile Manufacturing
RNFI.NS,RNFI,Consumer Cyclical,Diversified
RNPL.NS,RNPL,,
ROCKINGDCE.NS,Rockingdeals Circular Economy Limited,Industrials,Industrial Distribution
ROHLTD.NS,ROHLTD,Consumer Cyclical,Lodging
ROLEXRINGS.NS,Rolex Rings Limited,Industrials,Metal Fabrication
ROLLT.NS,ROLLT,Real Estate,Real Estate Services
ROML.NS,ROML,Consumer Defensive,Packaged Foods
ROSSARI.NS,ROSSARI,Basic Materials,Specialty Chemicals
ROSSELLIND.NS,ROSSELLIND,Industrials,Conglomerates
ROSSTECH.NS,Rossell Techsys Limited,Industrials,Aerospace & Defense
ROTO.NS,Roto Pumps Limited,Industrials,Specialty Industrial Machinery
ROUTE.NS,ROUTE,Communication Services,Telecom Services
ROXHITECH.NS,ROX Hi-Tech Limited,Industrials,Industrial Distribution
RPEL.NS,Raghav Productivity Enhancers Limited,Basic Materials,Chemicals
RPGLIFE.NS,RPGLIFE,Healthcare,Drug Manufacturers - Specialty & Generic
RPOWER.NS,RPOWER,Utilities,Utilities - Independent Power Producers
RPPINFRA.NS,RPPINFRA,Industrials,Engineering & Construction
RPPL.NS,RPPL,Consumer Cyclical,Packaging & Containers
RPSGVENT.NS,RPSG Ventures Limited,Technology,Information Technology Services
RPTECH.NS,RPTECH,Technology,Electronics & Computer Distribution
RRECL.NS,RRECL,Real Estate,Real Estate Services
RRIL.NS,RRIL Limited,Consumer Cyclical,Textile Manufacturing
RRKABEL.NS,RRKABEL,Industrials,Electrical Equipment & Parts
RSDFIN.NS,RSDFIN,Financial Services,Asset Management
RSL.NS,RSL,Basic Materials,Steel
RSSOFTWARE.NS,RSSOFTWARE,Technology,Information Technology Services
RSWM.NS,RSWM,Consumer Cyclical,Textile Manufacturing
RSYSTEMS.NS,RSYSTEMS,Technology,Information Technology Services
RTNINDIA.NS,RattanIndia Enterprises Limited,Consumer Cyclical,Internet Retail
RTNPOWER.NS,RTNPOWER,Utilities,Utilities - Independent Power Producers
RTSPOWR.NS,RTSPOWR,Industrials,Electrical Equipment & Parts
RUBFILA.NS,RUBFILA,Basic Materials,Specialty Chemicals
RUBICON.NS,RUBICON,Healthcare,Drug Manufacturers - General
RUBYMILLS.NS,The Ruby Mills Limited,Consumer Cyclical,Textile Manufacturing
RUCHINFRA.NS,Ruchi Infrastructure Limited,Industrials,Specialty Business Services
RUCHIRA.NS,Ruchira Papers Limited,Basic Materials,Paper & Paper Products
RUDRA.NS,RUDRA,Basic Materials,Steel
RULKA.NS,RULKA,,
RUPA.NS,RUPA,Consumer Cyclical,Apparel Manufacturing
RUSHIL.NS,RUSHIL,Consumer Cyclical,"Furnishings, Fixtures & Appliances"
RUSTOMJEE.NS,Keystone Realtors Limited,Real Estate,Real Estate - Development
RVHL.NS,Ravinder Heights Limited,Real Estate,Real Estate - Development
RVNL.NS,RVNL,Industrials,Engineering & Construction
RVTH.NS,RVTH,Industrials,Farm & Heavy Construction Machinery
S&SPOWER.NS,S&SPOWER,Industrials,Electrical Equipment & Parts
SAAKSHI.NS,SAAKSHI,,
SAATVIKGL.NS,SAATVIKGL,Technology,Solar
SAB.NS,SAB,Industrials,Engineering & Construction
SACHEEROME.NS,SACHEEROME,,
SADBHAV.NS,SADBHAV,Industrials,Engineering & Construction
SADBHIN.NS,Sadbhav Infrastructure Project Limited,Industrials,Engineering & Construction
SADHAV.NS,SADHAV,,
SADHNANIQ.NS,SADHNANIQ,Basic Materials,Chemicals
SAFARI.NS,SAFARI,Consumer Cyclical,Footwear & Accessories
SAFEENTP.NS,SAFEENTP,,
SAGARDEEP.NS,SAGARDEEP,Basic Materials,Copper
SAGCEM.NS,SAGCEM,Basic Materials,Building Materials
SAGILITY.NS,SAGILITY,Healthcare,Health Information Services
SAHAJSOLAR.NS,Sahaj Solar Limited,Industrials,Electrical Equipment & Parts
SAHANA.NS,Sahana System Limited,Technology,Information Technology Services
SAHASRA.NS,SAHASRA,Electronics,Electronic Components
SAHLIBHFI.NS,SAHLIBHFI,Financial Services,Credit Services
SAHYADRI.NS,SAHYADRI,Industrials,Building Products & Equipment
SAICAPI.NS,SAICAPI,Financial Services,Capital Markets
SAIFL.NS,SAIFL,,
SAIL.NS,Steel Authority of India Limited,Basic Materials,Steel
SAILIFE.NS,SAILIFE,Healthcare,Diagnostics & Research
SAIPARENT.NS,Sai Parenteral's Limited,Healthcare,Drug Manufacturers - General
SAKAR.NS,SAKAR,Healthcare,Drug Manufacturers - Specialty & Generic
SAKHTISUG.NS,Sakthi Sugars Limited,Consumer Defensive,Confectioners
SAKSOFT.NS,SAKSOFT,Technology,Information Technology Services
SAKUMA.NS,Sakuma Exports Limited,Consumer Defensive,Farm Products
SALASAR.NS,SALASAR,Basic Materials,Steel
SALONA.NS,Salona Cotspin Limited,Consumer Cyclical,Textile Manufacturing
SALSTEEL.NS,SALSTEEL,Basic Materials,Steel
SALZERELEC.NS,SALZERELEC,Industrials,Electrical Equipment & Parts
SAMAY.NS,SAMAY,,
SAMBANDAM.NS,SAMBANDAM,Consumer Cyclical,Textile Manufacturing
SAMBHAAV.NS,SAMBHAAV,Communication Services,Publishing
SAMBHV.NS,SAMBHV,Basic Materials,Steel
SAMHI.NS,SAMHI,Consumer Cyclical,Lodging
SAMMAANCAP.NS,SAMMAANCAP,Financial Services,Mortgage Finance
SAMPANN.NS,Sampann Utpadan India Limited,Basic Materials,Specialty Chemicals
SANATHAN.NS,SANATHAN,Consumer Cyclical,Textile Manufacturing
SANDESH.NS,SANDESH,Communication Services,Publishing
SANDHAR.NS,SANDHAR,Consumer Cyclical,Auto Parts
SANDUMA.NS,SANDUMA,Basic Materials,Steel
SANGAMIND.NS,SANGAMIND,Consumer Cyclical,Textile Manufacturing
SANGANI.NS,Sangani Hospitals Limited,Healthcare,Medical Care Facilities
SANGHVIMOV.NS,SANGHVIMOV,Industrials,Rental & Leasing Services
SANGINITA.NS,SANGINITA,Basic Materials,Chemicals
SANOFI.NS,SANOFI,Healthcare,Drug Manufacturers - General
SANOFICONR.NS,SANOFICONR,Healthcare,Drug Manufacturers - General
SANSERA.NS,SANSERA,Consumer Cyclical,Auto Parts
SANSTAR.NS,SANSTAR,Basic Materials,Chemicals
SANWARIA.NS,SANWARIA,Consumer Defensive,Farm Products
SAPPHIRE.NS,SAPPHIRE,Consumer Cyclical,Restaurants
SAPPL.NS,SAPPL,Basic Materials,Paper & Paper Products
SARDAEN.NS,SARDAEN,Basic Materials,Steel
SAREGAMA.NS,SAREGAMA,Communication Services,Entertainment
SARLAPOLY.NS,SARLAPOLY,Consumer Cyclical,Textile Manufacturing
SARTELE.NS,SARTELE,,
SARVESHWAR.NS,SARVESHWAR,Consumer Defensive,Packaged Foods
SASKEN.NS,SASKEN,Technology,Information Technology Services
SATECH.NS,SATECH,,
SATIA.NS,SATIA,Basic Materials,Paper & Paper Products
SATIN.NS,SATIN,Financial Services,Credit Services
SATIPOLY.NS,SATIPOLY,,
SATKARTAR.NS,SATKARTAR,Healthcare,Drug Manufacturers - Specialty & Generic
SATTVAENGG.NS,SATTVAENGG,,
SAURASHCEM.NS,SAURASHCEM,Basic Materials,Building Materials
SAVY.NS,SAVY,,
SAWALIYA.NS,SAWALIYA,,
SAYAJIHOTL.NS,SAYAJIHOTL,Consumer Cyclical,Lodging
SAYAJIIND.NS,SAYAJIIND,Consumer Defensive,Farm Products
SBC.NS,SBC,Industrials,Conglomerates
SBCL.NS,SBCL,Industrials,Metal Fabrication
SBFC.NS,SBFC,Financial Services,Credit Services
SBGLP.NS,Suratwwala Business Group Limited,Real Estate,Real Estate - Development
SBIBPB.NS,SBI BSE PSU Bank ETF,Financial Services,Exchange Traded Fund (ETF)
SBICARD.NS,SBICARD,Financial Services,Credit Services
SBIETFCON.NS,SBI Nifty Consumption ETF,Financial Services,Exchange Traded Fund (ETF)
SBIETFIT.NS,SBI Nifty IT ETF,Financial Services,Exchange Traded Fund (ETF)
SBIETFPB.NS,SBI Nifty Private Bank ETF,Financial Services,Exchange Traded Fund (ETF)
SBIETFQLTY.NS,SBI NIFTY 200 Quality 30 ETF,Financial Services,Exchange Traded Fund (ETF)
SBIFUNDS.NS,SBIFUNDS,Financial Services,Asset Management
SBILIFE.NS,SBILIFE,Financial Services,Insurance - Life
SBILIQETF.NS,SBI NIFTY 1D Rate Liquid ETF - Growth,Financial Services,Exchange Traded Fund (ETF)
SBIMIDMOM.NS,SBI Nifty Midcap 150 Momentum 50 ETF,Financial Services,Exchange Traded Fund (ETF)
SBIN.NS,SBIN,Financial Services,Banks - Regional
SBINEQWETF.NS,SBI Nifty50 Equal Weight ETF,Financial Services,Exchange Traded Fund (ETF)
SBINMID150.NS,SBI Nifty Midcap 150 ETF,Financial Services,Exchange Traded Fund (ETF)
SBISILVER.NS,SBI Silver ETF,Financial Services,Exchange Traded Fund (ETF)
SBISMLETF.NS,SBI Nifty Smallcap 250 ETF,Financial Services,Exchange Traded Fund (ETF)
SBIVALETF.NS,SBI Nifty200 Value 30 ETF,Financial Services,Exchange Traded Fund (ETF)
SCANSTL.NS,SCANSTL,Basic Materials,Steel
SCHAEFFLER.NS,SCHAEFFLER,Consumer Cyclical,Auto Parts
SCHAND.NS,SCHAND,Communication Services,Publishing
SCHNEIDER.NS,Schneider Electric Infrastructure Limited,Industrials,Electrical Equipment & Parts
SCI.NS,SCI,Industrials,Marine Shipping
SCILAL.NS,SCILAL,Real Estate,Real Estate Services
SCML.NS,Sharp Chucks and Machines Limited,Industrials,Castings - Steel / Alloy
SCODATUBES.NS,SCODATUBES,Basic Materials,Steel
SCPL.NS,SCPL,Consumer Defensive,Packaged Foods
SDBL.NS,SDBL,Consumer Defensive,Beverages - Brewers
SDREAMS.NS,SDREAMS,,
SEAMECLTD.NS,SEAMECLTD,Industrials,Marine Shipping
SECLEDBETA.NS,UTI BSE India Sector Leaders Exchange Traded Fund,Financial Services,Exchange Traded Fund (ETF)
SECMARK.NS,SECMARK,Industrials,Consulting Services
SECURKLOUD.NS,SECURKLOUD,Technology,Software - Application
SEDEMAC.NS,SEDEMAC,Consumer Cyclical,Auto Parts
SEIL.NS,SEIL,Consumer Defensive,Education & Training Services
SEJALLTD.NS,SEJALLTD,Industrials,Building Products & Equipment
SEKURITIND.NS,SEKURITIND,Consumer Cyclical,Auto Parts
SEL.NS,SEL,,
SELECTIPO.NS,SELECTIPO,,
SELLOWRAP.NS,SELLOWRAP,,
SEMAC.NS,SEMAC,Industrials,Engineering & Construction
SENCO.NS,SENCO,Consumer Cyclical,Luxury Goods
SENORES.NS,Senores Pharmaceuticals Limited,Healthcare,Drug Manufacturers - General
SENSEXADD.NS,DSPAMC - DSPSENXETF,Financial Services,Exchange Traded Fund (ETF)
SENSEXAXIS.NS,AXISAMC-SENSEXAXIS,,
SENSEXBETA.NS,UTIAMC-SENSEXBETA,Financial Services,Exchange Traded Fund (ETF)
SENSEXETF.NS,Mirae Asset BSE Sensex ETF,Financial Services,Exchange Traded Fund (ETF)
SENSEXIETF.NS,ICICI PRUD SENSEX ETF,Financial Services,Exchange Traded Fund (ETF)
SEPC.NS,SEPC,Industrials,Engineering & Construction
SERVOTECH.NS,SERVOTECH,Industrials,Electrical Equipment & Parts
SESHAPAPER.NS,SESHAPAPER,Basic Materials,Paper & Paper Products
SETCO.NS,Shilayan Industries Limited,Consumer Cyclical,Auto Parts
SETF10GILT.NS,SBI Nifty 10 yr Benchmark G-Sec ETF,Financial Services,Exchange Traded Fund (ETF)
SETFGOLD.NS,SBI Gold ETF,Financial Services,Exchange Traded Fund (ETF)
SETFNIF50.NS,SBI Nifty 50 ETF,Financial Services,Exchange Traded Fund (ETF)
SETFNIFBK.NS,SBI Nifty Bank ETF,Financial Services,Exchange Traded Fund (ETF)
SETFNN50.NS,SBI Nifty Next 50 ETF,Financial Services,Exchange Traded Fund (ETF)
SETL.NS,SETL,Industrials,Specialty Industrial Machinery
SETUINFRA.NS,SETUINFRA,Industrials,Engineering & Construction
SEYAIND.NS,SEYAIND,Basic Materials,Specialty Chemicals
SFL.NS,SFL,Consumer Cyclical,"Furnishings, Fixtures & Appliances"
SFML.NS,SFML,Miscellaneous,Diversified
SGFIN.NS,SGFIN,Financial Services,Capital Markets
SGIL.NS,SGIL,Industrials,Metal Fabrication
SGL.NS,SGL,Consumer Cyclical,Textile Manufacturing
SGLRES.NS,SGLRES,Technology,Software - Application
SGMART.NS,SGMART,Industrials,Industrial Distribution
SGRL.NS,SGRL,Healthcare,Drug Manufacturers - Specialty & Generic
SHADOWFAX.NS,SHADOWFAX,Industrials,Integrated Freight & Logistics
SHAH.NS,SHAH,Basic Materials,Steel
SHAHALLOYS.NS,Shah Alloys Limited,Basic Materials,Steel
SHAILY.NS,SHAILY,Basic Materials,Specialty Chemicals
SHAKTIPUMP.NS,SHAKTIPUMP,Industrials,Specialty Industrial Machinery
SHALBY.NS,SHALBY,Healthcare,Medical Care Facilities
SHALPAINTS.NS,SHALPAINTS,Basic Materials,Specialty Chemicals
SHANKARA.NS,SHANKARA,Consumer Cyclical,Home Improvement Retail
SHANKESH.NS,SHANKESH,Consumer Cyclical,Luxury Goods
SHANTI.NS,SHANTI,Consumer Defensive,Farm Products
SHANTIGEAR.NS,SHANTIGEAR,Industrials,Specialty Industrial Machinery
SHANTIGOLD.NS,SHANTIGOLD,Consumer Cyclical,Luxury Goods
SHANTIINOR.NS,SHANTIINOR,,
SHARDACROP.NS,SHARDACROP,Basic Materials,Agricultural Inputs
SHARDAMOTR.NS,SHARDAMOTR,Consumer Cyclical,Auto Parts
SHARDUL.NS,Shardul Securities Limited,Financial Services,Capital Markets
SHAREINDIA.NS,SHAREINDIA,Financial Services,Capital Markets
SHARIABEES.NS,Nippon India ETF Nifty 50 Shariah BeES,Financial Services,Exchange Traded Fund (ETF)
SHBAJRG.NS,SHBAJRG,Basic Materials,Steel
SHEETAL.NS,Sheetal Universal Limited,Consumer Defensive,Packaged Foods
SHEKHAWATI.NS,SHEKHAWATI,Consumer Cyclical,Textile Manufacturing
SHEMAROO.NS,SHEMAROO,Communication Services,Entertainment
SHERA.NS,SHERA,,
SHERVANI.NS,SHERVANI,Real Estate,Real Estate - Development
SHETHJI.NS,SHETHJI,,
SHIGAN.NS,Shigan Quantum Technologies Limited,Consumer Cyclical,Auto Parts
SHILCTECH.NS,SHILCTECH,Industrials,Electrical Equipment & Parts
SHILGRAVQ.NS,SHILGRAVQ,Industrials,Specialty Industrial Machinery
SHILPAMED.NS,SHILPAMED,Healthcare,Drug Manufacturers - Specialty & Generic
SHINDL.NS,SHINDL,Consumer Defensive,Farm Products
SHIPROCKET.NS,SHIPROCKET,Technology,Software - Application
SHIVAAGRO.NS,SHIVAAGRO,Basic Materials,Agricultural Inputs
SHIVACEM.NS,SHIVACEM,Basic Materials,Building Materials
SHIVALIK.NS,SHIVALIK,Basic Materials,Agricultural Inputs
SHIVAMAUTO.NS,SHIVAMAUTO,Consumer Cyclical,Auto Parts
SHIVAMILLS.NS,SHIVAMILLS,Consumer Cyclical,Textile Manufacturing
SHIVASHRIT.NS,SHIVASHRIT,,
SHIVATEX.NS,SHIVATEX,Consumer Cyclical,Textile Manufacturing
SHIVAUM.NS,SHIVAUM,Basic Materials,Steel
SHK.NS,SHK,Basic Materials,Specialty Chemicals
SHKSIL.NS,SHKSIL,,
SHOPERSTOP.NS,SHOPERSTOP,Consumer Cyclical,Department Stores
SHRADDHA.NS,SHRADDHA,Real Estate,Real Estate - Development
SHRADHA.NS,SHRADHA,Real Estate,Real Estate - Development
SHREDIGCEM.NS,SHREDIGCEM,Basic Materials,Building Materials
SHREECEM.NS,SHREECEM,Basic Materials,Building Materials
SHREEDHAR.NS,SHREEDHAR,,
SHREEJISPG.NS,SHREEJISPG,Industrials,Marine Shipping
SHREEKARNI.NS,Shree Karni Fabcom Limited,Consumer Cyclical,Textile Manufacturing
SHREEOSFM.NS,Shree OSFM E-Mobility Limited,Miscellaneous,Trucking
SHREEPUSHK.NS,SHREEPUSHK,Basic Materials,Specialty Chemicals
SHREERAMA.NS,SHREERAMA,Consumer Cyclical,Packaging & Containers
SHRENIK.NS,SHRENIK,Basic Materials,Paper & Paper Products
SHREYANIND.NS,SHREYANIND,Basic Materials,Paper & Paper Products
SHRIAHIMSA.NS,SHRIAHIMSA,Basic Materials,Specialty Chemicals
SHRIKANHA.NS,SHRIKANHA,,
SHRIKRISH.NS,SHRIKRISH,Real Estate,Real Estate - Development
SHRINGARMS.NS,SHRINGARMS,Consumer Cyclical,Luxury Goods
SHRIPISTON.NS,SHRIPISTON,Consumer Cyclical,Auto Parts
SHRIRAMFIN.NS,SHRIRAMFIN,Financial Services,Credit Services
SHRIRAMPPS.NS,SHRIRAMPPS,Real Estate,Real Estate - Development
SHRITECH.NS,SHRITECH,,
SHRJAGP.NS,SHRJAGP,Consumer Cyclical,Textile Manufacturing
SHUBHLAXMI.NS,Shubhlaxmi Jewel Art Limited,Industrials,Industrial Distribution
SHUBHSHREE.NS,SHUBHSHREE,Miscellaneous,Diversified
SHUKRAPHAR.NS,SHUKRAPHAR,Healthcare,Drug Manufacturers - Specialty & Generic
SHYAMCENT.NS,SHYAMCENT,Basic Materials,Steel
SHYAMDHANI.NS,SHYAMDHANI,,
SHYAMMETL.NS,SHYAMMETL,Basic Materials,Steel
SHYAMTEL.NS,Shyam Telecom Limited,Technology,Communication Equipment
SICAGEN.NS,Sicagen India Limited,Basic Materials,Steel
SICALLOG.NS,SICALLOG,Industrials,Integrated Freight & Logistics
SIDDHICOTS.NS,SIDDHICOTS,,
SIEL.NS,SIEL,Consumer Cyclical,Packaging & Containers
SIEMENS.NS,SIEMENS,Industrials,Specialty Industrial Machinery
SIGACHI.NS,SIGACHI,Healthcare,Drug Manufacturers - Specialty & Generic
SIGIND.NS,SIGIND,Industrials,Conglomerates
SIGMA.NS,Sigma Solve Limited,Technology,Information Technology Services
SIGMAADV.NS,Sigma Advanced Systems Limited,Industrials,Aerospace & Defense
SIGNATURE.NS,SIGNATURE,Real Estate,Real Estate - Development
SIGNPOST.NS,SIGNPOST,Communication Services,Advertising Agencies
SIKA.NS,SIKA,Industrials,Aerospace & Defense
SIKKO.NS,SIKKO,Basic Materials,Agricultural Inputs
SIL.NS,SIL,Consumer Cyclical,Textile Manufacturing
SILGO.NS,SILGO,Consumer Cyclical,Luxury Goods
SILINV.NS,SILINV,Financial Services,Asset Management
SILKFLEX.NS,Silkflex Polymers (India) Limited,Industrials,Industrial Distribution
SILKY.NS,SILKY,,
SILVER.NS,Aditya Birla Sun Life Silver ETF,Financial Services,Exchange Traded Fund (ETF)
SILVER001.NS,Quant Silver ETF,Financial Services,Exchange Traded Fund (ETF)
SILVER1.NS,Kotak Silver ETF,Financial Services,Exchange Traded Fund (ETF)
SILVER360.NS,360 ONE Silver ETF,Financial Services,Exchange Traded Fund (ETF)
SILVERADD.NS,DSPAMC - DSPSILVETF,Financial Services,Exchange Traded Fund (ETF)
SILVERAG.NS,MIRAEAMC - MASILVER,Financial Services,Exchange Traded Fund (ETF)
SILVERAXIS.NS,Axis Silver ETF,Financial Services,Exchange Traded Fund (ETF)
SILVERBEES.NS,Nippon India Silver ETF,Financial Services,Exchange Traded Fund (ETF)
SILVERBETA.NS,UTIAMC-SILVERBETA,Financial Services,Exchange Traded Fund (ETF)
SILVERBND.NS,Bandhan Silver ETF,Financial Services,Exchange Traded Fund (ETF)
SILVERCASE.NS,Zerodha Silver ETF,Financial Services,Exchange Traded Fund (ETF)
SILVERIETF.NS,ICICI Prudential Silver ETF,Financial Services,Exchange Traded Fund (ETF)
SILVERTUC.NS,SILVERTUC,Technology,Information Technology Services
SIMBHALS.NS,SIMBHALS,Consumer Defensive,Confectioners
SIMCA.NS,SIMCA,,
SIMPLEXINF.NS,SIMPLEXINF,Industrials,Engineering & Construction
SIMPLXREA.NS,SIMPLXREA,Real Estate,Real Estate - Development
SINCLAIR.NS,SINCLAIR,Consumer Cyclical,Lodging
SINDHUTRAD.NS,SINDHUTRAD,Industrials,Conglomerates
SINGERIND.NS,SINGERIND,,
SINTERCOM.NS,SINTERCOM,Consumer Cyclical,Auto Parts
SIRCA.NS,SIRCA,Basic Materials,Specialty Chemicals
SIS.NS,SIS,Industrials,Security & Protection Services
SITINET.NS,SITINET,Communication Services,Entertainment
SIYSIL.NS,SIYSIL,Consumer Cyclical,Textile Manufacturing
SJLOGISTIC.NS,SJLOGISTIC,,
SJS.NS,SJS,Consumer Cyclical,Auto Parts
SJVN.NS,SJVN,Utilities,Utilities - Renewable
SKFINDIA.NS,SKFINDIA,Industrials,Tools & Accessories
SKFINDUS.NS,SKFINDUS,Industrials,Tools & Accessories
SKIPPER.NS,SKIPPER,Industrials,Engineering & Construction
SKMEGGPROD.NS,SKMEGGPROD,Consumer Defensive,Packaged Foods
SKP.NS,SKP Bearing Industries Limited,Industrials,Specialty Industrial Machinery
SKYGOLD.NS,SKYGOLD,Consumer Cyclical,Luxury Goods
SKYTECH.NS,SKYTECH,,
SKYWAYS.NS,SKYWAYS AIR SERVICES LTD,Industrials,Integrated Freight & Logistics
SLONE.NS,Slone Infosystems Limited,Technology,Computer Hardware
SMALL250.NS,Mirae Asset Nifty Smallcap 250 ETF,Financial Services,Exchange Traded Fund (ETF)
SMALLADD.NS,DSP Nifty Smallcap 250 ETF,Financial Services,Exchange Traded Fund (ETF)
SMALLCAP.NS,Mirae Asset Nifty Smallcap 250 Momentum Quality 100 ETF,Financial Services,Exchange Traded Fund (ETF)
SMALLGROWW.NS,Groww Nifty Smallcap 250 Momentum Quality 100 ETF,Financial Services,Exchange Traded Fund (ETF)
SMALLIETF.NS,ICICI Prudential Nifty Smallcap 250 ETF,Financial Services,Exchange Traded Fund (ETF)
SMARTEN.NS,SMARTEN,,
SMARTLINK.NS,SMARTLINK,Technology,Communication Equipment
SMARTWORKS.NS,SMARTWORKS,Real Estate,Real Estate Services
SMCGLOBAL.NS,SMCGLOBAL,Financial Services,Capital Markets
SML100CASE.NS,Zerodha Nifty Smallcap 100 ETF,Financial Services,Exchange Traded Fund (ETF)
SMLMAH.NS,SMLMAH,Consumer Cyclical,Auto Manufacturers
SMLT.NS,SMLT,Industrials,Metal Fabrication
SMSPHARMA.NS,SMSPHARMA,Healthcare,Drug Manufacturers - General
SMVD.NS,SMVD,,
SNEHAA.NS,SNEHAA,,
SNOWMAN.NS,SNOWMAN,Industrials,Integrated Freight & Logistics
SNXT30BEES.NS,Nippon India BSE Sensex Next 30 ETF,Financial Services,Exchange Traded Fund (ETF)
SNXT50BETA.NS,UTIAMC-SNXT50BETA,Financial Services,Exchange Traded Fund (ETF)
SOBHA.NS,SOBHA,Real Estate,Real Estate - Development
SOCL.NS,SOCL,,
SOFTTECH.NS,SOFTTECH,Technology,Software - Application
SOLARA.NS,SOLARA,Healthcare,Drug Manufacturers - Specialty & Generic
SOLARINDS.NS,SOLARINDS,Basic Materials,Specialty Chemicals
SOLARWORLD.NS,SOLARWORLD,Technology,Solar
SOLEX.NS,SOLEX,Technology,Solar
SOMANYCERA.NS,SOMANYCERA,Industrials,Building Products & Equipment
SOMATEX.NS,SOMATEX,Consumer Cyclical,Textile Manufacturing
SOMICONVEY.NS,SOMICONVEY,Industrials,Specialty Industrial Machinery
SONACOMS.NS,SONACOMS,Consumer Cyclical,Auto Parts
SONAL.NS,Sonal Mercantile Limited,Financial Services,Credit Services
SONAMAC.NS,SONAMAC,,
SONAMLTD.NS,SONAMLTD,Consumer Cyclical,"Furnishings, Fixtures & Appliances"
SONATSOFTW.NS,SONATSOFTW,Technology,Information Technology Services
SONUINFRA.NS,SONUINFRA,,
SOTL.NS,SOTL,Basic Materials,Specialty Chemicals
SOUTHBANK.NS,SOUTHBANK,Financial Services,Banks - Regional
SOUTHWEST.NS,SOUTHWEST,Energy,Oil & Gas Equipment & Services
SPAL.NS,SPAL,Consumer Cyclical,Apparel Manufacturing
SPANDANA.NS,SPANDANA,Financial Services,Credit Services
SPARC.NS,SPARC,Healthcare,Drug Manufacturers - Specialty & Generic
SPCENET.NS,SPCENET,Financial Services,Capital Markets
SPCL.NS,SPCL,,
SPCON.NS,SPCON,,
SPECIALITY.NS,SPECIALITY,Consumer Cyclical,Restaurants
SPECTRUM.NS,SPECTRUM,Industrials,Electrical Equipment & Parts
SPENCERS.NS,SPENCERS,Consumer Cyclical,Department Stores
SPIC.NS,SPIC,Basic Materials,Agricultural Inputs
SPLIL.NS,SPLIL,Consumer Cyclical,Apparel Manufacturing
SPLPETRO.NS,SPLPETRO,Basic Materials,Specialty Chemicals
SPMLINFRA.NS,SPMLINFRA,Industrials,Engineering & Construction
SPORTKING.NS,SPORTKING,Consumer Cyclical,Textile Manufacturing
SPRL.NS,SPRL,,
SPUNWEB.NS,SPUNWEB,,
SRD.NS,SRD,Basic Materials,Specialty Chemicals
SREEL.NS,SREEL,Consumer Cyclical,Footwear & Accessories
SRF.NS,SRF,Industrials,Conglomerates
SRGHFL.NS,SRG Housing Finance Limited,Financial Services,Mortgage Finance
SRHHYPOLTD.NS,SRHHYPOLTD,Basic Materials,Chemicals
SRIKPRIND.NS,SRIKPRIND,Industrials,Building Products & Equipment
SRIVASAVI.NS,Srivasavi Adhesive Tapes Limited,Industrials,Packaging & Containers
SRM.NS,SRM,Industrials,Engineering & Construction
SRTL.NS,SRTL,Consumer Cyclical,Textile Manufacturing
SSDL.NS,SSDL,Consumer Cyclical,Apparel Retail
SSEGL.NS,SSEGL,Infrastructure Developers & Operators,Engineering & Construction
SSFL.NS,Srivari Spices and Foods Limited,Consumer Defensive,Packaged Foods
SSRETAIL.NS,SS RETAIL LIMITED,Consumer Cyclical,Specialty Retail
SSWL.NS,SSWL,Consumer Cyclical,Auto Parts
STALLION.NS,STALLION,Basic Materials,Specialty Chemicals
STANLEY.NS,Stanley Lifestyles Limited,Consumer Cyclical,"Furnishings, Fixtures & Appliances"
STAR.NS,STAR,Healthcare,Drug Manufacturers - Specialty & Generic
STARCEMENT.NS,STARCEMENT,Basic Materials,Building Materials
STARHEALTH.NS,STARHEALTH,Financial Services,Insurance - Life
STARPAPER.NS,STARPAPER,Basic Materials,Paper & Paper Products
STARTECK.NS,Starteck Finance Limited,Financial Services,Credit Services
STCINDIA.NS,STCINDIA,Industrials,Conglomerates
STEAMHOUSE.NS,STEAMHOUSE INDIA LIMITED,Utilities,Utilities - Regulated Gas
STEELCAS.NS,STEELCAS,Basic Materials,Steel
STEELCITY.NS,STEELCITY,Financial Services,Capital Markets
STEELXIND.NS,STEELXIND,Basic Materials,Steel
STEL.NS,STEL,Financial Services,Asset Management
STERTOOLS.NS,STERTOOLS,Industrials,Tools & Accessories
STLNETWORK.NS,STLNETWORK,Communication Services,Telecom Services
STLSTRINF.NS,STLSTRINF,Real Estate,Real Estate Services
STLTECH.NS,STLTECH,Technology,Communication Equipment
STOVEKRAFT.NS,STOVEKRAFT,Consumer Cyclical,"Furnishings, Fixtures & Appliances"
STRIDERS.NS,STRIDERS,,
STUDDS.NS,STUDDS,Consumer Cyclical,Auto Parts
STUDIOLSD.NS,STUDIOLSD,,
STYL.NS,STYL,Technology,Software - Infrastructure
STYLAMIND.NS,STYLAMIND,Consumer Cyclical,"Furnishings, Fixtures & Appliances"
STYLEBAAZA.NS,STYLEBAAZA,Consumer Cyclical,Apparel Retail
STYRENIX.NS,STYRENIX,Basic Materials,Chemicals
SUBAHOTELS.NS,SUBAHOTELS,,
SUBEXLTD.NS,SUBEXLTD,Technology,Software - Application
SUBROS.NS,SUBROS,Consumer Cyclical,Auto Parts
SUDARCOLOR.NS,SUDARCOLOR,Basic Materials,Specialty Chemicals
SUDARSCHEM.NS,SUDARSCHEM,Basic Materials,Specialty Chemicals
SUDEEPPHRM.NS,SUDEEPPHRM,Healthcare,Drug Manufacturers - Specialty & Generic
SUKHJITS.NS,SUKHJITS,Basic Materials,Specialty Chemicals
SULA.NS,SULA,Consumer Defensive,Beverages - Wineries & Distilleries
SUMAX.NS,SUMAX,,
SUMEDHA.NS,SUMEDHA,Financial Services,Capital Markets
SUMEETINDS.NS,SUMEETINDS,Consumer Cyclical,Textile Manufacturing
SUMICHEM.NS,SUMICHEM,Basic Materials,Agricultural Inputs
SUMIT.NS,SUMIT,Real Estate,Real Estate - Development
SUMMITSEC.NS,Summit Securities Limited,Financial Services,Capital Markets
SUNCLAY.NS,SUNCLAY,Industrials,Metal Fabrication
SUNDARAM.NS,SUNDARAM,Basic Materials,Paper & Paper Products
SUNDARMFIN.NS,SUNDARMFIN,Financial Services,Credit Services
SUNDRMBRAK.NS,SUNDRMBRAK,Consumer Cyclical,Auto Parts
SUNDRMFAST.NS,SUNDRMFAST,Consumer Cyclical,Auto Parts
SUNDROP.NS,SUNDROP,Consumer Defensive,Packaged Foods
SUNFLAG.NS,SUNFLAG,Basic Materials,Steel
SUNLITE.NS,SUNLITE,Basic Materials,Copper
SUNPHARMA.NS,SUNPHARMA,Healthcare,Drug Manufacturers - Specialty & Generic
SUNRAKSHAK.NS,SUNRAKSHAK,Consumer Cyclical,Textile Manufacturing
SUNREST.NS,Sunrest Lifescience Limited,Healthcare,Drug Manufacturers - General
SUNSHIEL.NS,SUNSHIEL,Basic Materials,Specialty Chemicals
SUNSHINE.NS,SUNSHINE,Communication Services,Entertainment
SUNTECH.NS,SUNTECH,,
SUNTECK.NS,SUNTECK,Real Estate,Real Estate - Development
SUNTV.NS,SUNTV,Communication Services,Broadcasting
SUPERHOUSE.NS,SUPERHOUSE,Consumer Cyclical,Footwear & Accessories
SUPERSPIN.NS,Super Spinning Mills Limited,Consumer Cyclical,Textile Manufacturing
SUPRAJIT.NS,SUPRAJIT,Consumer Cyclical,Auto Parts
SUPREME.NS,SUPREME,Real Estate,Real Estate - Development
SUPREMEENG.NS,SUPREMEENG,Basic Materials,Steel
SUPREMEIND.NS,SUPREMEIND,Industrials,Building Products & Equipment
SUPREMEINF.NS,SUPREMEINF,Industrials,Engineering & Construction
SUPREMEPWR.NS,Supreme Power Equipment Limited,Industrials,Electrical Equipment & Parts
SUPRIYA.NS,SUPRIYA,Healthcare,Biotechnology
SUPTANERY.NS,SUPTANERY,Consumer Cyclical,Footwear & Accessories
SURAJEST.NS,SURAJEST,Real Estate,Real Estate - Development
SURAJLTD.NS,SURAJLTD,Basic Materials,Steel
SURAKSHA.NS,SURAKSHA,Healthcare,Diagnostics & Research
SURANASOL.NS,SURANASOL,Technology,Solar
SURANAT&P.NS,Surana Telecom and Power Limited,Utilities,Utilities - Independent Power Producers
SURANI.NS,SURANI,,
SURYALA.NS,SURYALA,Consumer Cyclical,Textile Manufacturing
SURYALAXMI.NS,SURYALAXMI,Consumer Cyclical,Textile Manufacturing
SURYAROSNI.NS,SURYAROSNI,Basic Materials,Steel
SURYODAY.NS,SURYODAY,Financial Services,Banks - Regional
SUTLEJTEX.NS,SUTLEJTEX,Consumer Cyclical,Textile Manufacturing
SUVEN.NS,SUVEN,Healthcare,Drug Manufacturers - Specialty & Generic
SUVIDHAA.NS,SUVIDHAA,Technology,Information Technology Services
SUYOG.NS,SUYOG,Communication Services,Telecom Services
SUZLON.NS,SUZLON,Industrials,Specialty Industrial Machinery
SVGLOBAL.NS,SVGLOBAL,Real Estate,Real Estate Services
SVLL.NS,SVLL,Industrials,Trucking
SVPGLOB.NS,SVPGLOB,Consumer Cyclical,Textile Manufacturing
SWANCORP.NS,SWANCORP,Industrials,Conglomerates
SWANDEF.NS,Swan Defence and Heavy Industries Limited,Industrials,Aerospace & Defense
SWARAJ.NS,SWARAJ,Consumer Cyclical,Textile Manufacturing
SWARAJENG.NS,SWARAJENG,Consumer Cyclical,Auto Parts
SWARNSAR.NS,Swarnsarita Jewels India Limited,Consumer Cyclical,Luxury Goods
SWELECTES.NS,SWELECTES,Technology,Solar
SWIGGY.NS,SWIGGY,Consumer Cyclical,Internet Retail
SWISSMLTRY.NS,SWISSMLTRY,Consumer Cyclical,Apparel Manufacturing
SWSOLAR.NS,SWSOLAR,Technology,Solar
SYMBIOTEC.NS,SYMBIOTEC,Healthcare,Drug Manufacturers - General
SYMPHONY.NS,SYMPHONY,Consumer Cyclical,"Furnishings, Fixtures & Appliances"
SYNCOMF.NS,SYNCOMF,Healthcare,Drug Manufacturers - Specialty & Generic
SYNGENE.NS,SYNGENE,Healthcare,Diagnostics & Research
SYNOPTICS.NS,Synoptics Technologies Limited,Technology,Information Technology Services
SYRMA.NS,SYRMA,Technology,Electronic Components
SYSTANGO.NS,Systango Technologies Limited,Technology,Information Technology Services
SYSTMTXC.NS,SYSTMTXC,Financial Services,Capital Markets
TAALTECH.NS,TAALTECH,Industrials,Airports & Air Services
TAC.NS,TAC Infosec Limited,Technology,Information Technology Services
TAINWALCHM.NS,TAINWALCHM,Basic Materials,Specialty Chemicals
TAJGVK.NS,TAJGVK,Consumer Cyclical,Lodging
TAKE.NS,TAKE,Healthcare,Health Information Services
TALBROAUTO.NS,TALBROAUTO,Consumer Cyclical,Auto Parts
TAMBOLIIN.NS,Tamboli Industries Limited,Industrials,Metal Fabrication
TANAA.NS,TANAA,Industrials,Aerospace & Defense
TANKUP.NS,TANKUP,Industrials,Specialty Industrial Machinery
TANLA.NS,TANLA,Technology,Software - Application
TARACHAND.NS,TARACHAND,Industrials,Farm & Heavy Construction Machinery
TARAPUR.NS,TARAPUR,Industrials,Specialty Industrial Machinery
TARC.NS,TARC,Real Estate,Real Estate - Development
TARIL.NS,TARIL,Industrials,Electrical Equipment & Parts
TARMAT.NS,TARMAT,Industrials,Engineering & Construction
TARSONS.NS,TARSONS,Healthcare,Medical Instruments & Supplies
TASTYBITE.NS,TASTYBITE,Consumer Defensive,Packaged Foods
TATACAP.NS,Tata Capital Limited,Financial Services,Credit Services
TATACHEM.NS,TATACHEM,Basic Materials,Chemicals
TATACOMM.NS,TATACOMM,Communication Services,Telecom Services
TATACONSUM.NS,TATACONSUM,Consumer Defensive,Packaged Foods
TATAELXSI.NS,TATAELXSI,Technology,Software - Application
TATAGOLD.NS,Tata Gold ETF,Financial Services,Exchange Traded Fund (ETF)
TATAINVEST.NS,TATAINVEST,Financial Services,Asset Management
TATAPOWER.NS,TATAPOWER,Utilities,Utilities - Independent Power Producers
TATASTEEL.NS,TATASTEEL,Basic Materials,Steel
TATATECH.NS,TATATECH,Technology,Information Technology Services
TATSILV.NS,Tata Silver ETF,Financial Services,Exchange Traded Fund (ETF)
TATVA.NS,TATVA,Basic Materials,Specialty Chemicals
TAURIAN.NS,TAURIAN,,
TBI.NS,TBI Corn Limited,Consumer Defensive,Packaged Foods
TBOTEK.NS,TBOTEK,Consumer Cyclical,Travel Services
TBZ.NS,TBZ,Consumer Cyclical,Luxury Goods
TCC.NS,TCC Concept Limited,Real Estate,Real Estate Services
TCI.NS,TCI,Industrials,Integrated Freight & Logistics
TCIEXP.NS,TCIEXP,Industrials,Integrated Freight & Logistics
TCIFINANCE.NS,TCI Finance Limited,Financial Services,Credit Services
TCL.NS,TCL,,
TCPLPACK.NS,TCPLPACK,Consumer Cyclical,Packaging & Containers
TCS.NS,TCS,Technology,Information Technology Services
TDPOWERSYS.NS,TDPOWERSYS,Industrials,Specialty Industrial Machinery
TEAMGTY.NS,TEAMGTY,Financial Services,Asset Management
TEAMLEASE.NS,TEAMLEASE,Industrials,Staffing & Employment Services
TEAMTECH.NS,TEAMTECH,,
TECH.NS,Aditya Birla Sun Life Nifty IT ETF,Financial Services,Exchange Traded Fund (ETF)
TECHD.NS,TECHD,,
TECHERA.NS,TECHERA,Industrials,Specialty Industrial Machinery
TECHLABS.NS,Trident Techlabs Limited,Technology,Information Technology Services
TECHM.NS,TECHM,Technology,Information Technology Services
TECHNOCRAF.NS,TECHNOCRAF,Industrials,Infrastructure Operations
TECHNOE.NS,TECHNOE,Industrials,Engineering & Construction
TECHNVISN.NS,TECHNVISN,Technology,Software - Application
TECILCHEM.NS,TECILCHEM,Financial Services,Shell Companies
TEGA.NS,TEGA,Industrials,Specialty Industrial Machinery
TEJA.NS,TEJA,,
TEJASNET.NS,TEJASNET,Technology,Communication Equipment
TEMBO.NS,TEMBO,Industrials,Metal Fabrication
TEMPSENS.NS,TEMPSENS INST (INDIA) LTD,Technology,Scientific & Technical Instruments
TENNIND.NS,TENNIND,Consumer Cyclical,Auto Parts
TERAI.NS,TERAI,Consumer Defensive,Farm Products
TERASOFT.NS,TERASOFT,Technology,Information Technology Services
TEXINFRA.NS,TEXINFRA,Real Estate,Real Estate Services
TEXMOPIPES.NS,TEXMOPIPES,Industrials,Building Products & Equipment
TEXRAIL.NS,TEXRAIL,Industrials,Railroads
TFCILTD.NS,TFCILTD,Financial Services,Credit Services
TFL.NS,TFL,Financial Services,Mortgage Finance
TGBHOTELS.NS,TGBHOTELS,Consumer Cyclical,Lodging
TGL.NS,TGL,,
TGVSL.NS,TGVSL,Basic Materials,Chemicals
THACKER.NS,THACKER,Financial Services,Asset Management
THAKDEV.NS,THAKDEV,Real Estate,Real Estate - Development
THANGAMAYL.NS,THANGAMAYL,Consumer Cyclical,Luxury Goods
THEINVEST.NS,THEINVEST,Financial Services,Capital Markets
THEJO.NS,THEJO,Industrials,Specialty Industrial Machinery
THELEELA.NS,THELEELA,Consumer Cyclical,Lodging
THEMISMED.NS,THEMISMED,Healthcare,Drug Manufacturers - Specialty & Generic
THERMAX.NS,THERMAX,Industrials,Conglomerates
THESL.NS,THESL,Communication Services,Entertainment
THOMASCOOK.NS,THOMASCOOK,Consumer Cyclical,Travel Services
THOMASCOTT.NS,THOMASCOTT,Consumer Cyclical,Textile Manufacturing
THYROCARE.NS,Thyrocare Technologies Limited,Healthcare,Diagnostics & Research
TI.NS,TI,Consumer Defensive,Beverages - Wineries & Distilleries
TICL.NS,TICL,Industrials,Engineering & Construction
TIGERLOGS.NS,TIGERLOGS,Industrials,Integrated Freight & Logistics
TIIL.NS,TIIL,Industrials,Tools & Accessories
TIINDIA.NS,TIINDIA,Industrials,Conglomerates
TIJARIA.NS,TIJARIA,Industrials,Building Products & Equipment
TIL.NS,TIL,Industrials,Farm & Heavy Construction Machinery
TIMETECHNO.NS,TIMETECHNO,Consumer Cyclical,Packaging & Containers
TIMEX.NS,TIMEX,Consumer Cyclical,Luxury Goods
TIMKEN.NS,TIMKEN,Industrials,Tools & Accessories
TINNARUBR.NS,TINNARUBR,Basic Materials,Specialty Chemicals
TIPSFILMS.NS,TIPSFILMS,Communication Services,Entertainment
TIPSMUSIC.NS,TIPSMUSIC,Communication Services,Entertainment
TIRUMALCHM.NS,TIRUMALCHM,Basic Materials,Specialty Chemicals
TIRUPATI.NS,Shree Tirupati Balajee FIBC Limited,Industrials,Packaging & Containers
TIRUPATIFL.NS,TIRUPATIFL,Industrials,Metal Fabrication
TITAGARH.NS,TITAGARH,Industrials,Railroads
TITAN.NS,TITAN,Consumer Cyclical,Luxury Goods
TMB.NS,TMB,Financial Services,Banks - Regional
TMCV.NS,TMCV,Consumer Cyclical,Auto Manufacturers
TMPV.NS,TMPV,Consumer Cyclical,Auto Manufacturers
TNIDETF.NS,Tata Nifty India Digital ETF,Financial Services,Exchange Traded Fund (ETF)
TNPETRO.NS,TNPETRO,Basic Materials,Specialty Chemicals
TNPL.NS,TNPL,Basic Materials,Paper & Paper Products
TNTELE.NS,TNTELE,Technology,Communication Equipment
TOKYOPLAST.NS,TOKYOPLAST,Consumer Cyclical,Packaging & Containers
TOLINS.NS,TOLINS,Consumer Cyclical,Auto Parts
TOP100CASE.NS,Zerodha Nifty 100 ETF,Financial Services,Exchange Traded Fund (ETF)
TOP10ADD.NS,DSP Nifty Top 10 Equal Weight ETF,Financial Services,Exchange Traded Fund (ETF)
TOP15IETF.NS,ICICI Prudential Nifty Top 15 Equal Weight ETF,Financial Services,Exchange Traded Fund (ETF)
TOP20.NS,Mirae Asset Nifty Top 20 Equal Weight ETF,Financial Services,Exchange Traded Fund (ETF)
TORNTPHARM.NS,TORNTPHARM,Healthcare,Drug Manufacturers - Specialty & Generic
TORNTPOWER.NS,Torrent Power Limited,Utilities,Utilities - Independent Power Producers
TOTAL.NS,TOTAL,Industrials,Integrated Freight & Logistics
TOUCHWOOD.NS,TOUCHWOOD,Communication Services,Advertising Agencies
TOYAMSL.NS,TOYAMSL,Industrials,Conglomerates
TPHQ.NS,TPHQ,Industrials,Engineering & Construction
TPLPLASTEH.NS,TPLPLASTEH,Consumer Cyclical,Packaging & Containers
TRACXN.NS,TRACXN,Technology,Software - Application
TRANSCOR.NS,TRANSCOR,Financial Services,Capital Markets
TRANSPEK.NS,TRANSPEK,Basic Materials,Chemicals
TRANSRAILL.NS,TRANSRAILL,Industrials,Engineering & Construction
TRANSTEEL.NS,Transteel Seating Technologies Limited,Consumer Cyclical,Diversified
TRANSWORLD.NS,TRANSWORLD,Industrials,Marine Shipping
TRAVELFOOD.NS,TRAVELFOOD,Consumer Cyclical,Restaurants
TREEHOUSE.NS,TREEHOUSE,Consumer Defensive,Education & Training Services
TREJHARA.NS,TREJHARA,Technology,Software - Application
TREL.NS,TREL,Real Estate,Real Estate Services
TRENT.NS,TRENT,Consumer Cyclical,Apparel Retail
TRF.NS,TRF,Industrials,Specialty Industrial Machinery
TRIDENT.NS,TRIDENT,Consumer Cyclical,Textile Manufacturing
TRIDHYA.NS,TRIDHYA,,
TRIGYN.NS,TRIGYN,Technology,Information Technology Services
TRITONV.NS,TRITONV,Consumer Cyclical,Auto Parts
TRITURBINE.NS,TRITURBINE,Industrials,Specialty Industrial Machinery
TRIVENI.NS,TRIVENI,Consumer Defensive,Confectioners
TROM.NS,TROM,Industrials,Electrical Equipment & Parts
TRU.NS,TRU,Financial Services,Credit Services
TRUALT.NS,TRUALT,Energy,Oil & Gas Refining & Marketing
TRUST.NS,TRUST,,
TSC.NS,TSC,,
TSFINV.NS,TSFINV,Financial Services,Asset Management
TTKHLTCARE.NS,TTKHLTCARE,Healthcare,Drug Manufacturers - General
TTKPRESTIG.NS,TTK Prestige Limited,Consumer Cyclical,"Furnishings, Fixtures & Appliances"
TTL.NS,TTL,Consumer Cyclical,Textile Manufacturing
TTML.NS,TTML,Communication Services,Telecom Services
TUNWAL.NS,TUNWAL,,
TURTLEMINT.NS,TURTLEMINT,Financial Services,Insurance Brokers
TUTIALKA.NS,TUTIALKA,Basic Materials,Agricultural Inputs
TVSELECT.NS,TVSELECT,Technology,Computer Hardware
TVSHLTD.NS,TVSHLTD,Consumer Cyclical,Auto Parts
TVSMOTOR.NS,TVSMOTOR,Consumer Cyclical,Auto Manufacturers
TVSSCS.NS,TVSSCS,Industrials,Integrated Freight & Logistics
TVSSRICHAK.NS,TVS Srichakra Limited,Consumer Cyclical,Auto Parts
TVTODAY.NS,TVTODAY,Communication Services,Broadcasting
TVVISION.NS,TVVISION,Communication Services,Broadcasting
TWCGOLDETF.NS,The Wealth Company Gold ETF,Financial Services,Exchange Traded Fund (ETF)
UBL.NS,UBL,Consumer Defensive,Beverages - Brewers
UCAL.NS,UCAL,Consumer Cyclical,Auto Parts
UCL.NS,UCL,,
UCOBANK.NS,UCOBANK,Financial Services,Banks - Regional
UDAYJEW.NS,UDAYJEW,Consumer Cyclical,Luxury Goods
UDS.NS,UDS,Industrials,Specialty Business Services
UEL.NS,UEL,Technology,Solar
UFBL.NS,UFBL,Consumer Cyclical,Restaurants
UFLEX.NS,UFLEX,Consumer Cyclical,Packaging & Containers
UFO.NS,UFO,Communication Services,Entertainment
UGARSUGAR.NS,UGARSUGAR,Consumer Defensive,Confectioners
UGROCAP.NS,UGRO Capital Limited,Financial Services,Credit Services
UJJIVANSFB.NS,UJJIVANSFB,Financial Services,Banks - Regional
ULTRACEMCO.NS,ULTRACEMCO,Basic Materials,Building Materials
ULTRAMAR.NS,ULTRAMAR,Basic Materials,Specialty Chemicals
UMESLTD.NS,UMESLTD,Consumer Defensive,Education & Training Services
UMIYA-MRO.NS,UMIYA-MRO,Technology,Communication Equipment
UNICHEMLAB.NS,UNICHEMLAB,Healthcare,Drug Manufacturers - Specialty & Generic
UNIDT.NS,UNIDT,Energy,Oil & Gas Equipment & Services
UNIECOM.NS,UNIECOM,Technology,Software - Application
UNIENTER.NS,UNIENTER,Basic Materials,Chemicals
UNIHEALTH.NS,Unihealth Hospitals Limited,Healthcare,Medical Care Facilities
UNIINFO.NS,UNIINFO,Communication Services,Telecom Services
UNILEX.NS,UNILEX,,
UNIMECH.NS,UNIMECH,Industrials,Aerospace & Defense
UNIONBANK.NS,UNIONBANK,Financial Services,Banks - Regional
UNIONGOLD.NS,Union Gold ETF,Financial Services,Exchange Traded Fund (ETF)
UNIPARTS.NS,UNIPARTS,Industrials,Farm & Heavy Construction Machinery
UNITDSPR.NS,UNITDSPR,Consumer Defensive,Beverages - Wineries & Distilleries
UNITECH.NS,UNITECH,Real Estate,Real Estate - Diversified
UNITEDPOLY.NS,UNITEDPOLY,Consumer Cyclical,Textile Manufacturing
UNITEDTEA.NS,UNITEDTEA,Consumer Defensive,Farm Products
UNIVASTU.NS,UNIVASTU,Industrials,Engineering & Construction
UNIVCABLES.NS,UNIVCABLES,Industrials,Electrical Equipment & Parts
UNIVPHOTO.NS,UNIVPHOTO,Healthcare,Medical Devices
UNOMINDA.NS,UNOMINDA,Consumer Cyclical,Auto Parts
UPHOT.NS,UPHOT,Consumer Cyclical,Lodging
UPL.NS,UPL,Basic Materials,Agricultural Inputs
URAVIDEF.NS,URAVIDEF,Consumer Cyclical,Auto Parts
URBAN.NS,URBAN,,
URBANCO.NS,URBANCO,Technology,Software - Application
URJA.NS,URJA,Technology,Solar
USHAFIN.NS,USHAFIN,Financial Services,Credit Services
USHAMART.NS,USHAMART,Basic Materials,Steel
USK.NS,USK,Industrials,Engineering & Construction
UTIAMC.NS,UTIAMC,Financial Services,Asset Management
UTKAL.NS,UTKAL,,
UTKARSHBNK.NS,UTKARSHBNK,Financial Services,Banks - Regional
UTLSOLAR.NS,UTLSOLAR,Technology,Solar
UTSSAV.NS,UTSSAV,Consumer Cyclical,Luxury Goods
UTTAMSUGAR.NS,UTTAMSUGAR,Consumer Defensive,Confectioners
UYFINCORP.NS,UYFINCORP,Financial Services,Credit Services
V2RETAIL.NS,V2RETAIL,Consumer Cyclical,Apparel Retail
VADILALIND.NS,VADILALIND,Consumer Defensive,Packaged Foods
VADILENT.NS,VADILENT,Consumer Defensive,Food Distribution
VAIBHAVGBL.NS,VAIBHAVGBL,Consumer Cyclical,Luxury Goods
VAISHALI.NS,VAISHALI,Healthcare,Drug Manufacturers - Specialty & Generic
VAKRANGEE.NS,VAKRANGEE,Technology,Information Technology Services
VAL30IETF.NS,ICICI Prudential Nifty200 Value 30 ETF,Financial Services,Exchange Traded Fund (ETF)
VALIANTLAB.NS,VALIANTLAB,Healthcare,Drug Manufacturers - Specialty & Generic
VALIANTORG.NS,VALIANTORG,Basic Materials,Chemicals
VALUE.NS,Mirae Asset Nifty 500 Value 50 ETF,Financial Services,Exchange Traded Fund (ETF)
VALUE360.NS,VALUE360,,
VALUEAXIS.NS,Axis Nifty500 Value 50 ETF,Financial Services,Exchange Traded Fund (ETF)
VAML.NS,VAML,Basic Materials,Aluminum
VARDHACRLC.NS,VARDHACRLC,Consumer Cyclical,Textile Manufacturing
VARDMNPOLY.NS,VARDMNPOLY,Consumer Cyclical,Textile Manufacturing
VARROC.NS,VARROC,Consumer Cyclical,Auto Parts
VASCONEQ.NS,VASCONEQ,Industrials,Engineering & Construction
VASUPRADA.NS,VASUPRADA,Consumer Defensive,Farm Products
VASWANI.NS,VASWANI,Basic Materials,Steel
VBL.NS,VBL,Consumer Defensive,Beverages - Non-Alcoholic
VCL.NS,VCL,Consumer Cyclical,Textile Manufacturing
VDEAL.NS,VDEAL,Industrials,Electrical Equipment & Parts
VEDAVAAG.NS,VEDAVAAG,Technology,Information Technology Services
VEDL.NS,VEDL,Basic Materials,Other Industrial Metals & Mining
VEDPOWER.NS,VEDPOWER,Utilities,Utilities - Independent Power Producers
VEEDOL.NS,VEEDOL,Basic Materials,Specialty Chemicals
VEEGALAND.NS,VEEGALAND,Real Estate,Real Estate - Diversified
VEEKAYEM.NS,VEEKAYEM,,
VELJAN.NS,VELJAN,Industrials,Specialty Industrial Machinery
VENKEYS.NS,VENKEYS,Consumer Defensive,Farm Products
VENTIVE.NS,VENTIVE,Consumer Cyclical,Lodging
VENUSPIPES.NS,VENUSPIPES,Basic Materials,Steel
VENUSREM.NS,VENUSREM,Healthcare,Drug Manufacturers - Specialty & Generic
VERANDA.NS,VERANDA,Consumer Defensive,Education & Training Services
VERTOZ.NS,VERTOZ,Technology,Software - Infrastructure
VESUVIUS.NS,VESUVIUS,Industrials,Specialty Industrial Machinery
VETO.NS,VETO,Industrials,Electrical Equipment & Parts
VGCL.NS,VGCL,Financial Services,Capital Markets
VGINFOTECH.NS,VGINFOTECH,Technology,Information Technology Services
VGL.NS,VGL,Consumer Cyclical,Textile Manufacturing
VGUARD.NS,VGUARD,Industrials,Electrical Equipment & Parts
VHL.NS,VHL,Financial Services,Credit Services
VHLTD.NS,VHLTD,Consumer Cyclical,Lodging
VIAZ.NS,VIAZ,,
VICTORYEV.NS,VICTORYEV,,
VIDHIING.NS,VIDHIING,Basic Materials,Specialty Chemicals
VIDYAWIRES.NS,VIDYAWIRES,Industrials,Electrical Equipment & Parts
VIESL.NS,VIESL,Industrials,Industrial Distribution
VIGOR.NS,VIGOR,,
VIJAYA.NS,VIJAYA,Healthcare,Diagnostics & Research
VIJAYPD.NS,VIJAYPD,,
VIJIFIN.NS,VIJIFIN,Financial Services,Credit Services
VIJSOLX.NS,VIJSOLX,Consumer Defensive,Packaged Foods
VIKASECO.NS,VIKASECO,Basic Materials,Specialty Chemicals
VIKASLIFE.NS,VIKASLIFE,Consumer Defensive,Farm Products
VIKRAMSOLR.NS,VIKRAMSOLR,Technology,Solar
VIKRAN.NS,VIKRAN,Industrials,Engineering & Construction
VILAS.NS,Vilas Transcore Limited,,
VILINBIO.NS,Vilin Bio Med Limited,,
VIMTALABS.NS,VIMTALABS,Healthcare,Diagnostics & Research
VINATIORGA.NS,VINATIORGA,Basic Materials,Specialty Chemicals
VINCOFE.NS,VINCOFE,Consumer Defensive,Beverages - Non-Alcoholic
VINDHYATEL.NS,VINDHYATEL,Industrials,Engineering & Construction
VINEETLAB.NS,VINEETLAB,Basic Materials,Chemicals
VINNY.NS,VINNY,Consumer Cyclical,Textile Manufacturing
VINOD.NS,VINOD,,
VINSYS.NS,Vinsys IT Services India Limited,,
VINYAS.NS,Vinyas Innovative Technologies Limited,Electronics,Electronic Components
VINYLINDIA.NS,VINYLINDIA,Basic Materials,Specialty Chemicals
VIPCLOTHNG.NS,VIPCLOTHNG,Consumer Cyclical,Apparel Manufacturing
VIPIND.NS,VIPIND,Consumer Cyclical,Footwear & Accessories
VIPULLTD.NS,VIPULLTD,Real Estate,Real Estate - Diversified
VIRAT.NS,VIRAT,Consumer Cyclical,Apparel Manufacturing
VIRINCHI.NS,VIRINCHI,Technology,Software - Application
VIRTUALG.NS,VIRTUALG,Consumer Defensive,Education & Training Services
VISACHROME.NS,VISACHROME,Basic Materials,Steel
VISAKAIND.NS,VISAKAIND,Industrials,Building Products & Equipment
VISAMAN.NS,Visaman Global Sales Limited,Industrials,Industrial Distribution
VISDEM.NS,VISDEM,,
VISHAL.NS,VISHAL,Consumer Cyclical,Textile Manufacturing
VISHNU.NS,VISHNU,Basic Materials,Specialty Chemicals
VISHNUINFR.NS,Vishnusurya Projects and Infra Limited,Basic Materials,Mining / Minerals
VISHWARAJ.NS,VISHWARAJ,Consumer Defensive,Confectioners
VISHWAS.NS,Vishwas Agri Seeds Limited,Consumer Defensive,Diversified
VISL.NS,VISL,Basic Materials,Steel
VITAL.NS,VITAL,Basic Materials,Specialty Chemicals
VIVIANA.NS,VIVIANA,Industrials,Engineering & Construction
VIVIDEL.NS,VIVIDEL,,
VIVIDHA.NS,VIVIDHA,Consumer Cyclical,Textile Manufacturing
VIVIMEDLAB.NS,VIVIMEDLAB,Healthcare,Drug Manufacturers - Specialty & Generic
VIVOBIOT.NS,VIVOBIOT,Healthcare,Biotechnology
VIYASH.NS,Viyash Scientific Limited,Healthcare,Drug Manufacturers - Specialty & Generic
VLEGOV.NS,VLEGOV,Technology,Information Technology Services
VLSFINANCE.NS,VLSFINANCE,Financial Services,Capital Markets
VMARCIND.NS,VMARCIND,,
VMART.NS,VMART,Consumer Cyclical,Department Stores
VMM.NS,VMM,Consumer Cyclical,Department Stores
VMOBILE.NS,VMOBILE,,
VMSTMT.NS,VMSTMT,Basic Materials,Steel
VOEPL.NS,VOEPL,Technology,Consumer Electronics
VOGL.NS,VOGL,Basic Materials,Other Industrial Metals & Mining
VOITHPAPR.NS,VOITHPAPR,Basic Materials,Paper & Paper Products
VOLERCAR.NS,VOLERCAR,Miscellaneous,Trucking
VOLTAMP.NS,VOLTAMP,Industrials,Electrical Equipment & Parts
VOLTAS.NS,VOLTAS,Consumer Cyclical,"Furnishings, Fixtures & Appliances"
VPRPL.NS,VPRPL,Industrials,Engineering & Construction
VR.NS,V R Infraspace Limited,,
VRAJ.NS,VRAJ,Basic Materials,Steel
VRLLOG.NS,VRLLOG,Industrials,Trucking
VSSL.NS,VSSL,Basic Materials,Steel
VSTIND.NS,VSTIND,Consumer Defensive,Tobacco
VSTL.NS,VSTL,Basic Materials,Steel
VSTTILLERS.NS,VSTTILLERS,Industrials,Farm & Heavy Construction Machinery
VTL.NS,VTL,Consumer Cyclical,Textile Manufacturing
VTMLTD.NS,VTMLTD,Consumer Cyclical,Textile Manufacturing
WAAREEENER.NS,WAAREEENER,Technology,Solar
WAAREEINDO.NS,WAAREEINDO,Technology,Solar
WAAREERTL.NS,WAAREERTL,Industrials,Engineering & Construction
WABAG.NS,WABAG,Industrials,Engineering & Construction
WAKEFIT.NS,WAKEFIT,Consumer Cyclical,"Furnishings, Fixtures & Appliances"
WALCHANNAG.NS,WALCHANNAG,Industrials,Engineering & Construction
WALPAR.NS,Walpar Nutritions Limited,Healthcare,Drug Manufacturers - General
WANBURY.NS,WANBURY,Healthcare,Drug Manufacturers - Specialty & Generic
WARDINMOBI.NS,WARDINMOBI,Consumer Cyclical,Auto Manufacturers
WATERBASE.NS,WATERBASE,Consumer Defensive,Packaged Foods
WCIL.NS,WCIL,Industrials,Integrated Freight & Logistics
WEALTH.NS,WEALTH,Financial Services,Capital Markets
WEBELSOLAR.NS,WEBELSOLAR,Technology,Solar
WEIZMANIND.NS,WEIZMANIND,Consumer Cyclical,Textile Manufacturing
WEL.NS,WEL,Consumer Cyclical,"Furnishings, Fixtures & Appliances"
WELCORP.NS,WELCORP,Basic Materials,Steel
WELENT.NS,WELENT,Industrials,Engineering & Construction
WELINV.NS,WELINV,Financial Services,Capital Markets
WELSPLSOL.NS,Welspun Specialty Solutions Limited,Basic Materials,Steel
WELSPUNLIV.NS,WELSPUNLIV,Consumer Cyclical,Textile Manufacturing
WENDT.NS,WENDT,Industrials,Tools & Accessories
WESTLIFE.NS,WESTLIFE,Consumer Cyclical,Restaurants
WEWIN.NS,WEWIN,Technology,Information Technology Services
WEWORK.NS,WEWORK,Real Estate,Real Estate Services
WHBRADY.NS,WHBRADY,Industrials,Industrial Distribution
WHEELS.NS,WHEELS,Consumer Cyclical,Auto Parts
WHIRLPOOL.NS,WHIRLPOOL,Consumer Cyclical,"Furnishings, Fixtures & Appliances"
WILLAMAGOR.NS,WILLAMAGOR,Financial Services,Credit Services
WINDLAS.NS,WINDLAS,Healthcare,Drug Manufacturers - Specialty & Generic
WINDMACHIN.NS,WINDMACHIN,Industrials,Specialty Industrial Machinery
WINSOL.NS,WINSOL,,
WIPL.NS,WIPL,Basic Materials,Lumber & Wood Production
WIPRO.NS,WIPRO,Technology,Information Technology Services
WOCKPHARMA.NS,WOCKPHARMA,Healthcare,Drug Manufacturers - Specialty & Generic
WOL3D.NS,WOL3D,Industrials,Industrial Distribution
WOMANCART.NS,Womancart Limited,Consumer Cyclical,Industrial Distribution
WONDERLA.NS,WONDERLA,Consumer Cyclical,Leisure
WORTHPERI.NS,WORTHPERI,Consumer Cyclical,Packaging & Containers
WPIL.NS,WPIL,Industrials,Specialty Industrial Machinery
WSI.NS,WSI,Industrials,Engineering & Construction
WSTCSTPAPR.NS,WSTCSTPAPR,Basic Materials,Paper & Paper Products
WTICAB.NS,Wise Travel India Limited,Consumer Cyclical,Trucking
XCHANGING.NS,XCHANGING,Technology,Information Technology Services
XELPMOC.NS,XELPMOC,Technology,Information Technology Services
XPROINDIA.NS,XPROINDIA,Basic Materials,Specialty Chemicals
XTGLOBAL.NS,XTGLOBAL,Technology,Software - Application
XTRANET.NS,XTRANET,Technology,Information Technology Services
YAAP.NS,YAAP,,
YASHO.NS,YASHO,Basic Materials,Specialty Chemicals
YASHOPTICS.NS,Yash Optics & Lens Limited,Consumer Defensive,Household & Personal Products
YATHARTH.NS,YATHARTH,Healthcare,Medical Care Facilities
YATRA.NS,YATRA,Consumer Cyclical,Travel Services
YCCL.NS,YCCL,,
YESBANK.NS,YESBANK,Financial Services,Banks - Regional
YOGI.NS,YOGI,Real Estate,Real Estate - Development
YUKEN.NS,YUKEN,Industrials,Specialty Industrial Machinery
ZAGGLE.NS,ZAGGLE,Technology,Software - Infrastructure
ZEAL.NS,ZEAL,,
ZEEL.NS,ZEEL,Communication Services,Broadcasting
ZEELEARN.NS,ZEELEARN,Consumer Defensive,Education & Training Services
ZEEMEDIA.NS,ZEEMEDIA,Communication Services,Broadcasting
ZENITHDRUG.NS,Zenith Drugs Limited,Healthcare,Drug Manufacturers - Specialty & Generic
ZENITHEXPO.NS,ZENITHEXPO,Consumer Cyclical,Textile Manufacturing
ZENITHSTL.NS,ZENITHSTL,Basic Materials,Steel
ZENSARTECH.NS,ZENSARTECH,Technology,Information Technology Services
ZENTEC.NS,ZENTEC,Industrials,Aerospace & Defense
ZFCVINDIA.NS,ZFCVINDIA,Consumer Cyclical,Auto Parts
ZFSTEERING.NS,ZFSTEERING,Consumer Cyclical,Auto Parts
ZIMLAB.NS,ZIMLAB,Healthcare,Drug Manufacturers - Specialty & Generic
ZODIAC.NS,ZODIAC,,
ZODIACLOTH.NS,ZODIACLOTH,Consumer Cyclical,Apparel Manufacturing
ZOTA.NS,ZOTA,Healthcare,Biotechnology
ZSARACOM.NS,ZSARACOM,Financial Services,Asset Management
ZTECH.NS,Z-Tech (India) Limited,Communication Services,Leisure
ZUARI.NS,ZUARI,Basic Materials,Agricultural Inputs
ZUARIIND.NS,ZUARIIND,Industrials,Conglomerates
ZYDUSLIFE.NS,ZYDUSLIFE,Healthcare,Drug Manufacturers - Specialty & Generic
ZYDUSWELL.NS,ZYDUSWELL,Consumer Defensive,Packaged Foods
